Time (s),PPG_Red,PPG_IR,ECG_Raw,Resample Time (s),PPG_Red_Clean,PPG_IR_Clean,ECG_Clean,Suhu Obj,Suhu Amb
0.0,-0.0019921132148849187,-0.0004399987657969623,-3.808029572524e-05,0.0,0.00010966611116083881,-0.00013854285907763183,0.0006050226795664722,36.5,26.0
0.002500625156289072,-0.0008060481456046408,-0.0012891878689056924,-0.0008207876608552347,0.008006405124099279,-1.4496495689156176e-05,-0.00015552986250903434,0.0005310573165480224,36.5,26.0
0.005001250312578144,-3.7727682775922124e-05,-0.0001898373651977818,0.0005000028497147983,0.016012810248198558,-0.00011832590429704892,-0.00018943892495238066,0.0004694324873471304,36.5,26.0
0.007501875468867217,0.00013487020852104398,0.00012611801502969557,0.00020541595159695848,0.024019215372297835,-0.0002018221146628395,-0.00024027004640767084,0.0004201481919637961,36.5,26.0
0.010002500625156289,3.43314575269477e-05,-0.0007623419056603101,0.0011807141768764302,0.032025620496397116,-0.00026498512678652775,-0.00030802322687490486,0.0003832044303980195,36.5,26.0
0.01250312578144536,-0.00045369010145615557,-1.5197104419965937e-05,0.0019874572493142726,0.040032025620496396,-0.0003078149406681146,-0.00039269846635408374,0.0003586012026498019,36.5,26.0
0.015003750937734433,-4.174001267303589e-05,0.0015920010147565246,-0.00015060027279844348,0.04803843074459567,-0.0002976398124877037,-0.0004990440916952658,0.00021022546143837536,36.5,26.0
0.017504376094023506,0.0005869718558746583,-0.0011004769852198846,0.001476560356882446,0.05604483586869495,-0.00028397981763089616,-0.0006377582002035906,0.00016370185895541893,36.5,26.0
0.020005001250312578,0.00041192618586299515,-0.0005633956648199025,0.0024504445088539524,0.06405124099279423,-0.00028615228376521724,-0.0007834905289524666,0.0002793958002687887,36.5,26.0
0.02250562640660165,-0.0011603934873258106,-3.7249377010839237e-05,0.0022397595882396285,0.07205764611689351,-0.0003081783315368503,-0.0008938448193630661,0.0003868766599642583,36.5,26.0
0.02500625156289072,-0.0004125130423547506,0.0002513898657937519,-0.00048813046208657726,0.08006405124099279,-0.00034222255309569906,-0.0009391740366952704,0.00030728300453824315,36.5,26.0
0.027506876719179795,-0.0006994961041086491,-0.000344091940576719,0.0004996214270715305,0.08807045636509207,-0.0003785725850905564,-0.0009202340332682862,0.0001885408800501443,36.5,26.0
0.030007501875468866,0.0005998294753268122,-0.0006889761132426202,0.00016834664371939158,0.09607686148919134,-0.00041035424647398975,-0.0008588705475820301,0.0001968785714152319,36.5,26.0
0.03250812703175794,-0.0013713847559372848,-0.000558563809227148,-0.0010873636671516666,0.10408326661329062,-0.0004326717082000208,-0.0007784214634791577,0.00023053134334163254,36.5,26.0
0.03500875218804701,0.0005052670180395427,-0.0012927890830598374,-0.0009168965910791242,0.1120896717373899,-0.0004436830604623717,-0.0006926942542968721,0.0001948151900613366,36.5,26.0
0.037509377344336084,9.393825328208349e-05,-0.0016122180858676974,0.00021933052721145744,0.12009607686148918,-0.0004468331430558438,-0.0006099805377495323,0.00013233158212217334,36.5,26.0
0.040010002500625155,0.00012551959444726348,0.0008458366819291273,0.00032373681573295154,0.12810248198558846,-0.0004500981973444768,-0.0005401077790700968,5.592748104618617e-05,36.5,26.0
0.04251062765691423,-0.0007831060674725611,-7.931063714000933e-05,-0.0017677317007146567,0.13610888710968774,-0.0004633675886476049,-0.0004894638045902292,-4.082347726694718e-05,36.5,26.0
0.0450112528132033,0.0012222024757441012,-0.0005213568216570659,-0.0002805921521274326,0.14411529223378702,-0.0004913861922710486,-0.0004557430521093783,-0.0001383440773512074,36.5,26.0
0.04751187796949237,-9.59437362024509e-05,0.001383100831471018,0.0003192611574837904,0.1521216973578863,-0.0005252656402242161,-0.00044019941924762,-0.00024388091575954404,36.5,26.0
0.05001250312578144,0.0009622293153334062,-0.0014448634939041424,5.822825142190636e-05,0.16012810248198558,-0.0005433726191705402,-0.0004575861501353311,-0.0003312948559103386,36.5,26.0
0.05251312828207052,0.0005633971201280894,-0.0013497371466433385,0.0009496214319225816,0.16813450760608487,-0.0005232478400457303,-0.0005201329971247185,-0.0003402102124120432,36.5,26.0
0.05501375343835959,-0.0008683719638869038,0.0003279643352951316,0.0007372865997062332,0.17614091273018415,-0.0004558380300248577,-0.0006154463047563925,-0.0003121874205569945,36.5,26.0
0.05751437859464866,-0.001650008636564588,-8.025190525495753e-05,-0.0007147029506272734,0.18414731785428343,-0.00035099623836723633,-0.000705516295645257,-0.0003222300976086179,36.5,26.0
0.06001500375093773,0.0015529749244286826,0.0012507166635678225,0.0001378105775936129,0.19215372297838268,-0.00023132293438446634,-0.0007484149756032986,-0.00032789566788446055,36.5,26.0
0.06251562890722681,-0.002209404646346138,0.0001794339435689,0.0014640999454727864,0.20016012810248196,-0.00012112652016122932,-0.0007257517499708523,-0.00027190881894241476,36.5,26.0
0.06501625406351588,0.0004724743828558242,-0.0001224348583842705,-0.00046141743097709396,0.20816653322658124,-3.9838195246881726e-05,-0.0006512096605286082,-0.00021002229910263394,36.5,26.0
0.06751687921980495,-0.00031893471732502863,-0.00026400421059568025,3.9671106398461324e-05,0.21617293835068052,-2.855652887405637e-06,-0.0005577692222726943,-0.0001988252490627374,36.5,26.0
0.07001750437609403,2.1494566207161632e-05,0.0016210938731807012,0.0005792197082399297,0.2241793434747798,-2.106380503328807e-05,-0.000484635712467987,-0.00017047231843575684,36.5,26.0
0.0725181295323831,0.001038947941406959,0.0009068447133110721,0.0011938439404504592,0.23218574859887908,-9.353284008129542e-05,-0.0004665400808932334,-6.993654488830905e-05,36.5,26.0
0.07501875468867217,-0.0008073054409826489,0.000997570141017056,0.001213073738377486,0.24019215372297836,-0.00020122729133311622,-0.0005143634374007643,-8.746346404905629e-06,36.5,26.0
0.07751937984496124,-0.0009574197474616117,-0.0002150186193817819,-5.634856079705577e-05,0.24819855884707764,-0.00031346838218428944,-0.000603525889758408,-9.485880951977326e-05,36.5,26.0
0.08002000500125031,-0.0006367390467566683,3.919367254525874e-05,0.0008005589650836486,0.2562049639711769,-0.00040468200584209716,-0.0006900167147893234,-0.00023244016281273274,36.5,26.0
0.08252063015753938,-6.0930374354483076e-05,-0.00040922080287171677,4.2030189506287076e-05,0.2642113690952762,-0.00046105533280562196,-0.0007347493824879899,-0.0002509596582639868,36.5,26.0
0.08502125531382845,0.00031722262602857065,-0.0005725308117366655,-0.0004714900855176928,0.2722177742193755,-0.00047429113932619604,-0.000715576444898429,-0.00014031585766119474,36.5,26.0
0.08752188047011752,-0.0007167278671493801,0.0004860509150360136,-0.0011228631584150595,0.28022417934347477,-0.0004426464030141892,-0.0006339074724048262,-7.059065035549873e-05,36.5,26.0
0.0900225056264066,-0.0008058943894206134,0.0016251253487459013,0.0002956077092774368,0.28823058446757405,-0.00037794243054454536,-0.0005166147851041785,-0.0001680852436621819,36.5,26.0
0.09252313078269567,0.0011831986085787897,0.0026279489793057634,-0.0006192471274277632,0.2962369895916733,-0.00030289332289349334,-0.00040433728645223514,-0.00030825619445678956,36.5,26.0
0.09502375593898474,0.0012582093670414143,0.0015831210280811516,0.0004962816778753617,0.3042433947157726,-0.00024439668672741584,-0.00033141479462132646,-0.0002819569846300358,36.5,26.0
0.09752438109527381,0.0015299090641817256,-0.0002310508265070392,0.0005613371146100019,0.3122497998398719,-0.00022861550695418967,-0.0003084705712118147,-0.00012407403930962484,36.5,26.0
0.10002500625156288,-0.0016639114953067415,-0.0002309234337494156,0.00026828681742808243,0.32025620496397117,-0.0002702099424377413,-0.000318945131735346,-2.087014023958238e-05,36.5,26.0
0.10252563140785197,0.0013222551675010194,-0.001094242373257092,-0.00018131888450867236,0.32826261008807045,-0.0003620898349563319,-0.00033905880966682766,1.4468366247392756e-05,36.5,26.0
0.10502625656414104,-0.001004352808651594,-0.0019596867832286646,-0.000281932845606251,0.33626901521216973,-0.00047731754319762154,-0.0003603401388388962,0.0001084623743962987,36.5,26.0
0.10752688172043011,0.0008627371078229236,0.0007788191236305752,-0.000490524824645981,0.344275420336269,-0.0005791680210691512,-0.0003849181623249686,0.00028588520995621554,36.5,26.0
0.11002750687671918,0.00045004542624880464,0.0007305988403735554,-0.00017243934358862658,0.3522818254603683,-0.0006356147508882368,-0.0004089374591850658,0.0004238399132387,36.5,26.0
0.11252813203300825,8.868005290817736e-05,-0.0008489893699657217,-0.00032509329982649305,0.3602882305844676,-0.0006326859039287847,-0.00042389740598458385,0.00038364057590507377,36.5,26.0
0.11502875718929732,5.350658844095447e-05,-0.0018687126983321692,-0.00067840146335551,0.36829463570856685,-0.0005727964781295615,-0.00042739697204744224,0.00018305833837928097,36.5,26.0
0.1175293823455864,-0.0013100959193418523,0.0021114882770190677,1.161683517784934e-05,0.37630104083266613,-0.0004653268248445999,-0.00042239987978838446,1.3991012827276332e-05,36.5,26.0
0.12003000750187547,-0.0006240035565251727,-0.00025447097053667953,0.0010170254639812041,0.38430744595676536,-0.00033015434662910604,-0.000409186969395023,-2.6792445292281697e-06,36.5,26.0
0.12253063265816454,-0.001760749021570673,0.00011531728539016825,0.0014845414747000098,0.39231385108086464,-0.00020143028874400592,-0.00038424961211090523,3.896391900042331e-05,36.5,26.0
0.12503125781445362,0.00046889121407197145,0.0013495283575663435,0.0016246794105204314,0.4003202562049639,-0.00010854033811981351,-0.00034901416282769016,2.017348611500314e-05,36.5,26.0
0.1275318829707427,0.0008810634561124752,-0.0011621772076399763,0.0011752752095721853,0.4083266613290632,-5.575775530440137e-05,-0.0003171340111051452,-6.38708178199948e-05,36.5,26.0
0.13003250812703177,0.000302268911352306,0.00019714212120000587,9.433754316132592e-05,0.4163330664531625,-2.884608559155519e-05,-0.0003064026823786447,-0.0001968812898364791,36.5,26.0
0.13253313328332084,-0.0006366220181034054,0.0016315318061241332,-0.0005876730141222845,0.42433947157726176,-1.3413258444847414e-05,-0.00032253083715568236,-0.0003632230099172422,36.5,26.0
0.1350337584396099,-0.00021877584318350754,-0.00011169038625839443,-0.0003868253044418837,0.43234587670136104,-2.031217720640517e-06,-0.00035407690601860025,-0.0004935944642232861,36.5,26.0
0.13753438359589898,0.0013045274037917513,0.0007768039940123883,-0.001624251906469416,0.4403522818254603,1.008132137209531e-05,-0.0003795943920530297,-0.0005473374629388643,36.5,26.0
0.14003500875218805,0.001071084113905862,0.000971533714883555,-0.0005128586440006274,0.4483586869495596,2.8582501567326736e-05,-0.0003787116123600996,-0.0005578335358097063,36.5,26.0
0.14253563390847712,-0.00014236099786560721,-0.0015457984820472295,-0.0012234822941732794,0.4563650920736589,5.311191508270822e-05,-0.00034550138806417206,-0.0005047147881982863,36.5,26.0
0.1450362590647662,-0.0007339288955576267,0.0017113008996571257,-2.753875409123009e-05,0.46437149719775817,6.849454098782642e-05,-0.00029415133028170865,-0.00030947452714104356,36.5,26.0
0.14753688422105526,-0.0011862673602184755,-0.0010964748507007137,0.0007304472522923547,0.47237790232185745,5.2030617408862725e-05,-0.0002451209897331457,-2.1949364737740346e-05,36.5,26.0
0.15003750937734434,-0.000938208048637318,-0.001872094348831697,-0.0009576966089610158,0.4803843074459567,-4.581450698217717e-06,-0.00020774683706069514,0.00019035042764776374,36.5,26.0
0.1525381345336334,0.0011027770967546326,-0.0027895141364042094,-0.000708150744049122,0.488390712570056,-8.380980027777932e-05,-0.00018005120984162555,0.00028473245814570117,36.5,26.0
0.15503875968992248,0.002524756401726304,3.7625343953961165e-05,-0.000711145040889782,0.4963971176941553,-0.00015442781972386724,-0.0001580888314435528,0.00035440311195710037,36.5,26.0
0.15753938484621155,-0.00010010793960423578,0.002569690526138568,-0.0019150338993786183,0.5044035228182546,-0.0001908068645626213,-0.00014167678153626477,0.00040035938735484853,36.5,26.0
0.16004001000250062,0.001320089848264637,0.0005573143107779877,-0.0004343800940963776,0.5124099279423538,-0.0001827976665496931,-0.00013222901276562394,0.00035506295304194816,36.5,26.0
0.1625406351587897,-0.0019077758362060877,-0.00022084024774421697,0.0010780734798926858,0.5204163330664531,-0.00013615493397306204,-0.00012353360099167862,0.00027234795409909003,36.5,26.0
0.16504126031507876,-0.002021023034509505,-0.0005994186346984857,0.0004905828552123096,0.5284227381905524,-7.035026133358519e-05,-0.00010291285834994962,0.00022803566384221874,36.5,26.0
0.16754188547136784,0.0011741525261262263,-0.00011770317496035619,-0.000124800853427013,0.5364291433146516,-1.496818396822504e-05,-6.988546735796843e-05,0.00015401333604567012,36.5,26.0
0.1700425106276569,-0.0005575929510180991,7.354121265908781e-05,0.0003743755864556626,0.544435548438751,1.7004822204429495e-06,-4.0674008560772734e-05,-2.944711798579345e-05,36.5,26.0
0.17254313578394598,0.000350714255490542,0.0002702741342759941,-0.0020574909217453605,0.5524419535628502,-3.0474741782266623e-05,-2.3296052183134138e-05,-0.00028046398737310857,36.5,26.0
0.17504376094023505,0.0011812807285224406,0.0010882112120874968,-0.00013743150792437043,0.5604483586869495,-9.314484474726327e-05,-2.1915160231910478e-06,-0.0005096063083755149,36.5,26.0
0.17754438609652412,-0.0013419525963825959,-0.0006758815782752632,-0.0002194461682108445,0.5684547638110488,-0.00014359805842821164,4.337807578921074e-05,-0.0006412032126329775,36.5,26.0
0.1800450112528132,0.0009919312545573727,-0.0009088060470314502,0.0002546262090911475,0.5764611689351481,-0.00013586779130571894,0.00011665664671308516,-0.0006653269958857559,36.5,26.0
0.18254563640910226,-0.0006277230892219915,0.0005622905426937454,0.00017269911475842415,0.5844675740592473,-4.860744619302775e-05,0.00020001328150237281,-0.0006640082075673475,36.5,26.0
0.18504626156539133,-2.9047193330545832e-05,-0.0012624663384348605,-0.00015486261251418103,0.5924739791833467,0.00010126949340417672,0.00026520928367484726,-0.0006495282027693397,36.5,26.0
0.1875468867216804,-0.000645493448861077,0.00011987760510610458,-0.0005575057100277317,0.6004803843074459,0.0002671935962398724,0.0002905601481535713,-0.0005186214757132972,36.5,26.0
0.19004751187796948,0.0015004029866811728,0.0008887480184983959,-0.0006758539300995627,0.6084867894315452,0.0003955006133204395,0.00027337715305601176,-0.0002837178811208592,36.5,26.0
0.19254813703425855,-0.00016710302682227093,0.0014936364452111956,-0.000284023963182685,0.6164931945556444,0.00044739353997021836,0.0002256097718278192,-0.00010210805367445971,36.5,26.0
0.19504876219054762,0.0008827714608294822,0.001000584664700355,6.064968670931399e-06,0.6244995996797438,0.0004112023655727127,0.00016399219953530843,-3.506504441435798e-05,36.5,26.0
0.1975493873468367,-0.0012418387565433944,0.0009820229595380024,-0.0010118886254530108,0.632506004803843,0.0003083485562000915,0.00011050850734283049,-6.325311769786706e-06,36.5,26.0
0.20005001250312576,0.0003480825297944788,0.0006825641910246554,-0.0012016906504903975,0.6405124099279423,0.00019064450765212483,9.135002852766111e-05,2.4485003788954373e-05,36.5,26.0
0.20255063765941486,-4.976122405253427e-05,0.0004835210200968565,-0.0003824449255197103,0.6485188150520416,0.00012053133710247028,0.00012176946700145513,3.53011351214031e-05,36.5,26.0
0.20505126281570393,-0.0021510819122365367,-0.00043021217514702017,-0.0016772606710446288,0.6565252201761409,0.00014165047984402145,0.00019500805260159044,6.106640537596095e-05,36.5,26.0
0.207551887971993,-0.0007428292803570643,-0.00013409668278070925,-0.0005395533853933055,0.6645316253002401,0.0002581777597927265,0.000286925038935285,0.0001628842900424284,36.5,26.0
0.21005251312828208,-0.0009138362094916134,0.002171753210447891,0.0015604335386990983,0.6725380304243395,0.0004317201675106523,0.0003651394270393268,0.0002794013033001913,36.5,26.0
0.21255313828457115,-0.0009582102648151351,-0.0004276240836153786,-0.0007958429459372817,0.6805444355484387,0.0005964927602842647,0.0004028447983599711,0.0002928317153625047,36.5,26.0
0.21505376344086022,-0.0007603889638461293,-0.00043096579867499366,-0.0007454273443546575,0.688550840672538,0.0006929824017260959,0.0003952254941357137,0.00025839682702870093,36.5,26.0
0.2175543885971493,-0.000944688704894947,-7.608643733961182e-05,-0.0007492877030021775,0.6965572457966372,0.0006992636542262685,0.00035735210472322365,0.0003405924429658706,36.5,26.0
0.22005501375343836,-0.000577949301358364,-0.00016914433519839522,0.00031798775772658806,0.7045636509207366,0.0006322065538818702,0.00030658099546205115,0.000509326089249739,36.5,26.0
0.22255563890972743,-0.00037074052085987524,-0.0004155584063904227,0.002329617120437981,0.7125700560448358,0.0005282627440181681,0.00025756274983788945,0.0005834434201803195,36.5,26.0
0.2250562640660165,0.001042482735707501,0.00013695025884348882,-0.0008803295709984279,0.7205764611689351,0.00042720287571450537,0.00022790092260471285,0.000526360926385627,36.5,26.0
0.22755688922230558,-0.00037864884796422226,0.0009789618026120528,0.0013643420051108006,0.7285828662930344,0.00036069918302960387,0.00023194747996822156,0.00042966741365079884,36.5,26.0
0.23005751437859465,-0.0005239776364170271,-0.0024587799768973654,-0.0006088821803616738,0.7365892714171337,0.00034329792314366617,0.00026873038297021913,0.00033144864294136717,36.5,26.0
0.23255813953488372,-2.91328392604953e-06,0.0005014686672080734,-0.00013830248809657808,0.7445956765412329,0.00036889522342784865,0.00032429261184605484,0.00019885127658737927,36.5,26.0
0.2350587646911728,-0.0011902064065330527,-0.0001490607831440185,-0.0013322423992203126,0.7526020816653323,0.0004135722136509967,0.0003838363837504101,-6.410538085259158e-06,36.5,26.0
0.23755938984746186,-0.00021959050921869274,-0.0010830220596500708,-0.000744580486401547,0.7606084867894315,0.0004475122028311403,0.00043811620995860086,-0.00023611358782281146,36.5,26.0
0.24006001500375093,0.0005946948097701117,0.00011879001822232569,0.0008501165391558152,0.7686148919135307,0.0004546031501071726,0.0004814166615254064,-0.0003474695872488744,36.5,26.0
0.24256064016004,-0.0015461651702968159,0.000723124442526015,0.001284307993048747,0.77662129703763,0.000441642255859447,0.0005041424267838487,-0.00028396570800505775,36.5,26.0
0.24506126531632907,0.00014684995698628303,0.0003913795840633083,-0.0009037901894574222,0.7846277021617293,0.00042711904075685547,0.0004906870309285495,-0.000172012868325105,36.5,26.0
0.24756189047261815,0.0005875065044245304,0.0001558705670488488,-0.002088658354204402,0.7926341072858286,0.0004269617638181833,0.00043127326844816065,-0.00012351786271239774,36.5,26.0
0.25006251562890724,0.0001360468856409387,0.0011173013979060998,-0.00021459918111157699,0.8006405124099278,0.0004507867183430962,0.00033351557322962506,-8.050707806708e-05,36.5,26.0
0.2525631407851963,-0.0015013167026513491,-0.001765855892888215,-0.002306574208363364,0.8086469175340272,0.0005016723100495069,0.00021930005583437263,-1.9530573162861436e-06,36.5,26.0
0.2550637659414854,0.0013445079806693543,0.0016368819085134892,0.0005488149807072973,0.8166533226581264,0.0005759668834607531,0.00011516524922707957,1.7389084223809983e-05,36.5,26.0
0.25756439109777446,-0.00027110251079479763,0.001030673641575827,0.0009263725141162706,0.8246597277822257,0.0006669383995968834,4.5930606150075766e-05,-2.9364320497404344e-05,36.5,26.0
0.26006501625406353,-0.0010820315518826596,-0.0013941725133171498,0.0012996198275317965,0.832666132906325,0.0007669316628233636,2.896165216198911e-05,-3.844148519577819e-05,36.5,26.0
0.2625656414103526,-0.0005326901352463744,0.0009892392651401733,-0.0008079293745938714,0.8406725380304243,0.0008654767792299922,6.786253951536098e-05,-5.062485090874855e-05,36.5,26.0
0.2650662665666417,0.001130996561996593,0.0015089335487708606,-0.0001107333722417052,0.8486789431545235,0.0009521297163709529,0.00014819309092984744,-0.00016352419520532889,36.5,26.0
0.26756689172293074,0.0007279615542757485,0.00021147193974823585,-0.0005240987370236082,0.8566853482786229,0.0010218940452532215,0.0002390464412522057,-0.0002926831584834292,36.5,26.0
0.2700675168792198,-0.0002487818676717573,0.0014143186921749032,0.00037269704223887317,0.8646917534027221,0.0010715127876704336,0.00030645748970866153,-0.00033780297326238323,36.5,26.0
0.2725681420355089,0.0001952570436119458,0.00048577084109053425,-0.000909885666478347,0.8726981585268214,0.0010910423414285512,0.0003314821226288067,-0.00033940115649112705,36.5,26.0
0.27506876719179796,-0.0005104649574388638,0.002382440858846534,0.0007667864056457865,0.8807045636509206,0.0010655984085072255,0.0003161198241998929,-0.0002840430616395152,36.5,26.0
0.27756939234808703,-0.0004422402817640423,0.00016908747503169074,-0.0015791078249506611,0.88871096877502,0.000988104282090352,0.00027753747431883894,-0.00012052062724715053,36.5,26.0
0.2800700175043761,0.0016294826047096023,0.0003471735099375375,-0.001186468905999539,0.8967173738991192,0.0008705270861784694,0.00023916744714118997,3.493347107922394e-05,36.5,26.0
0.28257064266066517,-0.0009574452678620849,-0.0028785748208268918,0.0005388215356540313,0.9047237790232185,0.0007409936802070473,0.00021658306432053206,9.263296863491937e-05,36.5,26.0
0.28507126781695424,-0.002435445686597524,-0.001228857440987519,-0.0009308650830850944,0.9127301841473178,0.0006249430149555029,0.00020724011368552017,0.00015038814481110405,36.5,26.0
0.2875718929732433,0.0013665429987849038,0.0007105415499283821,0.00023048990963271676,0.9207365892714171,0.0005308767405236203,0.00019759545774502391,0.00023255334822636965,36.5,26.0
0.2900725181295324,-0.00010758059713454996,-0.0005349944349168619,4.254446832344847e-05,0.9287429943955163,0.0004596229428556342,0.00017617144581479494,0.00025503208351624994,36.5,26.0
0.29257314328582146,0.0016202354439412547,0.000986163687214363,0.0010810847618135464,0.9367493995196157,0.00041582874657281776,0.0001399285554378816,0.00022872663310730994,36.5,26.0
0.29507376844211053,-0.0005121284974963278,0.0011933002504415093,-0.0013113147272397695,0.9447558046437149,0.00039648677207951733,9.48404883281721e-05,0.0001776495770357388,36.5,26.0
0.2975743935983996,0.00015402393601129203,-0.0001583622243447131,-0.000739605686178661,0.9527622097678142,0.0003814388092827977,5.117461950008595e-05,6.971778445099358e-05,36.5,26.0
0.30007501875468867,0.0009303944067648804,-0.0009732122771606696,0.0012026456313403572,0.9607686148919135,0.0003508008427987611,1.8518487070384562e-05,-4.960672442994044e-05,36.5,26.0
0.30257564391097774,-0.00016545000872509135,0.0004414163845861251,-0.001106468683598827,0.9687750200160128,0.0003023105811873451,6.410262572965396e-06,-0.00011268607904095684,36.5,26.0
0.3050762690672668,-0.0006868337522723666,0.00011753921117731458,0.0011801600060270998,0.976781425140112,0.0002468901725006205,2.307018325252451e-05,-0.00016318588280642027,36.5,26.0
0.3075768942235559,-0.001283502774381701,0.0011883948908929611,-0.000811104109070002,0.9847878302642114,0.00019877329447526068,6.721270325582852e-05,-0.00023024196021943492,36.5,26.0
0.31007751937984496,-0.001189624760420456,-0.0009106799593391722,-0.000308221049699372,0.9927942353883106,0.00017015584937227164,0.0001286868906813963,-0.00021014790226916844,36.5,26.0
0.31257814453613403,-0.0004684116644292705,-0.0008325725104282093,-0.0012488425806893438,1.00080064051241,0.0001661924204779369,0.00020362880200526046,-3.57133402448628e-05,36.5,26.0
0.3150787696924231,-0.000917100096700164,-0.00029851466324424733,-0.0010602692848911649,1.0088070456365092,0.00018260232550480315,0.00029913922790505087,0.000153294837185957,36.5,26.0
0.31757939484871217,-5.222662429366504e-05,-0.001259417064612308,-5.0006466877074824e-05,1.0168134507606084,0.00020687484688778983,0.0004154320328271988,0.00017017824888215452,36.5,26.0
0.32008002000500124,-0.001119426402223115,0.0009168174198353976,-0.0002844512556410409,1.0248198558847077,0.00022074401959893417,0.0005301621316450508,6.02023302262621e-05,36.5,26.0
0.3225806451612903,0.0017543462766394808,-0.00021029214220204576,-0.0009099839846473964,1.032826261008807,0.00020626067754925096,0.0006067693336164428,1.8597826371051877e-05,36.5,26.0
0.3250812703175794,0.000760892781640769,0.0003658137617503456,-0.0009099232324218518,1.0408326661329061,0.00015306331553529507,0.0006177503492245424,6.803506694083847e-05,36.5,26.0
0.32758189547386846,-0.00021026421134071356,-0.00022634729242630713,0.00030577575709374365,1.0488390712570055,6.06075412198354e-05,0.0005603160160812936,6.203148146447502e-05,36.5,26.0
0.3300825206301575,-0.0010053963026077446,0.0006407954835616344,-0.0005667407218097417,1.0568454763811048,-6.211207112616352e-05,0.00045339170474573376,-5.7218968356562566e-05,36.5,26.0
0.3325831457864466,-0.0005638559613325467,0.0010987006918996894,0.0015879790243097669,1.0648518815052042,-0.0001963230291681324,0.00032425348000815344,-0.00020925935505611195,36.5,26.0
0.33508377094273567,0.00037302465197721046,-0.0004352685531287741,0.0013240850427334318,1.0728582866293033,-0.000315756213032356,0.00019988203300377516,-0.0002924463083058954,36.5,26.0
0.33758439609902474,0.000248670029903336,-0.001138714059209472,-0.0001952302199200799,1.0808646917534026,-0.000392867773376763,0.00010512532543511414,-0.00026744811826566033,36.5,26.0
0.3400850212553138,-0.0007022900869561811,0.00048158095610885616,0.001299330169251933,1.088871096877502,-0.00040725159568630505,5.887338917509493e-05,-0.00020726977484658487,36.5,26.0
0.3425856464116029,-0.00047638482350634623,0.0012948111074587779,0.0004472349587180409,1.0968775020016013,-0.00035319740499301707,6.681855202236645e-05,-0.00021472276350411077,36.5,26.0
0.34508627156789196,-0.00018752355080334362,0.001564885031880561,0.0002924721177131292,1.1048839071257004,-0.00024393141508187942,0.00011684804975902973,-0.00024274365054650126,36.5,26.0
0.347586896724181,0.002312719184014283,8.215087409370175e-05,-0.0006263306127982105,1.1128903122497997,-0.00011133559654115926,0.00018209689691732592,-0.0001409734285001349,36.5,26.0
0.3500875218804701,-0.0002968195944672196,-0.0013152218556696943,-0.0004899390491087866,1.120896717373899,2.749184256605418e-06,0.0002337439506985133,8.673972570411576e-05,36.5,26.0
0.35258814703675917,0.0005171388626837086,0.0009888997048167905,0.0004554092008555408,1.1289031224979984,6.442214858656413e-05,0.00025584892229626836,0.00023570756424937727,36.5,26.0
0.35508877219304824,0.0017427001711946876,-0.0007822431824548024,-0.00013430678229636167,1.1369095276220975,6.225712818241588e-05,0.0002476988367400845,0.0001727790332002639,36.5,26.0
0.3575893973493373,0.00100380172322688,-0.0019030008183136989,0.0008926974101948778,1.1449159327461969,8.226362810666324e-06,0.00021126767936206217,1.0959986528009221e-05,36.5,26.0
0.3600900225056264,0.0007450172713336266,-0.00047535027799452126,-0.0006720608698770088,1.1529223378702962,-6.937917813927772e-05,0.000142210077038351,-9.901699407918603e-05,36.5,26.0
0.36259064766191546,-0.00018665925380165,0.0003478877616354655,0.00047549228783254365,1.1609287429943955,-0.0001357098779298294,4.008341845936227e-05,-0.00019141010990483053,36.5,26.0
0.3650912728182045,-0.001584179207135277,0.0010870230103760877,0.0004021565795916129,1.1689351481184946,-0.0001625963674794703,-7.657777225930641e-05,-0.00034452038283578474,36.5,26.0
0.3675918979744936,0.00045397170307510026,-4.6483885668761375e-05,0.00037971105280164177,1.176941553242594,-0.00014265176250411254,-0.00017614239019533888,-0.0005002180603698092,36.5,26.0
0.37009252313078267,0.0005446860624576002,-0.0004150404694078651,-0.0005416594191914219,1.1849479583666933,-9.502288208586302e-05,-0.0002384001791330485,-0.0005655859368680878,36.5,26.0
0.37259314828707174,0.0003052845482858783,0.0004975558501057654,0.001790106145963426,1.1929543634907926,-5.599381597092115e-05,-0.00026796057043023444,-0.0005232222071591198,36.5,26.0
0.3750937734433608,-0.00016148848775192747,0.0013626429798123453,-0.0005158118389881266,1.2009607686148918,-6.0651604762884627e-05,-0.0002824257478925461,-0.0003994455589274486,36.5,26.0
0.3775943985996499,0.000244012009241843,-0.00015445139482050946,0.0006651590774230714,1.208967173738991,-0.0001262383161166092,-0.0002935626030738098,-0.0002627269868757263,36.5,26.0
0.38009502375593895,-0.0015601640003875086,0.0011073915628249838,-0.00012288412073743846,1.2169735788630904,-0.00024342361295598612,-0.0003009682859748266,-0.0001854857459530994,36.5,26.0
0.382595648912228,1.1316626493466976e-05,0.0005540658117268751,-0.0011620367328692971,1.2249799839871898,-0.0003794746807188175,-0.000299523476935022,-0.00014978685941368364,36.5,26.0
0.3850962740685171,0.00027411896378868423,0.0004450362246806406,3.7735071649731386e-05,1.2329863891112889,-0.0004935637202600474,-0.00028641171856351216,-0.00011428773099587215,36.5,26.0
0.38759689922480617,-0.0003807666772383826,0.0002946809118950167,0.0006682201205539503,1.2409927942353882,-0.0005552521069053203,-0.00025775961224520905,-0.00010581041248624169,36.5,26.0
0.39009752438109524,0.0006320667322070974,-0.0006990195776725433,-0.00041699359539410516,1.2489991993594876,-0.0005545930570986107,-0.00020699522812437575,-0.00011885745488733502,36.5,26.0
0.3925981495373843,-0.00018975693857148856,-0.0010559121691402686,-0.0005355922727272178,1.257005604483587,-0.0005007791446729631,-0.0001338094416894372,-8.378195800209787e-05,36.5,26.0
0.3950987746936734,9.957652349513839e-05,0.0002318517729405161,0.0005123603072404961,1.265012009607686,-0.000410967438945638,-5.2842776021759046e-05,-1.152631835018453e-05,36.5,26.0
0.39759939984996245,6.953234767911052e-05,0.0004221585693325409,-0.0021875802710791237,1.2730184147317853,-0.0003004771303887305,1.01436812025874e-05,7.06981013214736e-06,36.5,26.0
0.4001000250062515,3.191658266563875e-05,0.0014252454862173165,0.0006514412889311479,1.2810248198558847,-0.000184711892659264,3.495413579793128e-05,-5.2548260004182734e-05,36.5,26.0
0.40260065016254065,-0.0006439539601825056,-0.0007124426571283189,0.00024362464399630633,1.2890312249799838,-8.1469429560145e-05,2.2558010535816065e-05,-0.00012357626452324583,36.5,26.0
0.4051012753188297,0.0008374101712217498,-0.0010683744768679219,-0.0007402603223141062,1.2970376301040831,-7.721826140544605e-06,-6.178950946901167e-06,-0.00013705077174186998,36.5,26.0
0.4076019004751188,0.00041688733262161825,0.0003402393325967633,-0.0005825040975769053,1.3050440352281825,2.0752010508281027e-05,-2.79337245882176e-05,-0.00010252869876155067,36.5,26.0
0.41010252563140787,-0.0012326228219979869,0.0010169323437426415,0.00015805946240378028,1.3130504403522818,-9.242142242721468e-06,-3.199968069970596e-05,-7.54974271878743e-05,36.5,26.0
0.41260315078769694,0.00033728119019424413,5.747305623830111e-06,0.0016974258028565694,1.321056845476381,-0.00010229191496515056,-2.2896725069039052e-05,-5.819979290308202e-05,36.5,26.0
0.415103775943986,-0.0016414120997954394,-0.00022097026216294141,-0.0004889357013707511,1.3290632506004803,-0.00025130783787825835,-1.6615612322988293e-05,-3.971863894388573e-05,36.5,26.0
0.4176044011002751,-0.0020534010537295666,0.0006998091399441733,-0.0005305345679383454,1.3370696557245796,-0.00043688118597599585,-3.0498212744239633e-05,-5.079487614647727e-05,36.5,26.0
0.42010502625656415,-0.0015053618819927284,-0.0006432323566070751,0.0007334302806881213,1.345076060848679,-0.000629209459844129,-7.030290253813692e-05,-6.339771837890831e-05,36.5,26.0
0.4226056514128532,0.0006099243743357413,-0.0007046994424311998,0.0001222380665226538,1.353082465972778,-0.0008025858896749259,-0.00012547289540129207,-1.2384778221561786e-05,36.5,26.0
0.4251062765691423,0.000715663402996722,0.0008537383142862122,-0.0005217508429638697,1.3610888710968774,-0.0009480673859457134,-0.00017452267232836822,4.413038654514318e-05,36.5,26.0
0.42760690172543137,-0.0006889240210747078,0.00010960875013743319,0.0008245878017387944,1.3690952762209767,-0.0010614142533478545,-0.00019749428351646954,3.1742216532635174e-05,36.5,26.0
0.43010752688172044,0.00016675161636723804,-0.0015210402853172535,-0.0008839959527585437,1.377101681345076,-0.0011302668166456552,-0.00018923257239262278,3.622275643469492e-05,36.5,26.0
0.4326081520380095,0.0005934657226986063,0.0015311311532932926,-0.0007490541664445969,1.3851080864691752,-0.001144757750001961,-0.0001631618814331328,0.00012028027577497694,36.5,26.0
0.4351087771942986,0.001246853814789493,0.0008766816013881842,-0.00016565967431928172,1.3931144915932745,-0.0011073799643686539,-0.00014086099274720712,0.00019051705635192862,36.5,26.0
0.43760940235058765,-6.650660332944047e-05,0.00022513588972585585,-0.0020083242515858625,1.4011208967173738,-0.0010269175802372454,-0.00013862951096534534,0.0001866089472059002,36.5,26.0
0.4401100275068767,0.0006748722560233582,-0.0021393387052085493,4.4320064555985336e-05,1.4091273018414732,-0.0009101672336673317,-0.00016311055022217135,0.00012569532546486705,36.5,26.0
0.4426106526631658,-0.001734237586093336,0.0008569770305376019,-0.0011080702707969843,1.4171337069655723,-0.0007613235135639593,-0.00020965786467033645,1.7803635788247555e-05,36.5,26.0
0.44511127781945486,-0.001992636698474498,0.0017807124192901213,-0.0010495788139495634,1.4251401120896716,-0.0005921761069237851,-0.0002597242655437692,-5.869828190841557e-05,36.5,26.0
0.44761190297574394,-0.00013005761340481668,0.001227035509141459,-0.0008802754267711833,1.433146517213771,-0.00043206557671492997,-0.00028759731514381887,-5.395857292199173e-06,36.5,26.0
0.450112528132033,0.0008297687550812888,-7.53842190314109e-06,-0.0015721666309711408,1.4411529223378703,-0.0003171331311210944,-0.00027407959168222187,0.00010421258914394566,36.5,26.0
0.4526131532883221,0.0004398181492636078,-9.657988426385112e-05,0.00015091064726163074,1.4491593274619694,-0.0002657298792114066,-0.00021378979152456115,0.0001320487944889277,36.5,26.0
0.45511377844461115,0.00032924936450493545,-0.0010273270709397527,-0.0002683143904712194,1.4571657325860687,-0.0002700897573367136,-0.00011727942621105206,0.00011531249149662967,36.5,26.0
0.4576144036009002,-0.0014918673635164897,0.0006837694980350279,-0.001471341118075004,1.465172137710168,-0.0003099716970785673,-8.191802029335647e-06,0.00015736142028995463,36.5,26.0
0.4601150287571893,-0.0006680308002218936,0.0005022478152136416,-0.0013391968333616772,1.4731785428342674,-0.0003673420227588176,9.287729800986754e-05,0.00021548819657869045,36.5,26.0
0.46261565391347836,-0.00023693246083596507,-0.0009463470964230788,0.0014300832982455552,1.4811849479583665,-0.000432196237843524,0.0001839995951314026,0.0001956861771457874,36.5,26.0
0.46511627906976744,-0.0005118924030599684,0.0020425107374931056,0.0004560799845943635,1.4891913530824659,-0.0005006426597900311,0.0002741407799485473,9.971219280469933e-05,36.5,26.0
0.4676169042260565,-0.000355588234571336,-0.0004847590635179957,0.000941428419098455,1.4971977582065652,-0.0005662619385751397,0.00036364513105593466,-2.137926224705445e-05,36.5,26.0
0.4701175293823456,0.0007670620894349977,-0.000518737206641664,-0.0006145287938024098,1.5052041633306645,-0.0006163480208435995,0.0004377296864639642,-9.255999000758217e-05,36.5,26.0
0.47261815453863465,0.00012586355681008487,0.0005885823541357688,0.0009409466986634166,1.5132105684547636,-0.0006430746007588905,0.00047237844742881397,-2.123733052194107e-05,36.5,26.0
0.4751187796949237,0.0009179611409949061,0.001163156058162197,-0.00035286602162530367,1.521216973578863,-0.0006549455527797334,0.0004480603628578353,0.00015787115898782024,36.5,26.0
0.4776194048512128,-0.001834204931345515,0.0008721858034184037,0.0009970092922790184,1.5292233787029623,-0.0006694289275892749,0.0003652092517974529,0.0002771800081575659,36.5,26.0
0.48012003000750186,-0.0020168362793699757,-0.0009363497054885555,0.0006352412861415004,1.5372297838270614,-0.0006961819599562747,0.00024302136914172007,0.00028782588544595995,36.5,26.0
0.48262065516379093,0.0015035539542351802,-0.0010425302625127622,-0.0003794185027010873,1.5452361889511608,-0.0007313774199119963,0.00010497661793990157,0.0003041227087512778,36.5,26.0
0.48512128032008,-0.0006541038064435163,-0.0002046769318210952,5.99071057786508e-05,1.55324259407526,-0.0007640342605793955,-2.7354719114728813e-05,0.0003423534373370147,36.5,26.0
0.4876219054763691,0.00011130581519158315,-0.00044083155311667283,-0.0005805232048937965,1.5612489991993594,-0.0007831227382586206,-0.00013232060465442647,0.0002782278649369995,36.5,26.0
0.49012253063265815,-0.0019521089456058648,-0.0013739314221210455,0.0008431122216950278,1.5692554043234586,-0.0007759960633707228,-0.00019296498627970591,8.712783798933013e-05,36.5,26.0
0.4926231557889472,0.0014697433688341402,-0.0015906874415270369,-0.0007770548222279077,1.577261809447558,-0.0007222222389298104,-0.00020628324486089984,-0.00012483608898320082,36.5,26.0
0.4951237809452363,0.0002769682537925719,4.442342953610952e-05,0.001736411127229605,1.5852682145716572,-0.0006027143371345135,-0.00018364606531746605,-0.00026923191872090424,36.5,26.0
0.49762440610152536,-0.00040678633905230334,0.0017927518442025006,0.0006377816362539868,1.5932746196957566,-0.0004233904447220456,-0.00014392504415335877,-0.0002814454801744927,36.5,26.0
0.5001250312578145,0.0010107161569847443,0.0009522564044483754,4.894746329477692e-05,1.6012810248198557,-0.0002231746831237342,-0.00010624662643444793,-0.00016435717876971673,36.5,26.0
0.5026256564141035,0.0006079411578705415,0.0014349782505946149,0.000794061642770232,1.609287429943955,-5.596023242036899e-05,-8.220565476824542e-05,-5.890082849450347e-05,36.5,26.0
0.5051262815703926,5.415211934078806e-05,0.001220001869331042,0.00017409056758589482,1.6172938350680544,3.288053667390748e-05,-7.140365441448292e-05,-3.43439024349763e-05,36.5,26.0
0.5076269067266816,-5.145278652633067e-05,0.0008579689867291937,-4.724919626733356e-05,1.6253002401921537,2.081083999260913e-05,-6.673307819352998e-05,3.3261227220089416e-05,36.5,26.0
0.5101275318829708,0.00019121638468355578,-0.0014083405871276593,0.0009226467882623754,1.6333066453162528,-8.616959981490446e-05,-6.393279086699003e-05,0.0001835760366591136,36.5,26.0
0.5126281570392598,-0.00010808463134128871,0.0010252841882120193,0.0001436694739328214,1.6413130504403521,-0.00025296138636370704,-6.466227583605381e-05,0.00029132760936003636,36.5,26.0
0.5151287821955489,0.001176498000111117,3.673134537429147e-05,0.0014650910103585076,1.6493194555644515,-0.00042087251569669637,-7.392953740808386e-05,0.0003276041191788103,36.5,26.0
0.5176294073518379,0.0013398053994462583,-0.0010087676256847217,-0.00022863647529746344,1.6573258606885508,-0.0005267689312657572,-9.556964945760875e-05,0.0003551214597025341,36.5,26.0
0.5201300325081271,0.00037634662431321165,-0.0014862157759761888,-0.00011250775132436227,1.66533226581265,-0.000531580094687899,-0.00012623241252795984,0.00037971584513039566,36.5,26.0
0.5226306576644161,-0.0007352190865626998,0.00041184533792206553,0.00020107043991210064,1.6733386709367493,-0.0004375059084948313,-0.00015507218228688618,0.00042477301227019206,36.5,26.0
0.5251312828207052,-0.00046578496004440087,0.0005240268322956378,0.0006408829717373278,1.6813450760608486,-0.00028448396484528145,-0.00017136902108164727,0.0005174758728752062,36.5,26.0
0.5276319079769942,-0.00020660450849573357,-0.0005581335919254217,0.00097591098767688,1.689351481184948,-0.00013139795722544938,-0.00016966588166416734,0.000588749673944139,36.5,26.0
0.5301325331332833,-0.0005466511919959735,-0.0008846344534013816,0.0026782571197157845,1.697357886309047,-3.177155653321073e-05,-0.00014925499348270832,0.0005784750672168362,36.5,26.0
0.5326331582895724,0.0009323741667871292,0.0013857027092010407,-0.0007745704007586981,1.7053642914331464,-1.763921009254196e-05,-0.00011659834348531834,0.0005065557303481525,36.5,26.0
0.5351337834458615,0.0004849008371792538,-3.450288264199595e-06,0.0019435342206614173,1.7133706965572457,-9.345496509598002e-05,-8.874685518928468e-05,0.000389561382656001,36.5,26.0
0.5376344086021505,-0.0015361963213683587,-0.0017198027988992147,-0.0007881832502455189,1.721377101681345,-0.00023184086420369908,-8.517715567115438e-05,0.0002291463889539582,36.5,26.0
0.5401350337584396,-0.000726204590800056,0.00028489532700587536,-0.0007465622028483997,1.7293835068054442,-0.00037921213382609254,-0.00011259186195921214,2.648348378976694e-05,36.5,26.0
0.5426356589147286,-0.0006055501231472386,-0.0005630210388673212,-0.000433025451363294,1.7373899119295435,-0.0004773042429435843,-0.00015837792501183844,-0.00021162984718238025,36.5,26.0
0.5451362840710178,0.0009620045988600783,0.000566087372225727,-0.0015138011758752548,1.7453963170536428,-0.00048532483333028274,-0.00019512621342889937,-0.0004031097139062704,36.5,26.0
0.5476369092273068,0.0014437032651044384,0.0007464061164527213,0.00045969349428359946,1.7534027221777422,-0.0003935774106046812,-0.0001925922054126643,-0.00044954008551391323,36.5,26.0
0.5501375343835959,-0.0002829917377557599,0.0004923240946574845,-0.0003293972901900254,1.7614091273018413,-0.00022513649399952734,-0.00013292295035134737,-0.00037621648274953584,36.5,26.0
0.5526381595398849,-0.0017553481015212186,0.0022563042441716497,-0.0010245445381923146,1.7694155324259406,-2.0491893126621312e-05,-1.905733871632132e-05,-0.000277196405843435,36.5,26.0
0.5551387846961741,2.9968801241254776e-05,-0.0007233196424168604,0.0009803649853836363,1.77742193755004,0.00018126247046553438,0.0001271322462150998,-0.0001997419436767305,36.5,26.0
0.5576394098524631,0.0008932243434060041,-0.0001401065405939659,-0.0002088871125222311,1.7854283426741393,0.0003482707505350717,0.00026922442555970237,-0.00012756530956598518,36.5,26.0
0.5601400350087522,0.0006696607974515566,-0.0006801528118666015,0.0021232370986425607,1.7934347477982384,0.0004561414273946405,0.0003653930500844128,-3.17857114061097e-05,36.5,26.0
0.5626406601650412,0.0003422337518677087,-0.00039893876412747955,-0.0015337366584086414,1.8014411529223378,0.0004940330652338322,0.0003869407184998808,2.6953931404905443e-05,36.5,26.0
0.5651412853213303,0.0008757773845211908,-0.0007526592206015225,0.0016066710816153467,1.809447558046437,0.0004703322171858478,0.00032984069646426676,-3.8880812963045183e-05,36.5,26.0
0.5676419104776194,-0.0013844035585669856,-0.00040212974668591935,-0.0005478551035798869,1.8174539631705362,0.00040972081005965767,0.00021085028906014757,-0.00013267857454523905,36.5,26.0
0.5701425356339085,-0.0005905274507864976,0.0007081568352750127,-0.0008935901528803627,1.8254603682946355,0.00034256027611482176,6.174073718395216e-05,-9.103335840808695e-05,36.5,26.0
0.5726431607901975,0.001113533659454446,-0.0015805692101268588,-0.002144942802207421,1.8334667734187349,0.0002906225849165714,-7.848648639863748e-05,-2.7391899777741012e-06,36.5,26.0
0.5751437859464866,0.001589836697626606,-0.0004806916544386493,-0.0012220585180513757,1.8414731785428342,0.00025917849278043987,-0.0001800543576119254,-8.070228999876636e-05,36.5,26.0
0.5776444111027756,6.583774591627124e-05,-0.0010434825091306971,-0.0005385979309904773,1.8494795836669333,0.00024177590177088212,-0.0002335781173018935,-0.0003022955054414574,36.5,26.0
0.5801450362590648,6.487165418890096e-05,0.002640973971243109,-0.0013776059687805363,1.8574859887910327,0.00023044620384220829,-0.0002454063796432933,-0.0004573044224196366,36.5,26.0
0.5826456614153538,5.005963147460688e-06,-0.0006118613557523094,-0.000795144446700035,1.865492393915132,0.00022213249668411467,-0.00022632808645833206,-0.00043266130252410005,36.5,26.0
0.5851462865716429,0.0011114351074807045,0.00045225614245752966,-7.603257130567892e-05,1.8734987990392313,0.00021832036320219362,-0.00018406968283580236,-0.0003044003333835906,36.5,26.0
0.5876469117279319,0.0007243027706149159,0.0008194504412569697,-0.0003090732877047576,1.8815052041633304,0.00022339163490550185,-0.000126191594398816,-0.00022561952021668454,36.5,26.0
0.5901475368842211,0.00046369004240226654,0.000208476070973214,-8.734256085892897e-06,1.8895116092874298,0.0002452570544192671,-6.725774875086273e-05,-0.00025559713409788697,36.5,26.0
0.5926481620405101,-0.0012760516205481175,-0.0003824533723173104,-0.0016796326186399478,1.8975180144115291,0.0002902320707618267,-2.4407726969453072e-05,-0.0003206796746887062,36.5,26.0
0.5951487871967992,0.0014158082394123894,-0.0009815456561167288,0.0006694199005381748,1.9055244195356285,0.0003548201090307194,-7.397856864480908e-06,-0.0003539638200138681,36.5,26.0
0.5976494123530882,-2.24510361089532e-05,-0.0022459572107377,0.0011402315662044802,1.9135308246597276,0.0004274896727010786,-1.721429022604904e-05,-0.00038634202651597336,36.5,26.0
0.6001500375093773,0.0011816126067720723,0.0007050393649367278,-0.0015077467671324213,1.921537229783827,0.0004951466985219162,-4.811819700281606e-05,-0.00047210275298846137,36.5,26.0
0.6026506626656664,-0.0011339077022625298,-0.0002696543305412252,-0.0007621308091739126,1.9295436349079262,0.0005455411071726159,-8.777282131843678e-05,-0.0005730614627314245,36.5,26.0
0.6051512878219555,0.0006309710001164137,4.773849189670899e-05,-0.000681060806269086,1.9375500400320256,0.0005706800460004474,-0.00011871976584474797,-0.000570071594101269,36.5,26.0
0.6076519129782445,-0.0010571807742521626,-0.001423359934663803,-0.00015606141494253832,1.9455564451561247,0.0005713248929184385,-0.0001240816458315231,-0.00042741671467694026,36.5,26.0
0.6101525381345336,-0.0008739505101001149,0.0004769339273097342,0.000646631752860563,1.953562850280224,0.0005577159919313312,-9.794095800274585e-05,-0.00026248363734770753,36.5,26.0
0.6126531632908226,-0.0011601827569540884,-0.001462297983663148,-0.00040826816269781625,1.9615692554043234,0.0005464835592443618,-5.130054063875038e-05,-0.00018871823431561616,36.5,26.0
0.6151537884471118,-0.0011496900490028893,0.000770330254001716,6.759331624812141e-05,1.9695756605284227,0.0005523305920284564,-3.0296544939603346e-06,-0.00021236439329884457,36.5,26.0
0.6176544136034008,-0.001112027077302068,-0.0008005596750406381,0.0007639378590876886,1.9775820656525218,0.0005777539001222743,3.3272794734479576e-05,-0.00030346893114747574,36.5,26.0
0.6201550387596899,0.001078993716473876,0.0001792177318140426,-0.0001334347027348238,1.9855884707766212,0.0006124745499899054,4.967519261600676e-05,-0.000404270050977312,36.5,26.0
0.6226556639159789,-5.774001863948585e-05,-0.0008072643623950202,-0.0009547886315823313,1.9935948759007205,0.0006430697002174249,4.157320948311361e-05,-0.00041308972038270266,36.5,26.0
0.6251562890722681,-0.001312503914798485,-0.0010578395526795947,0.0007129878379584312,2.00160128102482,0.0006612038834498829,1.5126655546756226e-05,-0.00029919847985813796,36.5,26.0
0.6276569142285571,-0.0009586054437842124,-0.0006740468427554484,0.0010591500267508726,2.009607686148919,0.000665241792628311,-1.1049604440710076e-05,-0.00010959638011594966,36.5,26.0
0.6301575393848462,0.000627105053533709,0.0006040296465053565,0.0009154482497427718,2.0176140912730185,0.000655645841030677,-2.38625105378799e-05,0.00014310175309814274,36.5,26.0
0.6326581645411352,-0.0007623664648463033,0.0009744022230337465,0.00017842092499853078,2.0256204963971176,0.0006304155004521661,-3.631177814096174e-05,0.0004116948721615372,36.5,26.0
0.6351587896974243,-0.0002523389136990703,0.0006165414869814107,-0.0003620914862244873,2.0336269015212167,0.0005904679324921023,-8.094337416067158e-05,0.000581507929009163,36.5,26.0
0.6376594148537134,0.0010346849338595512,0.001712329901596343,-6.968449977884787e-05,2.0416333066453163,0.0005461323625025592,-0.00017807502352537688,0.0006306484397245544,36.5,26.0
0.6401600400100025,0.0008682461297651489,-0.0004852004558578897,0.0007379235582142576,2.0496397117694154,0.0005107912247166206,-0.00031456267333367175,0.0006056877270284212,36.5,26.0
0.6426606651662916,0.002772317195846608,-0.0005433543871926951,-0.0013040741163928237,2.0576461168935145,0.0004921515215620796,-0.00044822589925044913,0.0004930230666307773,36.5,26.0
0.6451612903225806,-0.000983335341144676,0.0003051588230294001,-0.00036884204533076456,2.065652522017614,0.0004923146976864939,-0.0005258223506359643,0.000309017812479139,36.5,26.0
0.6476619154788698,-0.00027516447711796915,0.0005795034801912375,-0.0003610418736354846,2.073658927141713,0.0005101209753715091,-0.0005074187759295932,0.00015616229694243063,36.5,26.0
0.6501625406351588,0.00021998126801978422,0.00019672996638495712,0.0018379920187733087,2.0816653322658123,0.0005419889376151154,-0.00038462015593434466,0.00010092713911371869,36.5,26.0
0.6526631657914479,0.0008940302573341703,-0.0006751570512303543,0.00015366159962263318,2.089671737389912,0.0005817281528033841,-0.0001808316662930994,0.000136222936266772,36.5,26.0
0.6551637909477369,-0.0015558335683879237,-0.0002472051244680798,0.0013758984864347824,2.097678142514011,0.0006168402806316857,5.565240085298174e-05,0.0002146274164721538,36.5,26.0
0.657664416104026,0.0013098059378610645,-0.0024850797083989613,-0.0005112597166333769,2.1056845476381105,0.0006282452748326063,0.00026197309206322736,0.00024181215920146123,36.5,26.0
0.660165041260315,0.0003680464936409959,-0.0004284967872425839,-0.0003259844814046049,2.1136909527622096,0.000602042689795449,0.00038469604962236217,0.00017441052610392375,36.5,26.0
0.6626656664166042,0.0019169149307351684,0.001793451150642195,0.0008233816671582831,2.1216973578863088,0.0005415436678043114,0.000402996423364061,9.863114515779054e-05,36.5,26.0
0.6651662915728932,9.252148534741033e-06,0.000547175163309428,8.271074763178458e-05,2.1297037630104083,0.00046634069633272096,0.00033122549959113895,6.563424864950058e-05,36.5,26.0
0.6676669167291823,0.00025283132644292734,0.0006474029516869515,-0.00047343099512161396,2.1377101681345074,0.0004042226604203445,0.0002105397104312907,5.893027285559316e-08,36.5,26.0
0.6701675418854713,-0.0008243319096666503,-0.0012400293290149979,-0.0002005796994841671,2.1457165732586065,0.00038187711922349976,9.47610904510462e-05,-0.00012896036935262326,36.5,26.0
0.6726681670417605,0.00018021335953859625,-0.0006958935558019262,0.00015407791897679296,2.153722978382706,0.0004127220957600462,2.504451925955549e-05,-0.00024428671722383753,36.5,26.0
0.6751687921980495,0.0005095219168914477,-0.0011005157421559205,0.0013231904462331554,2.161729383506805,0.00048680971046942086,1.3247023576676354e-05,-0.00029932306386015284,36.5,26.0
0.6776694173543386,-0.001602268812249036,-0.0009055075484522907,0.0011814964804114413,2.1697357886309048,0.0005721329537977012,4.913563373025776e-05,-0.00031932577466185937,36.5,26.0
0.6801700425106276,-0.0006841706743212089,-0.0015364204895010206,0.001003283908960212,2.177742193755004,0.0006274993740885516,0.00011302574990202518,-0.0003187811143217882,36.5,26.0
0.6826706676669168,-2.2226803097461922e-05,0.0004623121339716397,7.133002587697043e-05,2.185748598879103,0.0006208741542688249,0.00018004623833942714,-0.00028738436070632496,36.5,26.0
0.6851712928232058,-0.0006926415290577425,0.001152389878776287,-0.0009041211852641844,2.1937550040032026,0.0005456082769120619,0.0002222658181652139,-0.00021711938894294875,36.5,26.0
0.6876719179794949,-0.0005583032753013305,-0.0007388086936310997,0.001756822917404816,2.2017614091273017,0.00042527397302348957,0.0002155634714944515,-9.347324766092286e-05,36.5,26.0
0.6901725431357839,-0.001016199287496104,-0.000483708836480876,0.00010459418000516002,2.209767814251401,0.0003039128981304183,0.00015038966810708944,4.795547618464964e-05,36.5,26.0
0.692673168292073,0.0008366434614013164,-0.0005332720720165116,0.0012711650156623788,2.2177742193755003,0.00022456673333481132,3.5307159801014346e-05,8.123609942033764e-05,36.5,26.0
0.695173793448362,-0.00014568647358490847,0.0005155439439090611,0.0015562823623444964,2.2257806244995995,0.00020583852883272183,-0.0001146759539022502,-3.778976515604348e-05,36.5,26.0
0.6976744186046512,-0.0013143770658782684,0.0002733152397548333,0.00010595478039838659,2.233787029623699,0.00023311480632456222,-0.0002881562120499519,-0.00015342602319103106,36.5,26.0
0.7001750437609402,0.00034199340715233644,-0.0002472389946746786,7.906021363822974e-05,2.241793434747798,0.0002702243276633947,-0.0004663493426039697,-0.0001385518719609274,36.5,26.0
0.7026756689172293,-8.448114498068892e-05,-0.0009456004345638951,0.0014506700715225056,2.2497998398718972,0.0002817931407982872,-0.0006092525062575158,-6.864116542097825e-05,36.5,26.0
0.7051762940735183,-0.0011680874483156534,-0.0011568728240323014,-0.0007113639633030571,2.257806244995997,0.0002534492818754699,-0.0006693933705515329,-1.6808728692451037e-05,36.5,26.0
0.7076769192298075,-0.0014189738657559238,-3.5309343967312204e-05,-0.00027051791351866345,2.265812650120096,0.00019716003685876288,-0.0006254997492579458,7.870836656108976e-05,36.5,26.0
0.7101775443860965,-0.0013445570999546972,0.0003690419148843043,-0.0004059985775167051,2.273819055244195,0.0001374095708323986,-0.0005011201219743661,0.00022960848854656961,36.5,26.0
0.7126781695423856,0.0012806639206707233,0.00023556255404660236,0.0011398316018539048,2.2818254603682946,9.534229475705944e-05,-0.0003488588210385734,0.00032923676585700217,36.5,26.0
0.7151787946986746,-0.0004628379542190593,-0.00012067736524564163,-0.00022807255614524198,2.2898318654923937,8.544795577660415e-05,-0.00021762018912857445,0.00030733986898471655,36.5,26.0
0.7176794198549638,0.0018271005646785363,0.0006272774132785044,0.0007338461092634855,2.2978382706164933,0.00011278567043992023,-0.00013385773499952332,0.00018885332060159313,36.5,26.0
0.7201800450112528,0.0007565275984793218,0.0013857520003022828,0.0021826399344855355,2.3058446757405924,0.00016452736133254836,-0.0001024345175651754,6.516254970903378e-05,36.5,26.0
0.7226806701675419,0.0012322202826068143,0.000114964533588646,0.00041472850196348944,2.3138510808646915,0.0002112620054963006,-0.00011333064927747247,4.548912870190101e-05,36.5,26.0
0.7251812953238309,0.0005029772037425301,-0.0012719234615496077,0.0006125021948950736,2.321857485988791,0.00022381271377463834,-0.00014412431940730497,0.00012805572342771608,36.5,26.0
0.72768192048012,0.0011742728980409197,-0.002259189907575254,0.001009903579949732,2.32986389111289,0.00019486731450341684,-0.00016098592265592903,0.00020232596335024945,36.5,26.0
0.730182545636409,0.0006837660709402018,0.00011893384305283873,0.0014395688367700604,2.3378702962369893,0.00014783385823750664,-0.000133365664456385,0.00022513306292784254,36.5,26.0
0.7326831707926982,-0.0010211239944812897,0.0003163429188750673,0.0016575144459731641,2.345876701361089,0.00011850323374094537,-6.0475889200685414e-05,0.00022537210983360686,36.5,26.0
0.7351837959489872,0.00019046738102960903,-0.0002731029036921941,0.0005582550637364211,2.353883106485188,0.00012543241480388983,2.1631612063515203e-05,0.00016575710680241757,36.5,26.0
0.7376844211052763,-0.001235959217316838,-0.00026096884778147863,0.0017921399348349853,2.361889511609287,0.00016123543472766828,6.845996264776905e-05,7.0560032368534375e-06,36.5,26.0
0.7401850462615653,-0.0003553842708964574,0.00011331432634098796,0.0008727497071582495,2.3698959167333866,0.00020446596656706334,6.155999717758089e-05,-0.00013983264740983857,36.5,26.0
0.7426856714178545,-0.00032833599868830487,0.0004002736383551517,-0.0014908285767183146,2.3779023218574857,0.00022948860016025577,1.6937069460320786e-05,-0.00012761511708169165,36.5,26.0
0.7451862965741435,0.0003981407785377754,-9.331207999898764e-05,0.00028634863771619286,2.3859087269815853,0.0002126928275649765,-3.0024270861953075e-05,1.1676429940191625e-05,36.5,26.0
0.7476869217304326,0.00027351430910982024,0.0008601714974240469,-0.00032770189289308576,2.3939151321056844,0.00014555604774398978,-4.992101318828465e-05,0.00014184855401673746,36.5,26.0
0.7501875468867216,-0.00042642580603517656,-0.0005698194699217456,-0.0007702866757592015,2.4019215372297835,4.667426655357119e-05,-3.764523271003616e-05,0.00022440757841690553,36.5,26.0
0.7526881720430108,0.0014397094169811382,0.001146191009594095,-0.00021101082618309126,2.409927942353883,-4.3708016335105004e-05,-6.256959832775571e-06,0.0002744672599384223,36.5,26.0
0.7551887971992998,5.880079727320126e-05,-5.4269571895327934e-05,-0.00015958195727328508,2.417934347477982,-8.721073290494802e-05,3.0955691342965397e-05,0.00024299501822738415,36.5,26.0
0.7576894223555889,-9.231097044461279e-05,-0.0012372417018592582,0.0008697079143058301,2.4259407526020813,-6.930729237822472e-05,7.011069826019973e-05,9.040855083435392e-05,36.5,26.0
0.7601900475118779,0.00023251744814713467,-0.0001334440773836002,-0.0003501961270423599,2.433947157726181,-2.005804160436306e-06,0.00011967216710143676,-0.00013320289061070375,36.5,26.0
0.762690672668167,9.364895208943188e-05,-0.0004449001584445268,0.00014365463191495472,2.44195356285028,8.455828763876262e-05,0.00019839036281861177,-0.00032619188974425547,36.5,26.0
0.765191297824456,0.00014273763143822946,-0.0024873725828640997,-0.00019561968212486808,2.4499599679743795,0.00014803468429907093,0.00032129114121380744,-0.0003956587867785489,36.5,26.0
0.7676919229807452,-0.0004150333297008446,-0.0014606490083402081,-0.0009584362436074148,2.4579663730984787,0.0001466915744362507,0.00047986617381783254,-0.00032869884914764824,36.5,26.0
0.7701925481370342,-0.0007816659845554731,0.00042842913286859327,0.00028639709595318407,2.4659727782225778,6.414074811469668e-05,0.0006366623639725243,-0.00018693378788984155,36.5,26.0
0.7726931732933233,0.0009716298093259738,-0.0014071194571802113,-0.0008111231394934312,2.4739791833466773,-7.786843071814516e-05,0.0007399394351946587,9.15432313803889e-06,36.5,26.0
0.7751937984496123,0.00011092261497089309,0.0011152502459379691,-0.001405307519163175,2.4819855884707764,-0.00023352574014060088,0.0007471152186718719,0.00026836687138070346,36.5,26.0
0.7776944236059015,-0.00033770466583722816,0.0018979764183765342,0.0019949417461213007,2.4899919935948756,-0.0003610901233024194,0.0006467390018437436,0.0004938048961864086,36.5,26.0
0.7801950487621905,0.0003867423581912004,0.00029369193984078224,0.0009633760827654586,2.497998398718975,-0.00044339225139774716,0.00046801533997597186,0.0005523655720395307,36.5,26.0
0.7826956739184796,6.009968702988548e-06,-0.0006416490048536243,-0.0014453677543729147,2.5060048038430742,-0.0004803985270213397,0.00027103590146749135,0.0004756482883868472,36.5,26.0
0.7851962990747686,0.0006282710457243668,-0.0013053377783165104,0.00036818266524456906,2.514011208967174,-0.0004683438446023573,0.00012300089424218964,0.0003994890669623448,36.5,26.0
0.7876969242310577,0.00074416435779125,0.0009380506062801283,0.0015428350062769523,2.522017614091273,-0.0004038419181694948,7.124451977849963e-05,0.0003438266321828588,36.5,26.0
0.7901975493873468,-0.0005652067539634966,-0.002377327888217622,-0.0011090688051251978,2.530024019215372,-0.0003047880075857013,0.00012313520899602008,0.00023805806687939366,36.5,26.0
0.7926981745436359,0.0008463164578644586,-0.0007281897368008024,-0.0009214052424131037,2.5380304243394716,-0.00020835266052823804,0.0002398670904924093,9.956221161789739e-05,36.5,26.0
0.7951987996999249,-0.0004889419177185075,0.0013993509865344556,-0.000421550790855716,2.5460368294635707,-0.00014703033808924468,0.00035253599779075417,1.3787714568895363e-05,36.5,26.0
0.797699424856214,0.0009089306062611733,2.9943252799414077e-05,0.0005474959481419294,2.55404323458767,-0.00013494968884074555,0.000399634465210492,9.465044223380375e-06,36.5,26.0
0.800200050012503,7.087406442165836e-05,0.0003583517260940029,0.0016231910826135126,2.5620496397117694,-0.00017087773371755532,0.0003588823259656511,5.791903743095774e-05,36.5,26.0
0.8027006751687922,3.853700284082609e-05,-0.00125598291519001,0.0013019874568969126,2.5700560448358685,-0.00024377296984553684,0.00024806742822739255,9.069909230252624e-05,36.5,26.0
0.8052013003250813,0.0001149002671241684,-0.001129202662996128,-0.001851810569154001,2.5780624499599676,-0.00033366905795346807,0.00010458654297619878,3.245404063337016e-05,36.5,26.0
0.8077019254813703,-0.0020385110894720376,-0.0004952027860916727,-0.0001804513943489292,2.586068855084067,-0.0004099320199745631,-3.262290154040098e-05,-7.12415385101694e-05,36.5,26.0
0.8102025506376594,0.0018280869621274337,-1.0748198347878348e-05,0.00039660484149192416,2.5940752602081663,-0.0004413005424551952,-0.00013081611911649815,-0.00010624329244420886,36.5,26.0
0.8127031757939485,-9.605216481865328e-05,0.0024018942867122628,-0.0005369896339560128,2.602081665332266,-0.00041800401054495237,-0.00016578311436185898,-0.00010953971295527888,36.5,26.0
0.8152038009502376,0.00025933085475512144,-0.0009572864928718425,-0.00017789171747993428,2.610088070456365,-0.000359275612152358,-0.00012726856444872088,-0.00019638425991068853,36.5,26.0
0.8177044261065266,0.0011226865716059398,-0.0003964837053063423,0.0005991409266798708,2.618094475580464,-0.0002976018407996055,-2.997397725698873e-05,-0.0003440191190036989,36.5,26.0
0.8202050512628157,0.00011153009389244453,-0.0003608580741453943,0.0005912711054842784,2.6261008807045636,-0.00026071933494848656,8.483123078557652e-05,-0.00047252069684930714,36.5,26.0
0.8227056764191047,-0.0009124302754072669,0.0004095881049206904,0.0014014331653345205,2.6341072858286627,-0.0002645833855862547,0.00016918510332970913,-0.0005533734936140129,36.5,26.0
0.8252063015753939,-0.0006573642438591368,0.0008644397228506426,-0.001243767341804813,2.642113690952762,-0.00031258353131403044,0.00019092506786397507,-0.0005524901797807656,36.5,26.0
0.8277069267316829,0.0012921049140306928,8.850729896410107e-05,-0.0016410437689624627,2.6501200960768614,-0.0003939401742888702,0.00013968815020701478,-0.0005070961769632102,36.5,26.0
0.830207551887972,-0.0009291063884173816,0.0010331747841002058,0.0023023667315465695,2.6581265012009605,-0.00048194836964298923,2.7232218509402354e-05,-0.000539098368635322,36.5,26.0
0.832708177044261,-0.00014855219751307858,4.3202270181814514e-05,0.00011352907622712016,2.66613290632506,-0.0005438947725966353,-0.00011097822780576318,-0.0005927005773997315,36.5,26.0
0.8352088022005502,-0.00019945616009842357,0.00029681983610587093,0.00033550904392067976,2.674139311449159,-0.0005622556017633716,-0.00022531463645781148,-0.0004664465666825379,36.5,26.0
0.8377094273568392,-0.0010351440679311587,6.583913118557658e-05,3.5953984001737413e-07,2.6821457165732583,-0.0005424067965285303,-0.0002746953325388873,-0.00021174874958830358,36.5,26.0
0.8402100525131283,-0.0009278987529284029,-0.0013433416277953518,-0.0003728568368331775,2.690152121697358,-0.0004997873971951657,-0.00024716667293832057,-8.978396569868167e-05,36.5,26.0
0.8427106776694173,0.0002430693790543172,0.0023450388726624673,0.0006695868695864812,2.698158526821457,-0.00045015305547797975,-0.000163143530095296,-0.00012346354175372053,36.5,26.0
0.8452113028257064,0.00036462627549654225,0.0022889082452278537,0.001062935433976365,2.706164931945556,-0.0004117610801121891,-5.604377459976366e-05,-0.00010639656543709793,36.5,26.0
0.8477119279819955,-0.0003756461075963082,0.00024400537397727,9.188571233009983e-05,2.7141713370696556,-0.00040323889981613576,5.297975253212539e-05,2.273056681409438e-05,36.5,26.0
0.8502125531382846,-0.0005998440852819033,-0.0003507413597085961,-0.0004962066735742676,2.7221777421937547,-0.00043248009200216896,0.00015541128735451244,0.00014205625203278778,36.5,26.0
0.8527131782945736,-2.2908981015385817e-05,-0.0011950651805302617,-0.001102271156703619,2.7301841473178543,-0.0004866206168678522,0.00023689908737438415,0.0001492271022509649,36.5,26.0
0.8552138034508627,0.0017213812881026744,-0.0005923701975547781,-0.00021737063840808834,2.7381905524419534,-0.000530835981865588,0.0002803294801931332,5.7600462394060586e-05,36.5,26.0
0.8577144286071517,-0.001123909449726685,-0.0015458100020098215,-0.0014245854501812446,2.7461969575660525,-0.0005260605189088903,0.0002888247308675196,1.632998126604795e-05,36.5,26.0
0.8602150537634409,-0.0009683608247504242,-0.0003901391039783787,-0.000994116225067121,2.754203362690152,-0.00045867423329848313,0.0002849815429131334,0.00015311694722497732,36.5,26.0
0.8627156789197299,-0.0015049051334806685,-0.0008654345832526795,0.0011394145334835586,2.762209767814251,-0.0003503894912175035,0.0002821732861727854,0.0003399558161898594,36.5,26.0
0.865216304076019,-0.0008001446928567597,0.0018472803557326954,0.0013280189946946327,2.7702161729383503,-0.00023878128510302157,0.00026847853507594324,0.0003669411366588836,36.5,26.0
0.867716929232308,0.00034117941163562017,-0.0006615356253545027,0.0011296442219598938,2.77822257806245,-0.00015315670444672133,0.00022229472336209326,0.0002836437331073531,36.5,26.0
0.8702175543885972,-0.0017577770333764948,0.0006692651065133767,0.00017117336645225626,2.786228983186549,-0.00010558040484368477,0.00014017024061930978,0.000248410037845089,36.5,26.0
0.8727181795448862,-0.0009983114899119266,0.0006899936252017806,-0.0010454745131874103,2.7942353883106485,-9.368481821862554e-05,4.531505860034746e-05,0.0002181084590666064,36.5,26.0
0.8752188047011753,-0.00017664600663032493,-0.0017031086710623435,-0.0025263842969959088,2.8022417934347477,-0.0001048897711428791,-3.479762957780898e-05,9.586053908351349e-05,36.5,26.0
0.8777194298574643,0.00020188435342607938,-2.9715560087288393e-05,0.0007223921570761342,2.8102481985588468,-0.00011935520525169464,-9.264635030628351e-05,-3.349234678457045e-05,36.5,26.0
0.8802200550137534,0.0013886330627117189,9.334519854052641e-05,-0.0017057197641419236,2.8182546036829463,-0.00011452165180069412,-0.00013524436366598163,-5.981091950511076e-05,36.5,26.0
0.8827206801700425,-0.0006266393869015024,-0.0011446817271350699,9.667868462685453e-05,2.8262610088070454,-7.464830150263495e-05,-0.00016561406397774944,-2.0705482182075225e-05,36.5,26.0
0.8852213053263316,0.0005568499150835828,0.00022920349855013873,-3.18124746729736e-05,2.8342674139311446,-1.6615865065991008e-06,-0.00018499323411811289,3.2438192071277655e-05,36.5,26.0
0.8877219304826206,-0.0011241265347546174,-0.0005696665066453018,0.0006277985271617616,2.842273819055244,8.292578371823825e-05,-0.0002063531076508258,0.00012261020259680074,36.5,26.0
0.8902225556389097,-0.0012240363228344883,-0.0003029176772872623,-0.0006012542312454863,2.8502802241793432,0.00015024883763485616,-0.00024825140391000555,0.00024528338359262354,36.5,26.0
0.8927231807951987,-0.00026395307512484654,0.0011806077402753455,-0.0003405144566738526,2.8582866293034423,0.00018174910484737046,-0.0003136741305567636,0.00035893374435906817,36.5,26.0
0.8952238059514879,-0.0005421509548870772,0.0025496875866573682,0.0018601065339368186,2.866293034427542,0.0001744830136314052,-0.0003815575213212654,0.0004236613524621833,36.5,26.0
0.8977244311077769,-0.0010301450972350862,-0.0017459390122840503,0.0012223147409178587,2.874299439551641,0.0001334997548349153,-0.00041980287852444085,0.00037689459545691117,36.5,26.0
0.900225056264066,-0.001695263949505962,0.0002565200903314321,0.0006731844356003134,2.8823058446757406,6.782750189606597e-05,-0.0004042917431494323,0.00023597863632171537,36.5,26.0
0.902725681420355,-0.0017022396908334511,0.0015636352988370403,-0.0017045473797035614,2.8903122497998397,-7.233573313323858e-06,-0.0003290452312931718,0.00014295168892529766,36.5,26.0
0.9052263065766442,0.0024757090865746164,-0.0006266571305364951,0.0004486660429519147,2.898318654923939,-7.152366371819446e-05,-0.00020733012955478442,0.00013504824134146377,36.5,26.0
0.9077269317329332,-0.0016923531995760345,0.0010274760878218139,0.0008750480645874367,2.9063250600480384,-0.00010733035367433455,-6.608023267709495e-05,0.00011273446914607956,36.5,26.0
0.9102275568892223,0.0013522866086812305,-0.00042661555318060585,-0.0009542596381042352,2.9143314651721375,-0.00010728615239658122,6.3289466483887e-05,7.81664421562972e-05,36.5,26.0
0.9127281820455113,0.0013189330785262304,-0.000638633268659378,-0.0007675973779877627,2.9223378702962366,-7.896224011156178e-05,0.00015547457290376995,0.00010287315468452429,36.5,26.0
0.9152288072018004,-0.0004064229556581862,-0.0008031709329785799,0.001640653903358695,2.930344275420336,-4.2167048883882685e-05,0.0002014845680360921,0.0001570915029125762,36.5,26.0
0.9177294323580895,0.0004680434083422877,-0.000750879766253055,0.0007894124415385064,2.9383506805444353,-1.8246829719985654e-05,0.0002064259624969659,0.00016257077359255228,36.5,26.0
0.9202300575143786,-0.0007468750337313013,-9.872561018595174e-06,0.00038969568555603736,2.946357085668535,-2.1823185042853074e-05,0.00017417905514129545,7.113691302040928e-05,36.5,26.0
0.9227306826706676,0.0016231615806251761,0.0014249793538342094,-2.053515083990702e-05,2.954363490792634,-6.051464666183768e-05,0.00010134054460405787,-0.0001108823060404286,36.5,26.0
0.9252313078269567,-7.197575133909642e-05,0.0003917311390093032,0.0020350631263069685,2.962369895916733,-0.0001328947124801419,-9.269829810229298e-06,-0.0002755734819578211,36.5,26.0
0.9277319329832457,0.0003954372802323929,-0.0011777613252513745,-0.0002881443080425314,2.9703763010408326,-0.00022319217385206527,-0.00013549379483800687,-0.00031962711073025315,36.5,26.0
0.9302325581395349,0.0008276101407607603,0.0006372359323164904,0.00025743884374821656,2.9783827061649317,-0.0003070726209701502,-0.00024257494858941525,-0.00029278914274266085,36.5,26.0
0.9327331832958239,-0.0008633214308662158,0.0006437602861259934,-0.00029989847607918816,2.986389111289031,-0.0003678781275543266,-0.00030189404991530234,-0.0002752629654698999,36.5,26.0
0.935233808452113,-0.0001985213442715787,-0.0006295419591553591,0.00017037747043950876,2.9943955164131304,-0.0004034346424164806,-0.0003026471892902764,-0.00024049765615137504,36.5,26.0
0.937734433608402,0.0009609170160037126,0.00021492465850098073,-0.001448907678567094,3.0024019215372295,-0.0004198304594553978,-0.00024924973714390006,-0.00017554350288979638,36.5,26.0
0.9402350587646912,-0.00015090622177396643,-0.0010125813795138373,3.4775132784877825e-05,3.010408326661329,-0.0004224459038536649,-0.0001554218925873671,-0.00013565773725689642,36.5,26.0
0.9427356839209802,-0.0016050841715578462,-0.0006788364804001065,-7.200254207443571e-06,3.018414731785428,-0.0004082512816426478,-4.592536675360891e-05,-0.00010782163091132963,36.5,26.0
0.9452363090772693,0.00025631878026401546,0.0012109994447452874,0.0008130374922771626,3.0264211369095273,-0.00036460603621251385,4.5352605834188435e-05,-8.698373515755296e-06,36.5,26.0
0.9477369342335583,0.00029114487810347287,0.0006682439530091201,-1.691541574550944e-05,3.034427542033627,-0.0002747151703217746,9.189111493545142e-05,0.00015761935820451494,36.5,26.0
0.9502375593898474,-0.001263825806789973,0.0010688438761700305,0.0019153358081256554,3.042433947157726,-0.00012531419147911236,9.361593561252699e-05,0.0002899605684835541,36.5,26.0
0.9527381845461365,-0.00016489024072672336,0.00040007740378524383,0.0010453594917548704,3.050440352281825,8.22188897851226e-05,7.93478824380324e-05,0.00034678413092818636,36.5,26.0
0.9552388097024256,0.0005665875874424595,-0.0007420938819199372,0.001604526864704076,3.0584467574059246,0.00032261924080163266,8.383120388066854e-05,0.000358952490599223,36.5,26.0
0.9577394348587146,0.0006895405897986226,0.0006121520829895582,-0.0013430432035621024,3.0664531625300238,0.0005479444060169994,0.00011760566384056426,0.0003067050193477533,36.5,26.0
0.9602400600150037,0.0010816694318592356,0.0005341404829325713,-0.0011541593889349872,3.074459567654123,0.0006993804047029249,0.0001637495162417935,0.00016446140353601905,36.5,26.0
0.9627406851712929,0.0006248004099678318,0.001033379728879286,0.0014062718042098707,3.0824659727782224,0.0007282919402899326,0.00020039837863644863,-1.8176219994886464e-05,36.5,26.0
0.9652413103275819,0.0003465140019870938,0.002014583175838638,-0.000635429154988046,3.0904723779023215,0.0006207788036714081,0.00021419616112466173,-0.00018009677828310206,36.5,26.0
0.967741935483871,0.001482530789403103,-0.0010287764191334546,0.0003017918972048476,3.098478783026421,0.0004076798773631206,0.0001956411711684918,-0.0002574665021237465,36.5,26.0
0.97024256064016,0.0005246083247711466,-0.00021998200616725198,0.00018308904028409577,3.10648518815052,0.00015321138633538555,0.00013778266155839412,-0.0002203288096757971,36.5,26.0
0.9727431857964491,-0.0012928799713307559,0.0005451523368754682,-0.00028729685443164857,3.1144915932746193,-6.648633380097312e-05,4.493626631995153e-05,-0.00016314460695169775,36.5,26.0
0.9752438109527382,-0.0021873644391788433,-0.0008029613171843445,-0.0020589744417190098,3.122497998398719,-0.00019377707550676562,-6.226641591912982e-05,-0.00014284140998324922,36.5,26.0
0.9777444361090273,0.00033504813251528575,-0.002297316068549531,-0.0009318058182873919,3.130504403522818,-0.0002174316432730671,-0.00015466001494324598,-6.768405587335177e-05,36.5,26.0
0.9802450612653163,0.00027132683822958065,0.0012232896817283123,0.0012476288436527375,3.138510808646917,-0.00017039264280601252,-0.00020754557166161475,5.128059881969659e-05,36.5,26.0
0.9827456864216054,0.0005979440632202632,0.0021170893283017555,-3.866701984831439e-05,3.1465172137710167,-0.00010458050135906673,-0.00020451070371921813,6.193420219409237e-05,36.5,26.0
0.9852463115778944,0.0008062924522536194,-0.0015214840320381413,-0.00038039096853204144,3.154523618895116,-6.5959897098487e-05,-0.00013671227459723957,-1.6063781911323122e-05,36.5,26.0
0.9877469367341836,0.0004909024960890957,0.0012280627973459267,-0.00012648775341574675,3.1625300240192153,-7.488853199720043e-05,-9.926173101120666e-06,-3.037737108319413e-05,36.5,26.0
0.9902475618904726,0.0013713200912235965,-0.0014192272169189029,-0.00012101967861131581,3.1705364291433145,-0.00012084350037157095,0.00015203769716053744,-6.486759565264613e-06,36.5,26.0
0.9927481870467617,0.00048348101303398124,0.0005052856766530274,4.3856891976474956e-05,3.1785428342674136,-0.00017593755273001788,0.000318131815930013,-5.9460160642833417e-05,36.5,26.0
0.9952488122030507,0.0006086629729838385,0.0016185152527302125,-0.00036426071606892165,3.186549239391513,-0.00021360731567047022,0.00046201969700840296,-0.00015453164460249176,36.5,26.0
0.9977494373593399,-0.0005472106101992231,0.001154941396222007,6.17891418301279e-05,3.1945556445156122,-0.00022310385323034092,0.000564556216688004,-0.0001987406441509514,36.5,26.0
1.000250062515629,-0.0003037356336224103,0.0016859037514042685,0.00041888231069122864,3.2025620496397114,-0.00021630745175319502,0.000610239172658241,-0.00017226474254281634,36.5,26.0
1.0027506876719179,-0.0011709848856814018,-0.0011802037707862542,-0.0014317852045390767,3.210568454763811,-0.00021833784779988458,0.0005870164131851732,-8.756718870103757e-05,36.5,26.0
1.005251312828207,0.0010073836981182229,0.00010308130489517185,0.0011490654623082228,3.21857485988791,-0.00024526801221988817,0.0004969019347322739,9.309877955816881e-06,36.5,26.0
1.0077519379844961,3.618942431792237e-05,-0.001706988528379984,0.00048244105158845807,3.2265812650120096,-0.0002897773320880429,0.00036455697455260445,5.96361834023369e-05,36.5,26.0
1.0102525631407853,-0.0007151853534404947,-0.0007311732134815433,-0.0008109477021188096,3.2345876701361087,-0.0003233801000671664,0.0002255549547066988,0.00010551589115361483,36.5,26.0
1.0127531882970742,0.0007945485129454898,-0.0003064292628106749,0.0004883955370980612,3.242594075260208,-0.00031126192583501815,0.00010811676114426028,0.00018868480312673357,36.5,26.0
1.0152538134533633,0.0012346578815577288,0.0007434563252943758,0.001582520930938365,3.2506004803843074,-0.00023425080855473193,2.5191338769312763e-05,0.0001845471820494503,36.5,26.0
1.0177544386096524,0.0015257476974303795,-0.0005979284814213309,-5.423316060786494e-05,3.2586068855084065,-0.00010135882105279456,-2.9011929488197287e-05,3.661859729085002e-05,36.5,26.0
1.0202550637659416,-0.00031192924651346623,0.00016340340541854572,0.0004997717250154908,3.2666132906325056,5.448851987842231e-05,-7.354320593822811e-05,-6.374568442014866e-05,36.5,26.0
1.0227556889222305,0.0009814069227030368,-0.0017161930520517169,1.836538653783714e-05,3.274619695756605,0.00019062547984766473,-0.00012283596542419595,-3.481336681121994e-05,36.5,26.0
1.0252563140785196,-0.0011779958375522572,0.0019691149348406685,0.00033024558943996294,3.2826261008807043,0.00027427621794742454,-0.00017505439251412028,-4.7825179525037973e-05,36.5,26.0
1.0277569392348087,0.0006563114409144057,-0.0012500618711946783,0.0003997784626475513,3.290632506004804,0.0002947591269036607,-0.00021626714388003155,-0.00012034057509419089,36.5,26.0
1.0302575643910978,-0.0004131188659487488,0.001866553921843806,-0.00040121547777596415,3.298638911128903,0.00025923281923688924,-0.00023236990297706566,-7.910405320600048e-05,36.5,26.0
1.0327581895473867,0.0009054118641864708,0.0004430148227103078,-0.0001050856180453955,3.306645316253002,0.00018454344163622473,-0.0002200822294896378,4.690542751696517e-05,36.5,26.0
1.0352588147036759,-0.0011083241872178273,8.50117979177108e-06,7.940348872798667e-05,3.3146517213771016,9.602224029824446e-05,-0.00018812539378569178,8.942007392425209e-05,36.5,26.0
1.037759439859965,6.47831495228076e-05,-0.0009724719433334567,0.0007005893354317066,3.3226581265012007,2.4271366265948938e-05,-0.00014996195960869253,4.168516063061134e-05,36.5,26.0
1.0402600650162541,-0.0017716143873403602,-0.0027952300810906087,-0.00021197200365445247,3.3306645316253,-9.268943731612368e-06,-0.0001237343375777645,-2.4000544124412144e-05,36.5,26.0
1.042760690172543,0.0004712909635940312,-0.00038544212532911097,0.0010377180844181534,3.3386709367493994,-4.799222994193746e-06,-0.00013129127773281408,-6.557938619565246e-05,36.5,26.0
1.0452613153288322,-0.0003521103423761585,-0.0014789916023382984,-0.0012360645692112233,3.3466773418734985,2.2191071466238602e-05,-0.00017932199602176637,-3.683571342720959e-05,36.5,26.0
1.0477619404851213,0.0004621753489470688,-2.269933747328451e-05,0.00013384763730150249,3.3546837469975976,5.844186559430104e-05,-0.00024617565488419766,2.0773424632191537e-06,36.5,26.0
1.0502625656414104,0.0007982793979532829,-0.0007782890632732603,-0.00022461591310508647,3.362690152121697,9.86257490159883e-05,-0.0002932783748128633,-6.775929115753589e-05,36.5,26.0
1.0527631907976993,0.0009382149611334022,-0.0011197161754249677,-0.002372664248966477,3.3706965572457963,0.00013405427035467518,-0.0002855495326310964,-0.00017605775819328086,36.5,26.0
1.0552638159539884,0.0007105898771055095,0.00076430986891841,2.4579704845605794e-05,3.378702962369896,0.0001463112199403418,-0.00021152042232854608,-0.00019836890871898546,36.5,26.0
1.0577644411102776,0.0003426245809202401,0.00036019939418549817,0.0004617199299013745,3.386709367493995,0.0001200660985474223,-9.512272146442027e-05,-0.0002155616066137991,36.5,26.0
1.0602650662665667,0.0003364532274107993,-0.00014244019810529315,-0.0006248131970889006,3.394715772618094,6.068273695525897e-05,1.6355393882098773e-05,-0.00031058259558289724,36.5,26.0
1.0627656914228556,0.0007658720601965049,-1.214594046289787e-05,0.001368648885354467,3.4027221777421937,-3.416539091446963e-06,8.091945699955909e-05,-0.00036767636143322606,36.5,26.0
1.0652663165791447,1.937965566383105e-05,-6.358335042547929e-05,0.0009932780224273805,3.4107285828662928,-3.567639502015876e-05,8.26206080715046e-05,-0.00029820152855300974,36.5,26.0
1.0677669417354338,-0.0007140227204178643,0.00024192424883119607,0.001236526530739707,3.418734987990392,-8.545113538292981e-06,3.423196336356978e-05,-0.0001695611947017597,36.5,26.0
1.070267566891723,0.0010111078960394293,0.00037345452056714983,0.0004919358798637201,3.4267413931144914,8.871273693793823e-05,-3.5683695126954536e-05,-3.264162174554501e-05,36.5,26.0
1.0727681920480119,0.00027337415522939683,0.0006171202837520183,-0.0009709324352920655,3.4347477982385906,0.00024715861449215354,-0.00010172265214757683,0.00012379956542445401,36.5,26.0
1.075268817204301,-6.98964460704624e-05,-0.0005836330114133986,-0.00016640720489004968,3.44275420336269,0.0004348266528007036,-0.00014897442829539585,0.0002989657737487298,36.5,26.0
1.0777694423605901,0.001096396714348689,-0.00025486859111714763,0.00025635493977050494,3.4507606084867892,0.0005993999856596353,-0.00016975783661573495,0.00045927605673784223,36.5,26.0
1.0802700675168793,0.0014637533134850798,0.0013610695783726108,0.00045202833390936613,3.4587670136108883,0.0006825179287969975,-0.00016843995828553588,0.0005154586596186034,36.5,26.0
1.0827706926731682,0.00118432457628329,0.0004614869361537482,-0.002341138424885036,3.466773418734988,0.0006388176686699363,-0.00016959858983736016,0.00043735529076823816,36.5,26.0
1.0852713178294573,0.0018277121432065118,0.0001299927368591434,0.0001547708631445465,3.474779823859087,0.0004546603537246725,-0.00020647599639111774,0.00036331126960361396,36.5,26.0
1.0877719429857464,-0.0003505915858608119,0.0010112802836923492,-0.001869161038908604,3.482786228983186,0.00016442914030046347,-0.00029246828475843514,0.00039000142305329135,36.5,26.0
1.0902725681420355,-0.0004534105139020854,0.00012012459080702402,-0.0008894310061658869,3.4907926341072857,-0.0001520667584524981,-0.000405711979605279,0.0004340673711155966,36.5,26.0
1.0927731932983245,0.00046016870112923865,0.0003853928295460813,-0.00026046749987245177,3.498799039231385,-0.0004020899708547103,-0.0005021957771246201,0.00042087138057415657,36.5,26.0
1.0952738184546136,-0.00041995226157940654,-0.00011852394160562701,-0.0017704530012276176,3.5068054443554844,-0.0005222469614583366,-0.0005437219576687805,0.00035502469312548215,36.5,26.0
1.0977744436109027,0.0002828548885564289,-0.001033376545994062,0.0012252311189810147,3.5148118494795835,-0.0004995623186713273,-0.0005191651225015996,0.00023821157908654494,36.5,26.0
1.1002750687671918,0.0005624453808241225,0.0017800538572711173,-0.00015055826016053782,3.5228182546036826,-0.0003632245848214261,-0.00044457727069766994,0.00011497724699875295,36.5,26.0
1.1027756939234807,0.00048393730833300695,-0.0030932987875867696,-0.0003754634601432775,3.530824659727782,-0.00016684927898847628,-0.00034732812529683036,5.36704349872883e-05,36.5,26.0
1.1052763190797699,0.00039585338501460515,-0.0002558944919929864,-0.0008409206678501122,3.5388310648518813,2.443986999499706e-05,-0.0002551124751549802,4.523691711842149e-05,36.5,26.0
1.107776944236059,0.0007274646491355778,0.002243692009426109,0.0006192643062187095,3.5468374699759804,0.00015345593845833176,-0.00019446921132826165,8.267318572149528e-05,36.5,26.0
1.1102775693923481,0.0012437558560151741,-0.0007995280488753384,0.0018526863678418428,3.55484387510008,0.00019832966535117204,-0.00018423318176509452,0.00019881949044422265,36.5,26.0
1.112778194548637,0.0006814925019399268,0.0007234926624685018,-0.0003443109529468145,3.562850280224179,0.00017958909973888695,-0.000222538143652408,0.000339204788285052,36.5,26.0
1.1152788197049261,-1.2714491021671277e-05,-0.001635206526942635,0.0008121717278874221,3.5708566853482786,0.00013667681584881002,-0.0002847353810448544,0.000413087501036154,36.5,26.0
1.1177794448612153,-0.0006021249619191077,0.0013008004326808054,-0.0003136669362515609,3.5788630904723777,0.00010118300729975207,-0.0003391135771182174,0.00041595977253068664,36.5,26.0
1.1202800700175044,0.0007884476927827844,0.0011550075420133294,-0.00022180951631373358,3.586869495596477,8.445253859387663e-05,-0.000366662969458586,0.0003356329784833611,36.5,26.0
1.1227806951737935,0.001042342514981679,0.0010725733156748125,-0.00038203126788366416,3.5948759007205764,7.867915195771473e-05,-0.00036779421334572754,0.0001240939105338319,36.5,26.0
1.1252813203300824,-0.0009503672632111592,0.00013167316761750298,-0.0004380473018745634,3.6028823058446755,7.011954306334622e-05,-0.00035064898782743704,-0.00015358586539475046,36.5,26.0
1.1277819454863716,-0.00044665932871524813,0.0002706100171260473,0.0019219984860228097,3.6108887109687746,5.231624202806387e-05,-0.0003162863313506373,-0.00034174383053327414,36.5,26.0
1.1302825706426607,-0.0015442176232644475,-0.0004034719315137435,-0.0004667097099794297,3.618895116092874,2.7660490356723538e-05,-0.0002583659871641665,-0.00036857092866891144,36.5,26.0
1.1327831957989498,-0.0014936676351471987,-5.632800565841456e-05,-0.0008082766571231612,3.6269015212169733,5.182011436522682e-06,-0.00017198417145759348,-0.0002796922862191814,36.5,26.0
1.1352838209552387,0.0007045934478638798,-0.0025998704596482615,0.00018517389952933102,3.6349079263410724,-9.656470498682363e-07,-6.0518037368042395e-05,-0.0001555375174272976,36.5,26.0
1.1377844461115278,-0.0003414707418548864,0.0008701269732845963,-0.0007079310509307157,3.642914331465172,1.684999280931755e-05,6.0821878214697395e-05,-5.9048429794770596e-05,36.5,26.0
1.140285071267817,-0.001055238976033024,-0.0013636291989361506,0.0010796002621755024,3.650920736589271,4.941489000925851e-05,0.00016513832906300233,-2.729667056641156e-05,36.5,26.0
1.142785696424106,5.51043224884785e-05,0.0002394858600423343,-0.0008321597946083068,3.6589271417133706,8.16443013638988e-05,0.00021948841601062124,-6.85359243031851e-05,36.5,26.0
1.145286321580395,0.0013185832166678264,-0.0008116656422867927,4.1639283100735555e-05,3.6669335468374697,0.00010641094374724204,0.00019951568975472826,-0.00014098706543789804,36.5,26.0
1.1477869467366841,-0.0012230426948854319,0.0010362986423438974,-0.0002387023856240971,3.674939951961569,0.00012312010554629043,0.00010951334817426133,-0.00019111622752469339,36.5,26.0
1.1502875718929733,0.00015698019089112317,0.001340153395208369,3.00983142440167e-05,3.6829463570856684,0.00013341574471756014,-1.4180595638995817e-05,-0.00022584734383021503,36.5,26.0
1.1527881970492624,-0.0007560208481773851,0.0005064076521289677,0.0011057425892604092,3.6909527622097675,0.0001415182832454307,-0.00012791856175129512,-0.00024373231442189404,36.5,26.0
1.1552888222055513,0.0011386340617898004,-0.0005529669470651516,0.0012740176047553022,3.6989591673338666,0.00015176286023506968,-0.00020589652812860227,-0.00018659675462740478,36.5,26.0
1.1577894473618404,0.0005010810148243409,0.00019272583311957835,0.0003063505331086514,3.706965572457966,0.0001635372272767456,-0.00024141936571657458,-5.822184070565217e-05,36.5,26.0
1.1602900725181295,0.0005459754214254384,0.0006699294387940352,-0.0013233854976510515,3.7149719775820653,0.00017175201507238537,-0.00023809126492718122,7.008625838164611e-05,36.5,26.0
1.1627906976744187,-0.0002517374286319876,0.0006463591847993258,-0.0006416638219506437,3.722978382706165,0.00016849249859320046,-0.0002067189945099001,0.0001502843999625579,36.5,26.0
1.1652913228307076,2.3886868870465503e-05,-0.00022173040957430994,0.0014409439299202958,3.730984787830264,0.00014421927837175068,-0.00016485448536564956,0.0001514515837488987,36.5,26.0
1.1677919479869967,0.00014342271155953225,0.001089507591590748,-0.001801133531802166,3.738991192954363,9.559604433687289e-05,-0.00013307790421506066,0.0001164501468012904,36.5,26.0
1.1702925731432858,0.0010004085976249913,-0.0005978748879277288,-9.010640582889674e-05,3.7469975980784627,3.12860038105955e-05,-0.00012458080802514452,0.00015768055938970073,36.5,26.0
1.172793198299575,0.0007433887909052199,-0.0008749030392266539,-0.001843493542506521,3.755004003202562,-3.252672421781265e-05,-0.00013429656498254678,0.0002365844080030051,36.5,26.0
1.1752938234558639,0.0002899717281258652,0.0002535346752491013,-0.0007056511239494442,3.763010408326661,-8.098002552169186e-05,-0.00014332705560446692,0.0002095790409670404,36.5,26.0
1.177794448612153,-0.0003478122567001823,0.001742273216190037,-0.0009516044254702298,3.7710168134507605,-0.00010612811956181795,-0.00013445026000902108,0.0001009215714665676,36.5,26.0
1.1802950737684421,0.0006566259145203688,-0.0014839501647423506,0.00011591300742588108,3.7790232185748596,-0.00010560759027445196,-0.00010087640984269509,-1.3195430852575795e-05,36.5,26.0
1.1827956989247312,-0.0007322639661922751,0.0012418851736312104,0.0009463975399848458,3.787029623698959,-7.864408010694476e-05,-4.968375785879612e-05,-0.0001517934098541268,36.5,26.0
1.1852963240810201,-0.0005124837514149592,0.00054957094604656,-0.0017286796683000237,3.7950360288230582,-2.4734214029390996e-05,4.854500902172782e-07,-0.0002605330703229071,36.5,26.0
1.1877969492373093,-0.0005943807888009558,0.0016434884516816095,-0.00019872430488720053,3.8030424339471574,5.248873669030495e-05,3.367926225429132e-05,-0.0003035777661132879,36.5,26.0
1.1902975743935984,-0.0011170942151507099,0.001908763670419177,-0.0012626367109634209,3.811048839071257,0.0001374643107764438,4.747658355278506e-05,-0.00038728259644364824,36.5,26.0
1.1927981995498875,-0.0005093968751993819,-0.000524876289850711,0.0003040795477160724,3.819055244195356,0.0002020200859785944,5.011241261045707e-05,-0.00046792020043771686,36.5,26.0
1.1952988247061764,-0.0011424096594260258,0.0005107329506401178,-0.0014480123646716647,3.827061649319455,0.00021946759871352254,5.492191290654003e-05,-0.00040185782980994985,36.5,26.0
1.1977994498624656,0.001433442141462005,0.0016248803243950618,-0.0015364815328862825,3.8350680544435547,0.00018195038555038524,7.693815052856424e-05,-0.0002985821631855162,36.5,26.0
1.2003000750187547,-0.0013154559092565272,-0.0003189491916295491,0.0011733955173450009,3.843074459567654,0.00010464677970523897,0.00012991687145891517,-0.00028715518592957017,36.5,26.0
1.2028007001750438,0.0008055703394338784,0.0006079657937229732,-0.0007461994778320004,3.851080864691753,1.817958597284211e-05,0.0002245810909983767,-0.00026646409173192734,36.5,26.0
1.2053013253313327,-0.0005963121230346076,0.0017013474574943416,-0.0007925519669796444,3.8590872698158525,-4.233325081568255e-05,0.0003605230550794957,-0.00018646644222641655,36.5,26.0
1.2078019504876218,-0.0006221836271220049,-0.0009237895132981274,-0.0013049509802377098,3.8670936749399516,-5.139351846381856e-05,0.0005147491989065879,-9.929763740714252e-05,36.5,26.0
1.210302575643911,-0.0007698798455542189,-0.00016644414891241644,-0.00032769103638190055,3.875100080064051,-4.414643059948704e-06,0.0006510670251913353,1.1825482388962892e-05,36.5,26.0
1.2128032008002,-0.00025572808800114656,0.00021047476076070602,0.001672184302119867,3.8831064851881503,8.262737911022144e-05,0.0007446440598705747,0.00011839041855352403,36.5,26.0
1.215303825956489,0.0016471945580901362,0.000111003939899464,0.0008826825028333381,3.8911128903122494,0.0001804658858257856,0.0007892238742022869,0.00017504523215293162,36.5,26.0
1.2178044511127781,0.00011958132709588725,0.0015311623741128765,-0.0006087732115754446,3.899119295436349,0.00025710227018992885,0.0007873428077196873,0.00028843020958874626,36.5,26.0
1.2203050762690673,-0.0009145309322129387,-0.0007161443137430588,0.0009094304557847835,3.907125700560448,0.0002905476366423854,0.0007443196341537762,0.00048216396459123065,36.5,26.0
1.2228057014253564,6.600990694941307e-05,0.0004277974024067849,-0.00043701963801660957,3.915132105684547,0.0002739423664471875,0.0006697823364307502,0.0005565394473610215,36.5,26.0
1.2253063265816453,-7.482832852189233e-05,0.000990097849289279,-0.0005471744107072651,3.9231385108086467,0.00021345316457004385,0.0005802780061885786,0.0004410132457834466,36.5,26.0
1.2278069517379344,0.0004994933958465838,-0.00037861360754454573,-0.00039587034515909167,3.931144915932746,0.0001280901472370759,0.0004974471038945184,0.00029246209917190827,36.5,26.0
1.2303075768942235,0.0005290987873694031,0.0004404190496237761,-0.0003419921692687977,3.9391513210568454,4.723687675188658e-05,0.0004380618294595651,0.00018933882894002504,36.5,26.0
1.2328082020505127,-0.0009994343051808777,0.0009115937466088488,-0.0011150679169684736,3.9471577261809445,-3.2767847183557983e-06,0.0004056676809787807,8.45217874069603e-05,36.5,26.0
1.2353088272068016,0.00035369561657595393,0.00098856344026284,0.0009562675593118693,3.9551641313050436,-1.97948072560856e-05,0.00039714051808809015,-3.1492031056888665e-05,36.5,26.0
1.2378094523630907,0.0014811862489653696,0.0013807574028720428,-0.0006205158179257191,3.963170536429143,-2.1002767836062635e-05,0.000408867358512639,-0.00013812994660008653,36.5,26.0
1.2403100775193798,0.0007024113550418746,0.00022821710894202192,-0.0005068370617050086,3.9711769415532423,-2.3856399023023224e-05,0.00042767556814254893,-0.00020705602775613946,36.5,26.0
1.242810702675669,-0.00042807594781792656,0.00011469836560281868,0.0010537525665159028,3.9791833466773414,-2.4860017245934477e-05,0.000426385929126169,-0.00018185053631612254,36.5,26.0
1.2453113278319579,-0.0006866638055935875,0.0011932245742496052,-0.0009105166342391075,3.987189751801441,-9.885075443919706e-06,0.00038005767497267936,-0.00011218049390819304,36.5,26.0
1.247811952988247,0.0006461357331841603,0.0018805704554663949,-0.0010612798947166307,3.99519615692554,2.2976485669595826e-05,0.0002892148102161077,-0.000180001388357327,36.5,26.0
1.2503125781445361,0.0007472961916070757,0.00016946492879201677,0.0009025255889874311,4.00320256204964,5.5936329225668626e-05,0.00018575487076849593,-0.00042463976386817817,36.5,26.0
1.2528132033008252,-0.00021889721591076408,0.0011519749987038664,-0.0006371656375055751,4.011208967173738,6.698787175148944e-05,0.00011291401589467838,-0.0006485884898388805,36.5,26.0
1.2553138284571141,-0.0003474412255247916,0.00036779830579163216,0.0005528183031986981,4.019215372297838,5.0653054481009023e-05,9.668066484927202e-05,-0.0006822405794024894,36.5,26.0
1.2578144536134033,6.69730145819645e-05,-0.0021245592554428056,-0.0006025245320269105,4.027221777421937,1.8623706264191144e-05,0.00013361217901936096,-0.000553729004208206,36.5,26.0
1.2603150787696924,0.001305824425544986,-0.0018701039040567849,-0.0003038048576515535,4.035228182546037,-1.989262141382333e-05,0.0002005889874717229,-0.00039729881206427317,36.5,26.0
1.2628157039259815,0.00011859079197925632,0.0015912120835581936,0.0006730391937376105,4.043234587670136,-6.784388418643955e-05,0.000268594763653169,-0.00029235691694031834,36.5,26.0
1.2653163290822704,-0.0006223187405518793,0.0009086882641541602,-0.0009801027530078838,4.051240992794235,-0.00012611262473214086,0.0003105826192437343,-0.00017567384908259722,36.5,26.0
1.2678169542385596,-0.001225131268036396,0.000990722725198564,-0.00033259910492885694,4.059247397918335,-0.00017879603886990106,0.0003114382622646794,3.737281443806177e-05,36.5,26.0
1.2703175793948487,-0.0002241248599408689,-0.0010472345263547508,0.0021872570073868665,4.0672538030424334,-0.00020064707042451526,0.00027640526113747375,0.00024421576045419754,36.5,26.0
1.2728182045511378,0.0003960609198975205,0.001396469948435699,-0.0007821406179206007,4.075260208166533,-0.00017931931884819757,0.0002281028507289477,0.0002537598041104762,36.5,26.0
1.2753188297074267,0.0012457188316808815,0.00017470615388272192,-0.00033162366152221664,4.083266613290633,-0.00012674145709190083,0.0001948506086904105,8.736795453728762e-05,36.5,26.0
1.2778194548637158,-0.000385547880494965,-0.00025450852345515116,0.0004506645243803273,4.091273018414731,-6.684140974923462e-05,0.00019559979114480274,-4.933512771595145e-05,36.5,26.0
1.280320080020005,-0.001732037797118984,-0.00013442572112052392,0.0009861263367674563,4.099279423538831,-1.5612529531536382e-05,0.0002282364153050978,-7.887856248293573e-05,36.5,26.0
1.282820705176294,-0.0011230254393663948,-0.0021940169615804997,-0.0011254146110781956,4.10728582866293,2.5981994933192447e-05,0.00026936887025733275,-0.00011961889267400068,36.5,26.0
1.2853213303325832,-0.0015150362456816612,0.0025296131633877244,-9.097182149119299e-05,4.115292233787029,6.576274249106982e-05,0.0002863163960039704,-0.000244698544908948,36.5,26.0
1.2878219554888721,0.0007930917217763133,0.0006946517018077973,7.254032578152221e-05,4.123298638911129,0.00010776554008381102,0.00025425857791409114,-0.0003558523876096458,36.5,26.0
1.2903225806451613,-0.0015402844840754352,-0.00013756785904250882,-0.0005031762506409563,4.131305044035228,0.00014353356683591807,0.00017046666581670735,-0.0003481436179882328,36.5,26.0
1.2928232058014504,0.001535635770254839,-5.950599901282831e-05,0.00038217190062034647,4.139311449159327,0.00015962923304333203,5.9888708949476226e-05,-0.00025062701937480386,36.5,26.0
1.2953238309577395,-0.000672743379731083,0.0004165138918239899,0.000746401167264548,4.147317854283426,0.0001511015619029023,-3.752960031476387e-05,-0.00012184270467415315,36.5,26.0
1.2978244561140284,0.0013806260053830957,-0.001762954440225565,-0.00024890358155013316,4.155324259407526,0.00012218235742655784,-9.350866552357417e-05,3.2647276062153e-05,36.5,26.0
1.3003250812703175,-0.001009627863406692,0.0005234817322609656,-0.001901452259595844,4.163330664531625,8.005583993622026e-05,-0.00010385733057728831,0.0001920939503813479,36.5,26.0
1.3028257064266067,8.22765935254379e-06,-0.00028391051655327456,-0.0006367232886421089,4.171337069655724,3.133770427674745e-05,-7.896974532995462e-05,0.0003254676060404086,36.5,26.0
1.3053263315828958,-0.0010616808146747321,0.0012234899017401276,-0.0006692317249252878,4.179343474779824,-2.0427484767259723e-05,-3.467149412554276e-05,0.00041296458644690594,36.5,26.0
1.3078269567391847,-0.0021028731696162363,0.0024109791338717892,0.00045501569382035633,4.187349879903923,-7.174155765419577e-05,7.783341160668604e-06,0.0004078025194043914,36.5,26.0
1.3103275818954738,-0.002324404631591037,0.00015426252916566184,0.00046753535801761603,4.195356285028022,-0.00011469673181927906,2.2831799972692522e-05,0.00031446027146098804,36.5,26.0
1.312828207051763,0.000641554319393531,-0.00020789994789850938,-0.0005998624196084263,4.2033626901521215,-0.00014544597736712946,-1.0231787361134791e-05,0.00022847098405620137,36.5,26.0
1.315328832208052,-0.0009378642422666641,-0.0005914301579599297,0.0009938114838072684,4.211369095276221,-0.00017348921059908424,-9.257312258086328e-05,0.00018813226591259536,36.5,26.0
1.317829457364341,-0.000404246577986398,0.0005810708521149444,-0.0006925291939216678,4.21937550040032,-0.00021178166310610653,-0.00019688117279498425,0.0001355603861634653,36.5,26.0
1.32033008252063,0.0010439986017397845,0.00012621627065149052,0.0001668788936967851,4.227381905524419,-0.00025751381871896,-0.00027756308871763034,3.3957290545837315e-05,36.5,26.0
1.3228307076769192,-0.0008294951925502372,0.0016664770922577335,7.999359152240161e-05,4.235388310648519,-0.00028610028241011164,-0.0002967682598456051,-9.275622712587672e-05,36.5,26.0
1.3253313328332084,-0.0006552918751159561,-6.762307911945822e-05,-0.0018870429087057704,4.2433947157726175,-0.0002678246545704744,-0.0002429968070323801,-0.00015072641160913784,36.5,26.0
1.3278319579894973,-0.000342016825585607,-0.0007355549143747388,0.0004762824039499275,4.251401120896717,-0.0001939519649383275,-0.0001300631662501167,-1.8958803462221214e-05,36.5,26.0
1.3303325831457864,-0.0005877361363435629,-0.0005958360163379848,0.0011690896572416178,4.259407526020817,-8.471086144074311e-05,1.273197925083004e-05,0.0002308509070384714,36.5,26.0
1.3328332083020755,-0.0005154017481949241,0.00013871749836836183,0.001352437340876757,4.267413931144915,2.8132636056224134e-05,0.00015039525502116017,0.0003535549239411227,36.5,26.0
1.3353338334583646,-0.0011061951927195115,0.0007456344420773165,0.0013597804996449124,4.275420336269015,0.00011779956930207657,0.00025170187819449017,0.0003392523574007684,36.5,26.0
1.3378344586146536,-0.0006726790672116812,-0.0005523958066147923,-0.0015957796803840938,4.283426741393114,0.00016208447997369,0.0002994199540067065,0.00039948510520039173,36.5,26.0
1.3403350837709427,-0.0003899750004522032,-0.0003548015236377008,0.0007290557468038728,4.291433146517213,0.00014337068043144703,0.00029792032984498956,0.0005139303771247869,36.5,26.0
1.3428357089272318,0.001215631123465359,0.0010963852198140104,-0.0001524099365130616,4.299439551641313,5.9790068966650826e-05,0.0002679000862731421,0.0005091577860806943,36.5,26.0
1.345336334083521,-0.00017961873857240922,0.0004839903145465796,-0.0013821454916039312,4.307445956765412,-6.805289344817217e-05,0.00023098918827052712,0.00041325720020245226,36.5,26.0
1.3478369592398098,0.0010822742399792568,0.0009420510995996208,-0.0007423576852944048,4.315452361889512,-0.0002077807647239228,0.00019839693004392812,0.00032168742993756827,36.5,26.0
1.350337584396099,0.0013023324973984365,-0.00013322228745690312,-0.0008468833554906642,4.32345876701361,-0.0003311565566354592,0.00016699180983291846,0.00024400347358891728,36.5,26.0
1.352838209552388,0.000244979016663724,-0.0013961547301128928,9.929774147572879e-05,4.33146517213771,-0.0004180293592728752,0.00012487005946114414,0.00021626445755290363,36.5,26.0
1.3553388347086772,-0.0013898987915939216,-0.00035574676756649544,0.0007312642504851084,4.3394715772618095,-0.0004533258213866043,6.789740004283942e-05,0.00021278858185047904,36.5,26.0
1.3578394598649661,-0.00031304049160236846,-0.0006143452797853157,-0.00015818656548219757,4.347477982385908,-0.00042785008722003406,9.337464858160202e-06,0.00011535733895246688,36.5,26.0
1.3603400850212553,0.0010828570431103736,0.0010099777573754042,0.0010738123727191743,4.355484387510008,-0.0003428595442501333,-3.074628760883827e-05,-1.2755776237211751e-05,36.5,26.0
1.3628407101775444,0.0011647357818934867,0.0006275351248370463,-0.001059057992874969,4.363490792634107,-0.00021501050467425547,-3.968649790828772e-05,-2.5849819660771154e-06,36.5,26.0
1.3653413353338335,0.0016054940083263416,0.001868379231494568,-0.0007270829914630864,4.371497197758206,-7.396053236554964e-05,-1.7019087957753657e-05,9.028983624657793e-05,36.5,26.0
1.3678419604901224,-0.0003035603149094735,0.001706511773406383,-0.0002505631942911837,4.379503602882306,4.886222412345033e-05,2.3412864741625734e-05,0.0001468910527537201,36.5,26.0
1.3703425856464115,0.0008872928604781022,0.00048752890137802245,-2.4811502045598724e-05,4.387510008006405,0.0001263496709875924,5.6980627371991095e-05,0.00020351845515887432,36.5,26.0
1.3728432108027007,-1.7172778411511258e-05,0.0007953335106996876,0.0008562679005477904,4.395516413130504,0.00013800442279680538,6.275907055006832e-05,0.0002291356778913559,36.5,26.0
1.3753438359589898,-0.00015032604983693194,-0.0018781987641861453,-0.00011952727836841108,4.403522818254603,8.450606424098073e-05,3.4803776003831674e-05,0.00010367320421908918,36.5,26.0
1.3778444611152787,0.0006455392155824258,0.0016532189525410846,0.0014799628195469243,4.411529223378703,-1.228200472428392e-06,-1.7803621950552866e-05,-0.00010615993935285482,36.5,26.0
1.3803450862715678,-0.0011079736390505563,0.0011314224816615722,0.0005058709379041589,4.419535628502802,-7.147395642933316e-05,-7.369460034127356e-05,-0.0002177184259099138,36.5,26.0
1.382845711427857,0.0004981740998143795,0.0005672666928679858,-0.0009271686780866563,4.427542033626901,-9.101490401912144e-05,-0.00010646511444259129,-0.00019238448047578097,36.5,26.0
1.385346336584146,-0.0008371729002166744,0.000735885497356852,0.0015909911644931196,4.435548438751001,-4.811035702339951e-05,-9.997599690023206e-05,-0.0001244701902483813,36.5,26.0
1.387846961740435,-0.00014072977070457392,-0.001166735272749804,-0.0003692269623281753,4.443554843875099,4.408052090799301e-05,-5.9493413462402466e-05,-8.766081373856005e-05,36.5,26.0
1.390347586896724,0.0009438403947426066,0.0011232117188059241,0.001262371377537542,4.451561248999199,0.00014977484019082298,-7.508099515318936e-06,-6.25694209624463e-05,36.5,26.0
1.3928482120530132,5.414645957490834e-05,-0.0018250135958652403,-0.00039730034775553466,4.4595676541232985,0.00022303917687293434,3.067347633795096e-05,-1.7757222075285718e-06,36.5,26.0
1.3953488372093024,0.0018394345974311152,-0.00014920401468111128,1.762100247706476e-05,4.467574059247398,0.0002261662696985877,3.905783393794624e-05,4.083812115072706e-05,36.5,26.0
1.3978494623655913,0.0016044141728311096,-4.617084591288653e-05,-0.0004654216732989449,4.475580464371497,0.00014626920610202908,1.6649508965988403e-05,-5.107638316607741e-05,36.5,26.0
1.4003500875218804,0.0027085126944698837,0.0021459229899054005,-0.0008095839459726683,4.483586869495596,1.7962459182623708e-06,-2.327376651689039e-05,-0.0002652578338565247,36.5,26.0
1.4028507126781695,0.0009797607143510905,-0.0004751031166776085,0.00022744443231307234,4.491593274619696,-0.0001681420525467685,-6.209913009175874e-05,-0.00043593205814965684,36.5,26.0
1.4053513378344586,0.0004269423013969355,0.0007409547162787825,-0.0018374583725765776,4.4995996797437945,-0.00032068948888460097,-8.630897653652547e-05,-0.00042000484226402976,36.5,26.0
1.4078519629907476,-0.0012630150738281072,-0.0015712641026929615,0.0004256460910051086,4.507606084867894,-0.00041938772161338625,-9.107981998267509e-05,-0.00024300853597511896,36.5,26.0
1.4103525881470367,-0.0015986084674188587,-0.00018795518673707362,0.0007773299729103323,4.515612489991994,-0.00044136504749162683,-8.237410671190534e-05,-8.925853379937114e-05,36.5,26.0
1.4128532133033258,0.00013395062732413998,0.0003598944663062772,-1.3579246332322062e-05,4.523618895116092,-0.0003861952808624917,-7.826151250210845e-05,-8.657800766136272e-05,36.5,26.0
1.415353838459615,0.0006509439003023278,-0.00024033016813343054,0.0013989352471137754,4.531625300240192,-0.0002773390865246576,-9.642953964158879e-05,-0.00012918168109990195,36.5,26.0
1.4178544636159038,-4.4289889175681925e-05,0.0014017856806482515,0.0010630424335169861,4.539631705364291,-0.00014780302982872408,-0.0001371473732692098,-9.816166282243722e-05,36.5,26.0
1.420355088772193,-0.00018339168986442498,0.00205665426845111,-4.708182758962002e-05,4.54763811048839,-2.2584218143914193e-05,-0.00018695679955163367,-0.00010174126874026161,36.5,26.0
1.422855713928482,-0.000223961293335611,-0.0010645051767017744,-0.0003166131688608233,4.55564451561249,8.608043311003902e-05,-0.00023382182352524683,-0.00022931514198292158,36.5,26.0
1.4253563390847712,-0.00044625926492706505,0.0010714866142808312,-0.00030999196805488747,4.563650920736589,0.00017401144503592663,-0.0002706717020866797,-0.00032610824190585795,36.5,26.0
1.4278569642410601,-0.0004476702606034036,0.0015685430052807799,0.001164119258974504,4.571657325860688,0.00024125555291268233,-0.0002927377082591198,-0.0002569294336503381,36.5,26.0
1.4303575893973492,-0.0008451945817857615,-7.001579070003027e-05,-0.0005487760126387479,4.579663730984787,0.0002928055684346527,-0.0002985162190670607,-0.00010102037507145539,36.5,26.0
1.4328582145536384,0.0007458218991606951,0.001590418814663724,7.420539046968797e-05,4.587670136108887,0.0003383663663351843,-0.0002911919756081996,3.0047557420018254e-05,36.5,26.0
1.4353588397099275,-1.4915819540763319e-05,0.0008824129047735894,-0.0007314782795742036,4.5956765412329865,0.0003827442104992944,-0.0002783980427500648,9.593045073211817e-05,36.5,26.0
1.4378594648662164,-0.00030249365640773576,0.0006951916495553615,-0.00027586168000968476,4.603682946357085,0.00041370758801394567,-0.00026669953605750255,9.210814794911748e-05,36.5,26.0
1.4403600900225055,-0.00132624191526233,-0.0011403472104307187,0.0004347065614682492,4.611689351481185,0.0004066578981894371,-0.0002519330063456597,8.169867066249836e-05,36.5,26.0
1.4428607151787947,0.0004487641891471634,-0.0008211533581167016,-0.00024253754241092168,4.619695756605284,0.0003467563426461618,-0.00022152385369675839,0.00011445178381172954,36.5,26.0
1.4453613403350838,0.0007763918476745273,-0.00010356627550397507,-0.0001074468538505497,4.627702161729383,0.0002447452359128504,-0.00017211603348678858,0.00011424233321816608,36.5,26.0
1.447861965491373,-0.0007722261218135454,-0.0010896048217329272,-0.0015387255644380077,4.6357085668534825,0.00013124962142019192,-0.00011914381340449225,1.0957419445901149e-05,36.5,26.0
1.4503625906476618,-0.000766676278753911,0.001457499970211154,0.0016173657228903623,4.643714971977582,3.5834869615401576e-05,-8.557681740366382e-05,-0.0001290942318504321,36.5,26.0
1.452863215803951,-0.0011300733409723024,0.0018065755100507247,-0.00011772636462433107,4.651721377101681,-3.272233651744698e-05,-8.665812645455934e-05,-0.00019025700962154566,36.5,26.0
1.45536384096024,-0.0004802545473644934,0.0015639685406562073,-0.0005180831027306957,4.65972778222578,-8.623738085327542e-05,-0.00012595153771218707,-0.00012942948099806313,36.5,26.0
1.4578644661165292,-0.0011988508205021213,-0.0008255421678074852,-0.0005911498322547173,4.66773418734988,-0.00013840253963784643,-0.00019808612543424382,-2.7918814714652566e-05,36.5,26.0
1.460365091272818,0.00029343163784487965,0.00015586752327948817,0.0009763754423738074,4.6757405924739786,-0.00019202425218790397,-0.0002887559053195155,-1.1315413066502124e-05,36.5,26.0
1.4628657164291072,0.0002387651132295355,-0.0006232549537218056,-0.0006128249511323158,4.683746997598078,-0.00024069769578583086,-0.00037245708543658096,-5.526626185987785e-05,36.5,26.0
1.4653663415853964,-0.0010108291207631859,-0.00029860507641961393,0.0011777695860660164,4.691753402722178,-0.00027301668747029825,-0.00041990311457388126,-1.726811695951179e-05,36.5,26.0
1.4678669667416855,-0.0010271054306185323,-0.0013180827935775755,0.0017230320808419024,4.699759807846276,-0.00027453922470772657,-0.00041566968452386545,9.450107958570766e-05,36.5,26.0
1.4703675918979744,3.281373695674279e-05,0.000716418109395846,0.0005502742432674201,4.707766212970376,-0.0002290269577841479,-0.00036735129899285947,0.00013590506627654894,36.5,26.0
1.4728682170542635,-0.00032243546265212905,0.0017976224528240986,0.0015689308589345624,4.7157726180944755,-0.00012401962315251007,-0.00029786429065195336,8.572304740964254e-05,36.5,26.0
1.4753688422105526,0.0002665632609382841,0.000322897796583392,-0.0007256365199409306,4.723779023218574,3.553093525516068e-05,-0.0002298844776761037,2.3227861691596972e-05,36.5,26.0
1.4778694673668418,-0.0004755721846707915,0.00020485221748581055,-6.97569926013201e-05,4.731785428342674,0.0002189090848622573,-0.00017824673675590234,-2.873334181186253e-05,36.5,26.0
1.4803700925231307,-0.0012132401072640648,-0.001124244685688227,-0.00023231423918090318,4.739791833466773,0.0003791314505856784,-0.00015563436739364348,-5.223489573923864e-05,36.5,26.0
1.4828707176794198,0.0006209146791649246,0.00027779485792336103,1.1115920512876657e-05,4.747798238590873,0.00047360420633249295,-0.0001724692191553862,-1.168101473604332e-05,36.5,26.0
1.485371342835709,0.0004590585523960757,0.0005564190645520545,0.0003280887308579853,4.7558046437149715,0.00048425679464105285,-0.00022406015937613284,6.510244272315953e-05,36.5,26.0
1.487871967991998,0.001267739560939329,-0.00232159310985578,-0.0002270873090017347,4.763811048839071,0.000424751549815444,-0.000288373086122684,0.00011562246415699651,36.5,26.0
1.490372593148287,-0.00022061610078719045,3.0188220453254004e-06,-0.0008922556476537107,4.771817453963171,0.0003273252641858975,-0.0003444322406060185,0.00010234924994585892,36.5,26.0
1.492873218304576,-0.0009208860270465773,-0.0012365564688848359,0.0002270849599758456,4.779823859087269,0.00022305337152806956,-0.0003875925296232721,5.908451866306931e-05,36.5,26.0
1.4953738434608652,-0.00018278985724682565,0.0005281840158990702,1.3745871407215837e-05,4.787830264211369,0.00013363475893483743,-0.0004242437761200281,9.286524702819109e-05,36.5,26.0
1.4978744686171543,-0.0001832884717780167,0.0001917751124974744,-0.0004379395870596426,4.795836669335468,7.094207361756438e-05,-0.0004577036777024383,0.00018639528520928098,36.5,26.0
1.5003750937734432,0.00025746824315620617,-0.0016833513204761587,-7.261919499708334e-05,4.803843074459567,3.4774955523832505e-05,-0.00047974726847724704,0.0001446818680897479,36.5,26.0
1.5028757189297324,-0.00042516309771502026,0.0009909042612138179,0.0008426064091174171,4.811849479583667,1.2093605140225008e-05,-0.0004770501504787575,-7.308130111258944e-05,36.5,26.0
1.5053763440860215,0.0014126857404641363,6.552437356257007e-05,0.0005532077888680932,4.819855884707766,-1.922766354980179e-05,-0.0004474638488020618,-0.00024873002064045756,36.5,26.0
1.5078769692423106,-0.0016468637886860996,0.0003567067733826231,-0.0013271170273196499,4.827862289831865,-8.065492629662143e-05,-0.0004042289071601393,-0.0002336482841653273,36.5,26.0
1.5103775943985995,-0.0005080766184283638,-0.0005267671222998881,0.0001301351490104506,4.835868694955964,-0.00017726039036115152,-0.00036736194500080544,-0.00010540334574134467,36.5,26.0
1.5128782195548887,-0.000494282955858716,0.0004762942707388201,3.1377792390184434e-05,4.843875100080064,-0.00028912424881103284,-0.00035636328470904806,-1.059607112701402e-05,36.5,26.0
1.5153788447111778,-0.0002175204730949674,-0.00019093900734598582,0.0007863318045946602,4.851881505204163,-0.00038145744884560676,-0.000384777770991253,1.6847175588403135e-05,36.5,26.0
1.517879469867467,0.0008435715143547287,-0.0003963183356758749,-0.0005818606827604392,4.859887910328262,-0.0004275393902787021,-0.0004517699006052239,9.985309196594512e-05,36.5,26.0
1.5203800950237558,-9.120924649572024e-05,-0.0010271615121372863,0.0003015994582967648,4.867894315452362,-0.0004256070848326729,-0.0005362641322558417,0.00029058817434925193,36.5,26.0
1.522880720180045,-0.00022606301647815395,-0.002454211344179831,-0.0017432373719374077,4.87590072057646,-0.00039269471268508815,-0.0006053714981562757,0.0004137386788848112,36.5,26.0
1.525381345336334,-0.0006276919761537594,3.076595890614172e-05,0.0005969000704946852,4.88390712570056,-0.0003424465138959985,-0.0006312054735216643,0.00035423177561455673,36.5,26.0
1.5278819704926232,0.0020829386173515933,7.965638804623002e-05,0.0011057895290133238,4.8919135308246595,-0.0002743938079601629,-0.0006012742201716088,0.0002029654224719613,36.5,26.0
1.530382595648912,0.001691097125775117,-0.0008670215940898686,0.0007639781922720959,4.899919935948759,-0.00018513637836381806,-0.0005214534782803109,1.2557199184208092e-05,36.5,26.0
1.5328832208052012,0.0009825067317208913,0.0004885934279375626,0.0015167701366322625,4.907926341072858,-7.930969516408958e-05,-0.000415409550621221,-0.00017859236896293365,36.5,26.0
1.5353838459614904,0.00037590813776120077,-0.0007068580036184353,-0.0002713736864241679,4.915932746196957,3.451425821986714e-05,-0.00031701450890304276,-0.00022931785154043857,36.5,26.0
1.5378844711177795,-0.0015996564035055717,-0.0012308270656782314,-0.0004978860209083638,4.923939151321057,0.00014731128341906487,-0.00025404295659822463,-0.00012812396523788613,36.5,26.0
1.5403850962740684,4.811096162845307e-05,-0.0011931481686982498,0.0003106296524533327,4.9319455564451555,0.00024406180822861693,-0.00023505548646831967,3.1661200772370735e-06,36.5,26.0
1.5428857214303575,-0.00012800161749659193,0.000927890448184144,-0.0005675889919953621,4.939951961569255,0.00030177843636696356,-0.00024877226508772805,0.00016118940458311238,36.5,26.0
1.5453863465866466,-0.0012348421482700498,-0.0008653647830517497,0.0012868871914542739,4.947958366693355,0.0002989006235096207,-0.00027592780586721343,0.00033548717798544727,36.5,26.0
1.5478869717429358,-0.0009298596113650672,0.0012428953865725732,0.0014014437895037135,4.955964771817453,0.0002320796517612615,-0.00030870827809477435,0.0004085736103437502,36.5,26.0
1.5503875968992247,0.0008789633083800388,0.00012101108742111215,0.000473884434402321,4.963971176941553,0.00012705251944814395,-0.0003578347739839574,0.00038571438592322475,36.5,26.0
1.5528882220555138,-0.0007203602030374395,0.0006231133494716662,-0.0001486047990508158,4.971977582065652,2.906141125622953e-05,-0.0004365884153350793,0.00033023799264313874,36.5,26.0
1.555388847211803,0.0006423847591187274,0.0012236028291955157,0.0005839167735953452,4.979983987189751,-2.402486677643929e-05,-0.0005417664679395406,0.00017657308317153142,36.5,26.0
1.557889472368092,0.0018375615641815293,0.00011827385539004957,0.0003034911467360481,4.987990392313851,-2.0627192233721817e-05,-0.0006488616461572836,-6.575975903460046e-05,36.5,26.0
1.560390097524381,-0.0010598120300004872,0.0014275703378575893,0.00017311890446930164,4.99599679743795,2.756418504965789e-05,-0.0007198901156676018,-0.00023715668285213186,36.5,26.0
1.56289072268067,0.0014996018008905665,0.00024485493898138616,-0.000431786245204781,5.004003202562049,9.38487900394782e-05,-0.0007206593071796042,-0.0002801182973868721,36.5,26.0
1.5653913478369592,0.0007868234837924593,0.00015773289125843338,-0.0017299586447757146,5.0120096076861484,0.00014408074827844706,-0.0006376368978277583,-0.0002500420866925231,36.5,26.0
1.5678919729932483,0.0008283023241590399,-0.001269108438755903,0.0010746652385735236,5.020016012810248,0.0001527682525968112,-0.00048224187169567886,-0.00016922417090174874,36.5,26.0
1.5703925981495372,-0.0011924375563367113,0.0012432439583044714,0.0006739332656141894,5.028022417934348,0.00011512868968605145,-0.0002877214175831976,-6.0685333914435e-05,36.5,26.0
1.5728932233058264,-0.0009417767147629123,0.00041266053281989153,0.0011352966532427993,5.036028823058446,4.2178074562067744e-05,-0.000103402655774019,5.612675459618481e-05,36.5,26.0
1.5753938484621155,0.0024408081770266343,-0.00021726735191861604,-0.0008882115182963965,5.044035228182546,-4.710179870542504e-05,1.988104955152643e-05,0.00019846558425583993,36.5,26.0
1.5778944736184046,3.480752350132598e-05,-0.0005386860043431036,-0.0006475401484806088,5.052041633306645,-0.00012746553408016394,5.133408249501091e-05,0.000301327849844983,36.5,26.0
1.5803950987746935,0.0008936812277800982,-0.00026042849610701327,2.8353242406513175e-05,5.060048038430744,-0.0001782848363458583,-4.436687897687477e-06,0.0002575475054796317,36.5,26.0
1.5828957239309827,0.0002791744400353948,-0.00048658937332826874,0.0006795714926834681,5.068054443554844,-0.00019940013156317994,-0.00011054086849382224,0.0001255695282861445,36.5,26.0
1.5853963490872718,-0.00020948296823042431,0.00017105341883278015,-0.000437564499335855,5.076060848678943,-0.0002069212852859208,-0.00021871020644119985,6.01902189309681e-05,36.5,26.0
1.587896974243561,-0.0008913162701707991,0.0005975521679804607,0.0010509667932049288,5.084067253803042,-0.00021696989331540452,-0.0002922982708881972,0.00010616375185880351,36.5,26.0
1.5903975993998498,0.0013194038341136664,0.0007746509671886049,-0.0005900424291716131,5.092073658927141,-0.00023721870655771113,-0.0003148560460999124,0.00017654886443037586,36.5,26.0
1.592898224556139,-0.0002581848731351739,0.0012722773007347,4.705236220846395e-05,5.100080064051241,-0.00026303919407539477,-0.00028671616912845767,0.00013015313081718877,36.5,26.0
1.595398849712428,0.00034147977619032713,-0.0013038474574183481,-0.0014941700563050192,5.10808646917534,-0.0002800456721270256,-0.00022285991386423532,-6.920307115776858e-05,36.5,26.0
1.5978994748687172,-0.0017335668098734367,0.0008666755038815613,-0.0016154460584858067,5.116092874299439,-0.0002771876002940221,-0.00014931460360428055,-0.00027147556703424386,36.5,26.0
1.600400100025006,0.0010006714829976805,0.00023692666264950868,-0.0013084843253407972,5.124099279423539,-0.00025497666943866083,-8.882391031150979e-05,-0.00038240133559773936,36.5,26.0
1.6029007251812952,0.0007846205715929407,-0.002052479922879198,1.8864952946287436e-05,5.132105684547637,-0.00022100931766161894,-4.388897687248675e-05,-0.0004902112709807671,36.5,26.0
1.6054013503375844,0.0005091802866333484,0.0020429195937524684,-0.0001047916613662165,5.140112089671737,-0.0001843818928372662,4.308792951309019e-06,-0.0005857276101798032,36.5,26.0
1.6079019754938735,-0.0009395587372826174,0.0005371724886283832,0.0012751685922433743,5.1481184947958365,-0.00015226595745643147,7.540103463197697e-05,-0.0005131786257808287,36.5,26.0
1.6104026006501626,-0.000472484112642335,0.0001667742074242365,-0.0012361917748383172,5.156124899919935,-0.00012522434671598815,0.00016717899306484664,-0.00027762127674474586,36.5,26.0
1.6129032258064515,-0.002229094393347458,9.388583030376357e-05,0.00021279009554959035,5.164131305044035,-9.767251072482079e-05,0.0002539239149853672,-3.323516439424884e-05,36.5,26.0
1.6154038509627406,-0.0006284504774102676,-0.00040726440172367517,-0.0008874299957428232,5.172137710168134,-6.511022843816777e-05,0.0003029269283928545,0.00013443463831714012,36.5,26.0
1.6179044761190298,-0.0006909378358502715,0.0006477261198134386,0.0025458852069923437,5.180144115292234,-2.8874981609528428e-05,0.00029089875949476693,0.00017927159125095192,36.5,26.0
1.620405101275319,-0.0003714946254543008,0.0009554168454310565,-0.0007533598771203946,5.1881505204163325,3.4173096286163385e-06,0.0002116113007342365,0.00011323542898100035,36.5,26.0
1.6229057264316078,-8.300338907833378e-05,0.0005513133723378919,0.00011784208889214545,5.196156925540432,2.1835441809631604e-05,7.959827824661876e-05,8.219223066696906e-05,36.5,26.0
1.625406351587897,-0.0003252127375385712,-0.0006940324117733935,-0.0005465793541352583,5.204163330664532,2.4770146253202232e-05,-6.588986716232154e-05,0.00014399214924333255,36.5,26.0
1.627906976744186,-0.0018111984492222796,-0.0016459119354039244,0.00122493247856491,5.21216973578863,2.5066525054704257e-05,-0.00016667897091034945,0.00016086612656993738,36.5,26.0
1.6304076019004752,-0.00012263047630259416,-0.0008573662256977563,0.000722561788671651,5.22017614091273,4.355343728160202e-05,-0.00017118084822205642,8.161033469010756e-05,36.5,26.0
1.632908227056764,0.0005602093243587121,-0.0003747330262721228,0.0006697670679891692,5.228182546036829,9.656055114560573e-05,-6.688062471034592e-05,9.279765513497715e-06,36.5,26.0
1.6354088522130532,-0.00024565772614265494,0.001504305722781322,0.0019716589645208497,5.236188951160928,0.0001830055674725528,0.00010753448701884729,-4.258053689398993e-05,36.5,26.0
1.6379094773693423,-0.0004869680033735975,-0.0005990941641316355,-0.0007980418754208751,5.244195356285028,0.00027760844599842384,0.0002817879425684453,-0.00011868821272348085,36.5,26.0
1.6404101025256315,0.00017498908568834,-0.0001515190573603619,-0.0012645973895298835,5.252201761409127,0.00034045448158603853,0.00038866101146344727,-0.00014037190556460011,36.5,26.0
1.6429107276819204,-0.0010817493035970448,0.0005499454954951125,0.00046715499642046063,5.260208166533226,0.0003410356871003384,0.0003925490165690949,-5.725937510559993e-05,36.5,26.0
1.6454113528382095,0.0008592382815658006,0.0013751496649785377,-0.0005375684212624894,5.268214571657325,0.00027593668252445466,0.0003034912604241233,3.218780298342446e-05,36.5,26.0
1.6479119779944986,-4.326007402539455e-05,0.0004856553372697065,-0.0003630396049198411,5.276220976781425,0.00016666019934010265,0.0001721236374745523,0.00011526285825846008,36.5,26.0
1.6504126031507877,0.001154638869242214,0.00012558478145020425,-8.836624559390752e-05,5.284227381905524,4.666611103163086e-05,6.484026934919424e-05,0.00028828917670512433,36.5,26.0
1.6529132283070767,0.001112180423054674,0.00029843341712042963,6.822590996582095e-06,5.292233787029623,-5.226949189685803e-05,3.400960063495564e-05,0.00048388930363389,36.5,26.0
1.6554138534633658,-0.00027487745461245475,-0.0001914221509692135,0.001285866066426338,5.300240192153723,-0.00010861607844546065,0.00010244002762770964,0.0005463329296729962,36.5,26.0
1.657914478619655,7.389239966974743e-05,0.0004290224846909995,-0.0008756161534824507,5.308246597277822,-0.0001139692020364793,0.0002605920284271349,0.0004921960298540115,36.5,26.0
1.660415103775944,0.00040802604800379693,-0.00035209390788672824,-0.000454708813396547,5.316253002401921,-7.786923346703109e-05,0.0004664634281129951,0.0004177576401411259,36.5,26.0
1.662915728932233,0.00040634561006441675,-0.0005030283210329838,0.0019131121328793818,5.324259407526021,-2.7686747054554155e-05,0.0006551910696143055,0.00036169630176978906,36.5,26.0
1.665416354088522,0.0007879579754693308,-0.0001985314913444436,0.002484112275464156,5.33226581265012,1.0445527411266484e-05,0.0007660475515056495,0.0003452136184540705,36.5,26.0
1.6679169792448112,-0.0006601897697447066,0.0006223225848586712,0.0002131686951188682,5.340272217774219,3.337390728642829e-05,0.0007731890454758437,0.00031161373455147745,36.5,26.0
1.6704176044011003,0.0014030332186436738,0.0002480929566205451,0.001317452426339193,5.348278622898318,5.638133915826753e-05,0.0006975553927693451,0.00017257413822732663,36.5,26.0
1.6729182295573892,0.0011013293423954061,-0.0005718872707039308,-0.0004885518517518241,5.356285028022418,8.883317315794077e-05,0.0005898109153234631,-2.1890190112462064e-06,36.5,26.0
1.6754188547136784,0.0010732472785317344,0.0008467111557007283,-0.0005992547156318219,5.364291433146517,0.00012031654949210021,0.0004994186488766393,-0.0001247965441711339,36.5,26.0
1.6779194798699675,-0.00031836334928625227,-0.0007137239765250355,0.0006719185660266573,5.372297838270616,0.00012885967285028145,0.000457094779354339,-0.00024352900002276145,36.5,26.0
1.6804201050262566,-0.000225678756470849,0.00020303600524308656,0.0010089701296172795,5.380304243394716,0.00010022616789975334,0.0004747435009362875,-0.00034697758763039106,36.5,26.0
1.6829207301825455,-4.866855044204258e-05,0.00024179369782818783,0.00015963476029432752,5.388310648518814,3.740312455543691e-05,0.0005453415073484839,-0.00035704977218003954,36.5,26.0
1.6854213553388346,0.0012934171788946973,-0.0010051624170193992,0.001619811377338945,5.396317053642914,-4.833552695393933e-05,0.0006395786891340302,-0.000306036498434788,36.5,26.0
1.6879219804951238,-0.0006009126366832936,0.0014445108290702935,0.00014708276043540354,5.4043234587670135,-0.00014220975424435108,0.0007143156887273461,-0.0002385014591063685,36.5,26.0
1.690422605651413,-0.002206647668332252,0.0002926566194960425,0.0015272879648055634,5.412329863891112,-0.00021654021956947408,0.0007363466872589082,-0.00013591146596681183,36.5,26.0
1.6929232308077018,-0.001092049100736619,9.418555397264115e-05,0.0004740878899907848,5.420336269015212,-0.00023578578478110796,0.000701223392532707,-1.802154022665035e-05,36.5,26.0
1.695423855963991,0.0009662446379807497,0.00026309460286471546,-0.0005725511727206465,5.428342674139311,-0.00018300385574877387,0.0006281341100888762,6.71424670423083e-05,36.5,26.0
1.69792448112028,0.0004707265556712775,0.0009198455772018067,-0.001983911417734003,5.43634907926341,-7.546656880260575e-05,0.0005407212779317314,7.767276207994374e-05,36.5,26.0
1.7004251062765692,-0.00019051730327531788,0.00015758196418479245,0.0007477825328075114,5.4443554843875095,4.688525338446495e-05,0.00046009525169009367,-3.7125774544779396e-06,36.5,26.0
1.702925731432858,-0.0012193721997191976,0.00015753315455196659,0.0005509994909361462,5.452361889511609,0.00014544284353650868,0.0004101616891876128,-9.738043532780792e-05,36.5,26.0
1.7054263565891472,0.0004841154274936261,-1.3053931845516847e-05,0.0010367009871181288,5.460368294635709,0.0001994144981344314,0.0004117730989036555,-0.00013439179425923687,36.5,26.0
1.7079269817454363,-0.0024514050360201485,0.0005234790843432505,0.001419340531770915,5.468374699759807,0.00020557384265722846,0.0004677018209957534,-0.0002028486279686296,36.5,26.0
1.7104276069017255,0.0001677823879283685,0.0006566392773782425,0.0008714737770341097,5.476381104883907,0.0001710094426881977,0.0005609182997760238,-0.0003624821137009625,36.5,26.0
1.7129282320580144,0.0008365731937582062,0.0005248225352694401,0.0004771009911911535,5.484387510008006,0.00011252761923901379,0.000667206778691494,-0.0004962170816381398,36.5,26.0
1.7154288572143035,-0.00018395517049990705,-0.0006627912585256332,0.0006159626270592658,5.492393915132105,5.530276165835424e-05,0.0007665109122615617,-0.0004904759296966363,36.5,26.0
1.7179294823705926,0.0010175734782457782,-0.0009561205995089559,0.00030988420007196807,5.500400320256205,1.9017579688793655e-05,0.0008442638781234314,-0.0003353572106271407,36.5,26.0
1.7204301075268817,-0.0002058980921927239,0.00045821108321537636,-0.0003887151588521075,5.508406725380304,2.0767218752127694e-06,0.0008870382102197699,-0.0001059136630415813,36.5,26.0
1.7229307326831707,-3.00706650924468e-05,-0.0012421304388609063,0.00034267638310948336,5.516413130504403,-1.6422143866258058e-05,0.0008845970518327615,3.567790780050372e-05,36.5,26.0
1.7254313578394598,0.0007216354279467182,-0.00022975677784729432,0.0013685787096742133,5.524419535628502,-5.750131917702387e-05,0.00083983112809198,2.2115057058180162e-05,36.5,26.0
1.727931982995749,0.001962672206926447,4.274504334230395e-05,0.0013106690241904576,5.532425940752602,-0.00012709042077504415,0.0007715910831644524,-1.3515007973235348e-05,36.5,26.0
1.730432608152038,0.00016660856391138062,0.0014001937429856262,-0.0005145385134519482,5.540432345876701,-0.0002157211502327565,0.0007028815149615793,5.821036435792071e-06,36.5,26.0
1.732933233308327,0.0007734166212316749,-0.0001674068488129119,0.000360153744817546,5.5484387510008,-0.00030580815741173,0.0006474804825627175,-3.2079926313357225e-05,36.5,26.0
1.735433858464616,-0.0008363265125272958,-0.0016403070692257262,-0.0006152439133582443,5.5564451561249,-0.0003792997439391922,0.0006088546818077869,-0.00018774587412342809,36.5,26.0
1.7379344836209052,-0.0007653731759875119,-1.7400643164110646e-05,-0.0023386999618295085,5.564451561248998,-0.00042151746344942873,0.0005874003037448987,-0.00032236349860253165,36.5,26.0
1.7404351087771943,0.0013242600548633277,0.0003656932725440073,-0.0016154974187040112,5.572457966373098,-0.0004192303558175844,0.0005833424896762419,-0.00029248814928751137,36.5,26.0
1.7429357339334832,0.00013148558059731375,0.00016142702692711327,0.0014120675775274158,5.5804643714971975,-0.0003595563929388912,0.0005922110523653444,-0.0001353048797462985,36.5,26.0
1.7454363590897723,0.0021190929337712387,-0.0011445106905037395,-0.0002088669358215627,5.588470776621297,-0.00023744514764439506,0.0006005837213574319,3.7452385357599475e-05,36.5,26.0
1.7479369842460615,0.000318339390843814,0.000875907141110801,-0.0006679881560187486,5.596477181745396,-6.48110629664868e-05,0.0005906582752012342,0.00016828109308913755,36.5,26.0
1.7504376094023506,0.0015363415939348081,0.0030904850573695375,-0.001911128567566307,5.604483586869495,0.000128915688160876,0.0005505241808252355,0.00022226035120856576,36.5,26.0
1.7529382345586395,-0.0005419895241686733,-0.0004067722851885651,-0.0017332927464304663,5.612489991993595,0.0003032914805945778,0.0004791870306081499,0.0002276256277357786,36.5,26.0
1.7554388597149286,0.0008537214251276577,0.00026464426395750247,0.0011748710288981218,5.6204963971176936,0.00041883252334100124,0.0003863056902951282,0.000271803117265095,36.5,26.0
1.7579394848712178,0.0019375470649690813,0.00011519734743989791,0.00030098143970356346,5.628502802241793,0.0004509158184445186,0.0002897628753313368,0.0003057927775258197,36.5,26.0
1.7604401100275069,-0.0002582538576983078,0.0019915575850997097,0.00030111311175911573,5.636509207365893,0.00039724166458196975,0.0002094775855749004,0.00020761065374302494,36.5,26.0
1.762940735183796,-0.0018884251442073208,-0.00010376068896364858,-0.002276093463504688,5.644515612489991,0.0002793291342645083,0.0001610058339478951,5.815835010372885e-05,36.5,26.0
1.765441360340085,-0.0004687060108230829,-0.0007138460348190758,-0.0006732045774953528,5.652522017614091,0.00013927572411707103,0.0001512637762818089,3.233780481767774e-05,36.5,26.0
1.767941985496374,0.0008080124909517793,-5.362806035135525e-05,0.0006095074046658733,5.6605284227381905,2.6374484430639884e-05,0.0001743359856056429,0.0001526776130730115,36.5,26.0
1.7704426106526632,0.0010260836949525624,-0.000490498501291626,-0.000275349638533517,5.668534827862289,-2.423775365664096e-05,0.000210999395517523,0.0003597227701869043,36.5,26.0
1.7729432358089523,0.0010394633380963552,-0.0005310594392106631,-0.0014132222525386144,5.676541232986389,-7.346160745851748e-06,0.00024021624185567304,0.0005650159452696133,36.5,26.0
1.7754438609652412,6.780051834698977e-05,0.0018881516837340087,0.0013070204551890174,5.684547638110488,5.406883237082084e-05,0.00025846524199930356,0.0006291608881702105,36.5,26.0
1.7779444861215303,-0.0001438952842131683,-0.0011101991517471388,-1.971150701385692e-05,5.692554043234587,0.0001242106354487023,0.00028679691627759684,0.0005604421130435203,36.5,26.0
1.7804451112778195,-0.000948302776583351,-0.0005817758396673029,0.000463913470913941,5.7005604483586865,0.00016945773769514217,0.0003565285240347614,0.0005336044162941517,36.5,26.0
1.7829457364341086,-0.0025554881692325046,-0.00202069575382922,0.0014460980877571829,5.708566853482786,0.00016981567353057108,0.00048486276298356876,0.0005661103651500094,36.5,26.0
1.7854463615903975,-0.000554939026479836,-0.00012880826875699965,-0.0003976759524034665,5.716573258606885,0.00012946864478552842,0.0006568182619172402,0.0004981245556197059,36.5,26.0
1.7879469867466866,0.0004471467958582169,-0.00027404372129052695,0.00044728835539666707,5.724579663730984,7.639400709621321e-05,0.0008280718304602093,0.00029883162642719186,36.5,26.0
1.7904476119029757,-0.0006162132740820296,-0.0010334656221856029,-0.0009732942910518758,5.732586068855084,4.426338886514487e-05,0.000946340501496599,0.0001247399350648969,36.5,26.0
1.7929482370592649,0.0012355294450037695,-0.001165575296019646,0.0009191462268953358,5.740592473979183,5.150350863525496e-05,0.0009724065210112469,8.900909486439087e-05,36.5,26.0
1.7954488622155538,-0.0012777703798927437,3.034271541680384e-05,-0.002790152765038909,5.748598879103282,9.412173970349282e-05,0.0008935653668481028,9.018969107842086e-05,36.5,26.0
1.797949487371843,-0.0003994623648175617,-0.0002637490582151806,-0.0005327429046348562,5.756605284227382,0.00015224183414805858,0.0007284441827233356,-4.199597033372982e-05,36.5,26.0
1.800450112528132,0.00035650011447204224,0.0008626099500220881,9.381851804321651e-06,5.764611689351481,0.00020166435280429018,0.0005184038081101973,-0.0002783605003640997,36.5,26.0
1.8029507376844212,0.00031346699494813027,-0.0009452649317311319,0.0007715665888014847,5.77261809447558,0.00022225286552447147,0.0003122963937418152,-0.00046560783848456335,36.5,26.0
1.80545136284071,-0.001799864277895195,-0.0010500028978342926,-6.862704128846243e-05,5.780624499599679,0.00020062075487212153,0.00015189363024162926,-0.0005700997227321296,36.5,26.0
1.8079519879969992,0.00043093126248850046,0.0020917140917975146,-0.0015287916297483592,5.788630904723779,0.00013339885519468155,5.618243564563128e-05,-0.0006415663473590876,36.5,26.0
1.8104526131532883,0.0008606927285803553,-0.0007500424472291921,0.0003903922681946235,5.796637309847878,3.5595915144544706e-05,1.200099686840457e-05,-0.000693151684134673,36.5,26.0
1.8129532383095774,-0.0003160688602584428,-0.0011818294994335745,0.00028738326713027086,5.804643714971977,-5.686494477414713e-05,-1.3342311505310604e-05,-0.0007076856569750206,36.5,26.0
1.8154538634658663,-0.0017845153718826481,-0.0013289225799814983,0.0006637534653439355,5.812650120096077,-0.00010354837209052142,-4.3768019126357675e-05,-0.0006197780977244156,36.5,26.0
1.8179544886221555,0.0005816825697759494,-0.0011759540269905735,-0.00020194854719666962,5.820656525220175,-8.471838252274612e-05,-7.78059316044391e-05,-0.0003824430242742588,36.5,26.0
1.8204551137784446,3.137211547045271e-06,0.0004914031275682224,-0.00040958515325346094,5.828662930344275,-1.1932410994964644e-05,-9.667559337382001e-05,-0.00012578493517583205,36.5,26.0
1.8229557389347337,-0.0011959718087102805,-0.0014688983577280578,0.000735321115029185,5.8366693354683745,8.092298512560119e-05,-8.91044752597214e-05,-1.0017085441969427e-05,36.5,26.0
1.8254563640910226,-0.0002524861299088326,0.0022423322955755247,0.0014959617579012544,5.844675740592473,0.00015374467665586422,-6.943082918189469e-05,3.619696871499554e-05,36.5,26.0
1.8279569892473118,-0.000441153155788037,-0.00047079536814762863,6.435674533608077e-05,5.852682145716573,0.0001760997854752069,-6.548916040357662e-05,0.00012441833963399552,36.5,26.0
1.8304576144036009,0.0008896755381586432,0.0010553158766286616,-0.00023826159018552374,5.860688550840672,0.00013739273797530225,-9.090744855336336e-05,0.00015989442846064687,36.5,26.0
1.83295823955989,0.0005412737358419374,-0.00020503853639411462,-0.0005497573837679949,5.868694955964772,4.667229320185474e-05,-0.0001399516977866133,8.796003319886783e-05,36.5,26.0
1.835458864716179,-2.009257111087085e-05,-0.0017566583520060857,-0.00044378619587239366,5.8767013610888705,-7.019638706813521e-05,-0.00020518614305030624,5.968057108086627e-05,36.5,26.0
1.837959489872468,-0.0003507683712436154,0.000691423711943293,-0.00040172761819995184,5.88470776621297,-0.0001737677193703359,-0.0002830119040526029,0.00014121951906997208,36.5,26.0
1.8404601150287572,-6.462284006933647e-05,-0.0006357790748741566,-0.001207742507157884,5.89271417133707,-0.0002251493647724436,-0.00036256200348786964,0.00020816933229965764,36.5,26.0
1.8429607401850463,0.0017452412948799356,6.252025434806075e-05,-0.0005775069472136979,5.900720576461168,-0.00020756265835177018,-0.0004254168280413426,0.0001870797199793392,36.5,26.0
1.8454613653413352,0.0010281495431536934,0.00018680295600602748,0.0006212532262564924,5.908726981585268,-0.00013636191521680438,-0.0004607760652023267,0.00011347154890715337,36.5,26.0
1.8479619904976243,-0.001768914975019847,0.001256398614374249,-0.0011613097553000219,5.916733386709367,-4.854079332296723e-05,-0.00047606711155203296,3.9931483811513314e-05,36.5,26.0
1.8504626156539135,0.00028944721821570784,0.0005491771297176311,0.0015913421828265791,5.924739791833466,1.9256402483657188e-05,-0.0004877635527175595,5.272466178905115e-05,36.5,26.0
1.8529632408102026,7.874533726097304e-06,-0.00043346045474276264,-0.00040963142712759266,5.932746196957566,4.881182900404638e-05,-0.000499562687797466,0.0001752129605599152,36.5,26.0
1.8554638659664915,-0.0009360842845832726,0.0004787563796175237,-0.00017999749951102875,5.940752602081665,4.289887089308078e-05,-0.0004934629004695366,0.00025892539731787025,36.5,26.0
1.8579644911227806,0.0011040792949229346,0.0017268427679441377,6.484984145764734e-05,5.948759007205764,1.3883687650998906e-05,-0.00044535528631740493,0.00020874914025280762,36.5,26.0
1.8604651162790697,-0.00019811760479001217,0.0014652154122309071,0.00042689788296078546,5.9567654123298635,-2.580582586136437e-05,-0.0003499100231995883,0.00013227564390108127,36.5,26.0
1.8629657414353589,0.0005442742913439535,0.0009876437136720846,-0.0004277934427113244,5.964771817453963,-6.21076178091844e-05,-0.00023098944655128685,0.00011374564193294628,36.5,26.0
1.8654663665916478,0.000610573913779208,-0.0011567779964958688,-0.0008850658540482851,5.972778222578062,-7.72340894870483e-05,-0.00012713976303158392,9.439385612802141e-05,36.5,26.0
1.867966991747937,-0.0014075102410711358,-0.0012933036246320854,0.0002726775646513053,5.980784627702161,-5.7352584880454773e-05,-6.930512806599078e-05,-1.9561019732123512e-06,36.5,26.0
1.870467616904226,-1.1546511669343824e-05,-0.0002583913858749096,-0.001688981630738009,5.988791032826261,-1.806864272691827e-06,-7.299545028978754e-05,-0.00017322111311839918,36.5,26.0
1.8729682420605152,-0.0006889046802031715,-0.0005583827033883002,-0.0011473921688349015,5.9967974379503595,7.705560387370626e-05,-0.0001395023418163537,-0.0003149237645240281,36.5,26.0
1.875468867216804,0.000378478908137681,-0.000545894512144207,0.0007060195420682733,6.004803843074459,0.0001618409537996918,-0.0002530009219233163,-0.0003077637575019508,36.5,26.0
1.8779694923730932,0.0008954046915950594,-0.0006630670371387596,-0.0007849191929419811,6.012810248198559,0.00024048833242467204,-0.00038230520605470465,-0.00018714476595671123,36.5,26.0
1.8804701175293823,-5.186358817973321e-05,0.00046080737933026634,-0.002188062515498793,6.020816653322658,0.00031039645295837437,-0.0004968637665547861,-0.00010794456718667367,36.5,26.0
1.8829707426856714,0.00014358840008953512,-0.00014775250960469616,-0.0002854297143507214,6.028823058446757,0.00036955375095922374,-0.0005835939557141363,-0.00012648614461101645,36.5,26.0
1.8854713678419603,-0.0004698477428010337,0.0001253912241663363,0.0009155395413918552,6.036829463570856,0.00041079972710077065,-0.0006505324353298114,-0.00016775663300809025,36.5,26.0
1.8879719929982495,0.0005783480567880326,-0.0002727268096641952,-0.00010741743918660103,6.044835868694956,0.00043264894963508844,-0.0007155758579314316,-0.00016210512172910835,36.5,26.0
1.8904726181545386,0.0009608125692764865,3.09056342253319e-05,0.0012146970940989932,6.052842273819055,0.0004452928939218678,-0.000784098938852734,-0.00010700988885183104,36.5,26.0
1.8929732433108277,0.00012123223535540286,0.0014042211778995282,0.00010804694847529516,6.060848678943154,0.0004575159666754825,-0.0008392728570288798,-5.182344740510886e-05,36.5,26.0
1.8954738684671166,0.0018225448191401495,0.00019402436314634624,0.0004097128714552164,6.068855084067254,0.00046498452892437353,-0.000859547062788295,-6.440208744600889e-06,36.5,26.0
1.8979744936234058,-0.0002462299139122788,0.0010054042458400917,-0.0015029815759611412,6.076861489191352,0.0004543304113898753,-0.0008346599849913259,0.00011126106206616748,36.5,26.0
1.9004751187796949,-0.0004889764430378957,-0.00031643221950443905,0.0003940574587610543,6.084867894315452,0.00041389179253120353,-0.0007633783505281571,0.0003103895442122045,36.5,26.0
1.902975743935984,0.00116839047455443,0.0004078718654645672,-0.00015391557298020874,6.0928742994395515,0.0003403830670237984,-0.0006534611791984614,0.00045624267254009565,36.5,26.0
1.905476369092273,-0.0021146120002888532,0.0008153430304773633,0.0006018548914796929,6.10088070456365,0.0002381456031779063,-0.000530478312933411,0.000479554335632779,36.5,26.0
1.907976994248562,0.0003597454955231849,-0.0014713941633075474,-0.00041151559809653486,6.10888710968775,0.0001161773217343047,-0.0004352778979297271,0.00043466445993729157,36.5,26.0
1.9104776194048512,0.0005508080248070254,-0.00010928606440951906,-0.0008970927094953736,6.116893514811849,-8.768722572322385e-06,-0.00040431494437491943,0.0003592028388343439,36.5,26.0
1.9129782445611403,0.00013214426544202941,-0.0013747472688167188,0.001135447092031981,6.124899919935948,-0.0001104637931969667,-0.0004508595429779178,0.00029638212960232793,36.5,26.0
1.9154788697174292,0.0002840716224459864,-0.0013154142540611382,-0.0017864105383194446,6.1329063250600475,-0.00016496381634006349,-0.0005593144985588025,0.00032005814832784476,36.5,26.0
1.9179794948737183,-0.0005514244065975442,-0.00046246794111137274,-0.0008537178176588907,6.140912730184147,-0.00016480846031280042,-0.0006943604549907031,0.00038632306915215914,36.5,26.0
1.9204801200300075,-0.0007547725596930687,0.001568303794349266,-0.0005237419047798981,6.148919135308246,-0.00011943774170990171,-0.0008164632940340676,0.00036953182201291,36.5,26.0
1.9229807451862966,0.0008694258396882208,0.0012691739363820194,-0.0018324690290128776,6.156925540432345,-4.6154333083457604e-05,-0.0008888515607602806,0.00027081645635833876,36.5,26.0
1.9254813703425857,0.00034416615204323485,-0.0013888360102935894,9.752115773987276e-06,6.164931945556445,3.835752759069375e-05,-0.0008810030356621961,0.0001569559131679469,36.5,26.0
1.9279819954988746,-0.000986928183279597,0.0003356540035546011,-0.0010992819383809898,6.172938350680544,0.00012278317445097188,-0.0007820295439496734,1.5686189619697404e-05,36.5,26.0
1.9304826206551637,-0.0015606051839406477,-0.00014020090478999132,-6.134571318791521e-05,6.180944755804643,0.00019988156323825433,-0.0006129582304950068,-0.00013514795787815742,36.5,26.0
1.9329832458114529,-0.0009442579316274723,-0.00010490902843910474,-0.0007538634700817035,6.188951160928743,0.00026195151343362516,-0.00041915513487568445,-0.000193614492420582,36.5,26.0
1.935483870967742,-6.687880536209259e-05,0.00044121378585143306,-0.0007888329720092074,6.196957566052842,0.00030064014924700995,-0.0002499025022757148,-0.00010375960438276544,36.5,26.0
1.937984496124031,0.0009964213661696416,-0.0028519336635777237,-0.0002898524995254298,6.204963971176941,0.0003076334997873806,-0.00014228862691575923,8.752056141171025e-05,36.5,26.0
1.94048512128032,0.0010419261177264897,-0.0003621181847070574,-0.001055677556848166,6.21297037630104,0.00026994780918364233,-0.00011094111998067955,0.0002510947837654405,36.5,26.0
1.9429857464366092,0.0006064727170030931,0.00046983937160025843,-0.00010635187629047021,6.22097678142514,0.00017191909498894022,-0.00014495887046225896,0.0002620796864125495,36.5,26.0
1.9454863715928983,0.00016712341223147048,0.0016219700936953062,0.00029783616899075824,6.228983186549239,1.0253340436836258e-05,-0.00021574295723382158,0.00013173152691200657,36.5,26.0
1.9479869967491872,-0.001391553486163154,0.0007323391811710283,-0.00021070280221729748,6.236989591673338,-0.0001942515712426659,-0.0002896686553917177,-4.370623885979245e-05,36.5,26.0
1.9504876219054763,0.0013763100548122391,0.0023777759770635177,-7.621474555159786e-05,6.244995996797438,-0.0003936658975513714,-0.0003413063797134011,-0.00022604266582292888,36.5,26.0
1.9529882470617654,-0.0005636040754295959,0.00020762313516847037,-1.2567119568440219e-06,6.2530024019215364,-0.0005202244648285868,-0.0003627261331661315,-0.0003976722714869916,36.5,26.0
1.9554888722180546,-6.325087129929361e-05,-0.00046664326754663446,0.0008103456987951795,6.261008807045636,-0.0005193297460780533,-0.000361609141492458,-0.0005089944603067837,36.5,26.0
1.9579894973743435,-0.0009036068114006935,0.0013868631171101082,-0.0023449849205130864,6.269015212169736,-0.0003886131530588645,-0.00035252234799304006,-0.0005425287140503932,36.5,26.0
1.9604901225306326,0.0002063914888856306,-0.0012868686941246077,8.367286608538586e-07,6.277021617293834,-0.00017828476818418696,-0.00034885852018656143,-0.0004890693544385073,36.5,26.0
1.9629907476869217,-0.00032540462014013434,-0.0006716994331369306,0.0001776082042726115,6.285028022417934,3.934950421512108e-05,-0.00035624434665279585,-0.00032707977199639604,36.5,26.0
1.9654913728432108,0.00014325352849657341,-0.0005031527581149555,-0.0005211560339182868,6.293034427542033,0.00019392484680425312,-0.0003694891421134242,-0.00013857687804691774,36.5,26.0
1.9679919979994998,0.00022977657480692377,-0.0001063206455321735,-0.0015136219873431703,6.301040832666133,0.00023576476565619525,-0.00037603832526018454,-5.330337217647037e-05,36.5,26.0
1.9704926231557889,-8.256117699681773e-05,0.0008713825287237013,0.00016137841106167436,6.309047237790232,0.0001561994616142,-0.00036323342963746495,-4.067325299201983e-05,36.5,26.0
1.972993248312078,-0.0006869403149469096,-0.0003610899903405592,-0.00019172349624084592,6.317053642914331,-9.112117089174612e-06,-0.0003215881780694541,1.6767489078043442e-05,36.5,26.0
1.9754938734683671,-0.0003486576138024411,-0.002559684285136374,0.0016100047494755619,6.325060048038431,-0.00019646349653745912,-0.000244063737802122,0.00010391864185974267,36.5,26.0
1.977994498624656,-0.00045356588507918243,-0.000962749313293626,0.0006283975374987263,6.333066453162529,-0.00033767301774479124,-0.0001305580073151034,0.0001317291727548732,36.5,26.0
1.9804951237809452,0.0002786338190172868,0.0001796405115214373,-0.001472113528032658,6.341072858286629,-0.0003869662812703313,4.48458346110172e-06,0.00010394431077631176,36.5,26.0
1.9829957489372343,0.001053273132723873,-0.00014487634043470216,-0.0007651148466978741,6.3490792634107285,-0.0003373108616654151,0.00013535193461659462,8.375944475298499e-05,36.5,26.0
1.9854963740935234,0.00013404331714676822,-0.000964740942964229,-0.0008732857967626097,6.357085668534827,-0.0002141119668829466,0.00024028526475553116,8.479986275693227e-05,36.5,26.0
1.9879969992498123,-0.0002509778203309779,2.1437010804151632e-05,0.0005956598661948744,6.365092073658927,-5.752141092991399e-05,0.0003094994108500985,4.7893010468607e-05,36.5,26.0
1.9904976244061015,0.0008675629790303496,-0.00012732866761244532,-0.0017115154149342602,6.373098478783026,9.552008828853355e-05,0.0003367631868742325,-7.459335212646295e-05,36.5,26.0
1.9929982495623906,0.00015420800997360958,0.0012305248823158658,-0.0008288636016701161,6.381104883907125,0.00022564026923868055,0.0003144796676119973,-0.0001774701848642855,36.5,26.0
1.9954988747186797,-0.001083725721873903,0.0009765217431100669,0.00023980150390333945,6.3891112890312245,0.000330089310232197,0.00024700935303807714,-8.782424509631491e-05,36.5,26.0
1.9979994998749686,-0.0006529719788731934,-0.0014607123771328016,-0.0016971352967782402,6.397117694155324,0.000405429498091354,0.00016365839525272487,0.00012291595614218422,36.5,26.0
2.000500125031258,3.129576217499451e-05,0.0010792943762731482,0.0005693827709322416,6.405124099279423,0.0004379566840510523,0.0001064600443967442,0.00020872812636433207,36.5,26.0
2.003000750187547,0.00036386912120763844,0.00019493553258452927,-1.0952181928813636e-05,6.413130504403522,0.0004166225787680415,9.958619955525328e-05,0.00017184089088185145,36.5,26.0
2.0055013753438358,-0.002061354274866672,0.000980280755445595,-0.001379699693384847,6.421136909527622,0.00034828310475550994,0.0001326749278217794,0.00019780464001579442,36.5,26.0
2.008002000500125,-0.0008100961412862613,-0.000931088380162236,-0.00046457659949719344,6.4291433146517205,0.00025074007979151265,0.00017225767929588014,0.0002517904754787971,36.5,26.0
2.010502625656414,0.0023535692464117307,0.000365961756444132,0.0016983127819640291,6.43714971977582,0.00013347975241609822,0.0001841798316294433,0.00017458344597044652,36.5,26.0
2.013003250812703,-0.00015993578773357332,0.00013763472490529763,-0.000754836530097485,6.44515612489992,-3.5387973923424755e-06,0.0001486229947877473,1.2235917172557554e-05,36.5,26.0
2.0155038759689923,0.000162671960870918,-0.0009286941061675449,-0.0006948263734999495,6.453162530024019,-0.0001486722401687812,6.659401847571708e-05,-5.724618267903787e-05,36.5,26.0
2.018004501125281,-0.0018718230875453996,0.0006121535695355459,-0.0010334760940779177,6.461168935148118,-0.000267051423247687,-3.648999311194383e-05,1.6721754448444234e-05,36.5,26.0
2.0205051262815705,-0.0001239080079705255,-0.0013244504692504734,0.0005103824165154691,6.469175340272217,-0.00032360542475016834,-0.00011455387977892597,8.7981283344495e-05,36.5,26.0
2.0230057514378594,-0.0006345334792676176,0.00046008303005243197,0.0005479580457048572,6.477181745396317,-0.0003161726006692307,-0.00012250077666298246,-1.3879949244181496e-05,36.5,26.0
2.0255063765941483,0.0005803263229659805,-0.0009008786639211225,0.0010358495606012062,6.485188150520416,-0.0002745003318734065,-4.649267657928675e-05,-0.00023905722099490942,36.5,26.0
2.0280070017504377,-0.0008264874333925975,-0.0003434541229191041,0.0013826836595485276,6.493194555644515,-0.00022958732924531386,8.855367616032936e-05,-0.0003986230933303459,36.5,26.0
2.0305076269067266,0.000994506040005715,-0.00013677437149009868,-0.0007286519167108328,6.501200960768615,-0.00019898439531034693,0.0002407135226121605,-0.0004768629535669816,36.5,26.0
2.0330082520630155,0.00046378393095841203,-0.0010720621098612153,0.0013243365388705822,6.509207365892713,-0.00019947332710747618,0.0003726783994763288,-0.0005637655360397413,36.5,26.0
2.035508877219305,-0.00021723460808691113,0.001399314802832842,0.0018837917139637563,6.517213771016813,-0.0002504096931037214,0.0004614048655139703,-0.0005904534272928434,36.5,26.0
2.0380095023755938,0.0008869827392337068,0.001056903154043505,0.0009099355554126283,6.5252201761409125,-0.00034956816984941966,0.000503540632801302,-0.000481139435588708,36.5,26.0
2.040510127531883,6.649064960522369e-05,0.0006455986262523241,0.001294303860554893,6.533226581265011,-0.0004549485084349073,0.0005127390293932998,-0.0003590273865854283,36.5,26.0
2.043010752688172,1.9409942975067436e-05,-0.0005638283322836194,-0.0009271449228641275,6.541232986389111,-0.0005067855288117835,0.0005080866858182492,-0.0003379534247845286,36.5,26.0
2.045511377844461,-0.00034018351117690845,-0.00034026164368379866,6.839052437542298e-05,6.54923939151321,-0.0004720317910869578,0.0005020470954834237,-0.00036264635649711297,36.5,26.0
2.0480120030007503,0.0006141937217324636,0.00016418242752388773,0.0013687367063287752,6.557245796637309,-0.00036558597752766003,0.0004904290681375782,-0.0003579538186441037,36.5,26.0
2.050512628157039,-0.001695325378877129,-0.0004783192552821213,0.0005849443441887692,6.565252201761409,-0.0002313767183455561,0.000452146636208701,-0.0003198152818093245,36.5,26.0
2.053013253313328,-0.0006761136789598474,-0.00032717747708072546,0.0013184583697661788,6.573258606885508,-0.00011056716791145075,0.00036892961890376547,-0.00026819247859889434,36.5,26.0
2.0555138784696174,-0.0005640667104819763,-0.0011677481193275363,-0.0012363966300792974,6.581265012009608,-2.919000027990231e-05,0.00024618836558340474,-0.00020753756504348026,36.5,26.0
2.0580145036259063,0.0007842369698918443,0.0002569382786094647,0.0011998687692435625,6.589271417133706,-9.779126529365137e-07,0.00010957162491115446,-0.0001203932202765627,36.5,26.0
2.0605151287821957,0.0006593031705241852,-0.0007708954464810549,6.0520068898554407e-05,6.597277822257806,-2.443220880945049e-05,-1.3073427271904198e-05,-3.324475505328778e-05,36.5,26.0
2.0630157539384846,0.0010961969596783297,0.002829041945580983,-3.319043313838347e-05,6.6052842273819055,-7.509756734025883e-05,-0.00010462475266644224,-3.571973346547973e-05,36.5,26.0
2.0655163790947735,-0.0004921207286578301,0.0024485266955854824,-0.00014274463372672514,6.613290632506004,-0.00011161487040805968,-0.00016203022900002849,-0.00012914291020986972,36.5,26.0
2.068017004251063,6.694880125832551e-05,0.0008681699228872051,1.0633391648698935e-05,6.621297037630104,-0.00010077805467039879,-0.00018973660732075735,-0.000188211282596246,36.5,26.0
2.0705176294073517,0.0006953062408949117,0.0006521036454906954,0.00035556418027084746,6.629303442754203,-4.032535070423638e-05,-0.00019132914776665233,-0.00017264800586181406,36.5,26.0
2.0730182545636406,-0.000776701738384677,0.0005403120232121544,-0.0006608463647188018,6.637309847878302,4.070055851674115e-05,-0.00017047843491728613,-0.00016987015871135447,36.5,26.0
2.07551887971993,9.911662072481049e-05,-7.519331503020986e-05,0.0007056018399727778,6.6453162530024015,0.0001004895921578463,-0.00013360412707477337,-0.00019970009994595093,36.5,26.0
2.078019504876219,-4.0434746884871203e-05,7.374428043971422e-05,0.0013643773884854955,6.653322658126501,0.00010768813352717322,-8.572917043284642e-05,-0.00019484626584343213,36.5,26.0
2.0805201300325082,-0.000123571168319354,0.0012818075119584806,0.00011061745441843806,6.6613290632506,5.795353608072078e-05,-2.8810788136867242e-05,-0.00011115538947121609,36.5,26.0
2.083020755188797,-0.0009317202854878991,-0.0007923805873647013,0.00025712711723905566,6.669335468374699,-2.7705243215979603e-05,3.3697831847004906e-05,3.560319524956335e-05,36.5,26.0
2.085521380345086,0.0012792398141267898,-0.0006277505308814992,-0.0012020558066382608,6.677341873498799,-0.00012364395017679046,9.641321978878903e-05,0.00014827748150539886,36.5,26.0
2.0880220055013754,-9.87330886819018e-05,0.0004626790314727341,-0.0007937390915608777,6.6853482786228975,-0.00021439681994905415,0.00015697143965041687,0.00016229145815211315,36.5,26.0
2.0905226306576643,-0.0008314185123727437,0.0017142170495588922,0.0013799671748958519,6.693354683746997,-0.00028892733841624687,0.0002157347042740118,0.00020356952120290043,36.5,26.0
2.0930232558139537,0.0004582284318756301,0.001701724522114779,-8.947614959538734e-06,6.701361088871097,-0.0003341618115122123,0.00026992690476186615,0.0003861395268382374,36.5,26.0
2.0955238809702426,0.0001747096097101427,-0.0007988789261935308,-0.00036131873313650806,6.709367493995195,-0.00034040523495906203,0.0003104939986958225,0.0005399079557363681,36.5,26.0
2.0980245061265315,0.00017901060395121286,-0.000389463577125312,-0.0002489780850697588,6.717373899119295,-0.0003081300698762362,0.00032438508341240486,0.00045962573058176264,36.5,26.0
2.100525131282821,-0.0007331752960173123,-0.001437062222963777,0.0012074926629568315,6.725380304243394,-0.0002472797966469304,0.000302557152162201,0.00024756309386517227,36.5,26.0
2.1030257564391097,0.0010607077877233782,-0.001307372240992431,0.00029570554035010727,6.733386709367494,-0.0001685073206470835,0.0002484011972615777,0.00010747432985460569,36.5,26.0
2.1055263815953986,-0.0009094293295356478,-4.681493039871964e-05,-0.0005587170998825492,6.741393114491593,-7.316218762426399e-05,0.00017699947275074922,3.505423656215019e-05,36.5,26.0
2.108027006751688,-0.00036238176761178425,-0.0021124642991217253,0.00012324583229134545,6.749399519615692,4.173495386183144e-05,0.00010788632874852267,-6.413116352772382e-05,36.5,26.0
2.110527631907977,-0.0006047337024981743,0.00037290143146504796,0.0006199132012224461,6.757405924739792,0.00016326736787811814,6.0480716231816576e-05,-0.0001724389795752027,36.5,26.0
2.1130282570642662,0.00034089380830116547,-0.0016270353017596387,-0.0011335535468411692,6.76541232986389,0.00025700083468723026,4.974376839391912e-05,-0.00021304261297639809,36.5,26.0
2.115528882220555,-0.002169255059859272,-0.001205182448178125,0.0013367861089529135,6.77341873498799,0.00028765481099473353,7.978477476590221e-05,-0.00016728616586662862,36.5,26.0
2.118029507376844,0.0011199847260806297,0.000842456089490843,0.0003895166902796644,6.7814251401120895,0.00024333487312953175,0.00014464754137152234,-0.00010437438791132973,36.5,26.0
2.1205301325331334,1.1486582828941903e-05,0.0006861708974615093,0.0003364102524821994,6.789431545236188,0.0001455302491593146,0.00023578338242732,-0.00015320155655151974,36.5,26.0
2.1230307576894223,0.0009825618905584168,-0.0028701269956658863,0.0008166554752200584,6.797437950360288,3.858857750946128e-05,0.0003452583932884632,-0.0003550286099903802,36.5,26.0
2.125531382845711,-0.002067594360774002,0.0010518100183151903,-6.138552314700355e-05,6.805444355484387,-3.383928115875732e-05,0.0004645388689390612,-0.0005306304615680202,36.5,26.0
2.1280320080020005,0.00170351039799418,-0.0016726194854392734,-0.00014823903785888035,6.813450760608486,-4.50483389847037e-05,0.0005834659464235977,-0.0005013749639174,36.5,26.0
2.1305326331582894,-0.0013403102558421536,-0.0005443512420988849,-0.00028310070805980306,6.8214571657325855,9.596065634732423e-06,0.000689839374290674,-0.0003792335165071053,36.5,26.0
2.133033258314579,-6.490232947616544e-05,0.0005535195892501992,0.0007610688710571115,6.829463570856685,0.00011006716592769204,0.0007679863593662744,-0.0003404465950636842,36.5,26.0
2.1355338834708677,0.0012288023914759278,0.00014385729911509326,7.968922297023994e-05,6.837469975980784,0.00021539024311802515,0.0007946718359432832,-0.0003198581768350097,36.5,26.0
2.1380345086271566,-0.0018350060294845154,-0.0006377729036875672,-0.0001390500250819369,6.845476381104883,0.0002794108717999101,0.000742290773897843,-0.000233172185483406,36.5,26.0
2.140535133783446,0.001380554255118384,0.0003881546399166659,-0.0011652556926677866,6.853482786228983,0.00027127173292996044,0.0005990309433176727,-0.00016380164027575376,36.5,26.0
2.143035758939735,0.0002857682133202278,-0.0008142232548613644,-4.7726624016904694e-05,6.861489191353082,0.00019248811351853183,0.00038522319826345965,-0.00014293250777065272,36.5,26.0
2.1455363840960238,0.0011122281097015652,6.643587192536517e-05,-0.0003534071574684417,6.869495596477181,8.123574215498116e-05,0.00014369580480137412,-0.00010184637752089208,36.5,26.0
2.148037009252313,0.00032112361650836593,0.0003381190670651272,-0.00087190807441962,6.877502001601281,-9.397740721146236e-06,-7.977485378363014e-05,-6.067129440982183e-05,36.5,26.0
2.150537634408602,0.00013401342896853023,4.9351542873768267e-05,-0.0008021389738474274,6.88550840672538,-4.432938246061066e-05,-0.0002480738145045868,-7.352010905314215e-05,36.5,26.0
2.1530382595648914,-0.00040595917240255676,-8.264184644678019e-07,-0.00041011812675910485,6.893514811849479,-1.890379907261335e-05,-0.0003414409206585136,-9.697000518068146e-05,36.5,26.0
2.1555388847211803,0.0005126731076468749,0.00042524122508638896,0.001614478563631672,6.9015212169735785,4.6480040271438936e-05,-0.00036103875370097516,-9.567844451843615e-05,36.5,26.0
2.158039509877469,-0.0006838167804953703,-0.0008134336210578725,0.00046845246810309286,6.909527622097678,0.00011264306853798225,-0.0003227674684473321,-0.00010385824049550549,36.5,26.0
2.1605401350337585,0.001380318799415701,-0.0003455666738903862,-0.00024076820635029293,6.917534027221777,0.00013544630279302173,-0.00024851627641585007,-0.00011727408110735394,36.5,26.0
2.1630407601900474,-0.0002757099289897586,8.347574432887036e-05,0.00015815219874706506,6.925540432345876,8.873714627539745e-05,-0.0001546922711400521,-7.898333998139949e-05,36.5,26.0
2.1655413853463363,0.00017546107157163509,0.0005116516602428987,-0.0019143056125900133,6.933546837469976,-2.0952494346310315e-05,-4.3261850591644534e-05,1.3022234061216042e-05,36.5,26.0
2.1680420105026257,-0.0017538341308937929,0.00017352731512249869,0.0008514436312505845,6.9415532425940745,-0.00015662094051663777,8.647219140757141e-05,8.764365517300782e-05,36.5,26.0
2.1705426356589146,0.0006326123260163944,0.0008833579413504168,-1.59180639117195e-05,6.949559647718174,-0.00027002561549113247,0.00021786818140797357,0.00012906105822346585,36.5,26.0
2.173043260815204,0.00013452655525301088,0.0003459436373146774,-0.0012495773719651952,6.957566052842274,-0.0003318503545417053,0.00032100409153488867,0.00018955742958191068,36.5,26.0
2.175543885971493,-0.0007276172483817033,-0.002415258255995155,-0.0002922057455284351,6.965572457966372,-0.0003479935767807574,0.00037236088271675285,0.00023799936215732078,36.5,26.0
2.1780445111277817,-0.00033096766854837664,-0.00014135123752935977,-0.000756546736747523,6.973578863090472,-0.0003442515526607517,0.00036111182293922594,0.0002159279882115395,36.5,26.0
2.180545136284071,-0.00040203746485370165,-0.000901116882980588,4.6443081914338704e-05,6.981585268214571,-0.0003418779203145491,0.00028735559796698164,0.0001967025417376313,36.5,26.0
2.18304576144036,-0.0005916177512470225,-0.0007230905945930023,-0.0008498923711586404,6.98959167333867,-0.0003535680897459676,0.00016718916552022861,0.00025011711659487043,36.5,26.0
2.185546386596649,-0.0008009381301911964,0.0006318224471817556,-0.0006883960353724578,6.99759807846277,-0.00038685198279016274,3.340214964106437e-05,0.0003047508830810548,36.5,26.0
2.1880470117529383,-0.0007982359312245819,-0.0013986073615140043,0.0002706557720172559,7.005604483586869,-0.00043368769325297985,-7.788892430967952e-05,0.00027992805538734134,36.5,26.0
2.190547636909227,-4.875642534752121e-05,5.788547510186449e-05,0.0009688734727586677,7.013610888710969,-0.00046417971339711406,-0.00014400451026964027,0.0001445811441725371,36.5,26.0
2.1930482620655165,-3.3585207697869155e-05,0.0010852935927301937,0.0003717720659042002,7.021617293835067,-0.00044350531303194153,-0.00016480426748402338,-9.731708436164055e-05,36.5,26.0
2.1955488872218054,0.00015043271423623663,-0.0013074062896133412,-0.001119890109266319,7.029623698959167,-0.0003566814190446287,-0.00015987637129902168,-0.00030245958662737166,36.5,26.0
2.1980495123780943,-0.00046060821696328555,-0.0006243178622990713,-0.0013342772376159207,7.0376301040832665,-0.0002207530604164932,-0.00015512399801509845,-0.00031810706380767446,36.5,26.0
2.2005501375343837,0.00047263960812171543,0.0009442134488005948,0.00018591225571673695,7.045636509207365,-7.862444524690313e-05,-0.00017021071944077194,-0.00027065235212813895,36.5,26.0
2.2030507626906726,-0.0016279366669780563,0.0014045090501313608,-0.00012542476983946505,7.053642914331465,2.4257600003693636e-05,-0.00021150154159727387,-0.000348985888667289,36.5,26.0
2.2055513878469615,0.0011983201582462968,-0.0012780025120155405,-0.0007208256718380469,7.061649319455564,6.473426502136928e-05,-0.00026635579993842845,-0.000400286616682431,36.5,26.0
2.208052013003251,0.00021573508238330807,-0.0014687508955238584,0.0010340814578655103,7.069655724579663,4.7928799932021135e-05,-0.00030949937366082946,-0.00017214627638896098,36.5,26.0
2.2105526381595397,0.0006809594960893896,-0.0006016986238780115,-0.0005892519593549131,7.0776621297037625,-4.0299232374379775e-06,-0.00032538037954955016,0.00021360951022115728,36.5,26.0
2.213053263315829,-0.001369533103002626,3.824902952202748e-05,0.0006727835122528703,7.085668534827862,-6.536233615509869e-05,-0.0003221091360977977,0.0004074268161738769,36.5,26.0
2.215553888472118,0.0015218780338869388,0.00032410581983150156,-0.0005259182255445791,7.093674939951961,-0.0001137542992451212,-0.0003210954731088975,0.00031571957196781963,36.5,26.0
2.218054513628407,0.0009619991233895164,6.135436071670197e-06,0.0007102980614453135,7.10168134507606,-0.0001322548481311475,-0.0003382937800813281,0.00017414093890800382,36.5,26.0
2.2205551387846962,0.0017554473575990598,-0.0004264653239504222,0.001359518752514723,7.10968775020016,-0.00011011624649744821,-0.0003767998874584321,0.00017697171103417292,36.5,26.0
2.223055763940985,-0.0005989889676778237,-0.0012206507398966721,-0.00018924786129513986,7.1176941553242585,-4.6811476741486305e-05,-0.00043168085930893113,0.00021544764724539615,36.5,26.0
2.225556389097274,-0.0002921848192204449,0.0009843788317269308,0.001048823310418807,7.125700560448358,4.2700840082342714e-05,-0.0004967010065585794,7.201529314882917e-05,36.5,26.0
2.2280570142535634,-0.0006898746838183801,-0.0013998987239807901,0.0006128657188030722,7.133706965572458,0.00013299180464339385,-0.0005618048465580202,-0.00021654302427186336,36.5,26.0
2.2305576394098523,0.000723047742624137,0.00016638204663885198,-0.001463962359967993,7.141713370696557,0.00020349081629384243,-0.0006082470239278225,-0.000352933373719903,36.5,26.0
2.2330582645661416,0.0002203444408043256,0.0019412001506695382,0.0002600079863408305,7.149719775820656,0.0002458029115139255,-0.0006194502044895456,-0.00018837077109121775,36.5,26.0
2.2355588897224306,0.0004054959829696154,-0.0001862591004915577,-0.0005219640689959564,7.157726180944755,0.00025437962074945786,-0.00059713227835462,2.8623483970687853e-05,36.5,26.0
2.2380595148787195,0.0010829297452047294,0.001852458804871216,0.000327923940705848,7.165732586068855,0.0002177971949173285,-0.0005612803980252206,1.0455273801455948e-05,36.5,26.0
2.240560140035009,0.0012271152976202633,-0.0001618141170867214,-0.0006322847868373585,7.173738991192954,0.00012977205527054297,-0.0005368870718772405,-0.0001203846804645187,36.5,26.0
2.2430607651912977,-0.002001940621049532,0.0007197652818394534,-0.000902110625066307,7.181745396317053,6.467107508091792e-06,-0.0005389095379631523,-5.519471745691836e-05,36.5,26.0
2.245561390347587,-0.00015710769630915985,0.0009319919967774761,0.0006803037438537895,7.189751801441153,-0.00011617981185784042,-0.000564849131530931,0.00017199365532896894,36.5,26.0
2.248062015503876,-0.0009121910395885348,-0.0007822437567845663,-5.091338371653696e-05,7.1977582065652514,-0.00020161112696208744,-0.0006036095400139469,0.00026230598853381357,36.5,26.0
2.250562640660165,-0.0008364061396205482,0.0019452313269358182,-0.0007375897157276011,7.205764611689351,-0.0002287674429158262,-0.0006505410881830881,0.0001218529825113563,36.5,26.0
2.253063265816454,4.100192430523996e-05,-0.0008867899136629633,-0.0012358802865691557,7.213771016813451,-0.0001976003349967159,-0.000705033658843948,-9.5478254136968e-05,36.5,26.0
2.255563890972743,-0.0002571755588425915,0.0005196951396939669,0.000402420683828768,7.221777421937549,-0.00012565295537037257,-0.000755251890603984,-0.0002466134919869558,36.5,26.0
2.258064516129032,1.0072441224531693e-05,0.0002479060799230963,-0.0007693804957300356,7.229783827061649,-4.191378337803713e-05,-0.0007766128567545238,-0.0003027508577103426,36.5,26.0
2.2605651412853214,-0.0011501447188529649,-0.00017798323083567435,-0.00045441252852152327,7.237790232185748,1.763752514212649e-05,-0.0007475534787163487,-0.00035192208038953754,36.5,26.0
2.2630657664416103,0.0006735669978138731,0.0003923048545211041,-0.0006130244399455823,7.245796637309847,1.9567495054114304e-05,-0.0006651551346805611,-0.00046554820352713333,36.5,26.0
2.2655663915978996,-0.00020183075352014974,0.0013518435397576922,0.001546947773576461,7.253803042433947,-4.662695460888679e-05,-0.0005458274310059707,-0.0005007175777295813,36.5,26.0
2.2680670167541885,0.0010707033888647471,0.0010354469096062059,0.00027864904418710754,7.261809447558046,-0.00015496994227992767,-0.0004128283564369847,-0.0002953513782331657,36.5,26.0
2.2705676419104774,0.0006328540963477908,0.0025087509455200938,0.0007332626943811291,7.269815852682145,-0.0002578190392902847,-0.0002886494809592146,-1.3083700805569361e-05,36.5,26.0
2.273068267066767,0.00025101943520222723,0.0011513529404905919,0.0018976683602943843,7.277822257806244,-0.0003150664012702923,-0.00019795038229368297,9.922168641534566e-05,36.5,26.0
2.2755688922230557,-0.0009975072323864704,0.0003838823580459823,0.00021101242997467824,7.285828662930344,-0.0003107861398119236,-0.00016399737751330258,0.00011380664374575984,36.5,26.0
2.2780695173793446,0.00175353732519245,0.0005511172016244006,0.0021468514353795635,7.2938350680544435,-0.0002549707747483065,-0.00019296332041154074,0.0001643128877076035,36.5,26.0
2.280570142535634,0.00046665460870905955,0.0009005421344494998,-7.022333446805527e-05,7.301841473178542,-0.00017702820227858952,-0.0002673816502277471,0.0001458694666113823,36.5,26.0
2.283070767691923,-0.0006902896636916255,0.0010698477076187486,0.0004784835097542962,7.309847878302642,-0.00011323496938406208,-0.0003595328591076922,2.082481191538577e-05,36.5,26.0
2.285571392848212,0.0019447366250364474,-0.00015039311130451389,-0.0012999055190120708,7.317854283426741,-9.388939834456826e-05,-0.00044631518954658977,-4.468711399578759e-05,36.5,26.0
2.288072018004501,0.0019444107006868273,-0.0010567521860632434,0.0005952594598385544,7.32586068855084,-0.00013351469676786375,-0.0005110953980099798,-1.4537631472646024e-05,36.5,26.0
2.29057264316079,-0.0007251817123982363,-0.0010831307480337928,0.0008154506021986216,7.3338670936749395,-0.0002217088063642193,-0.0005389202337317575,7.653405217591438e-06,36.5,26.0
2.2930732683170794,8.93396176163302e-05,-0.0005314491826950529,-0.0009257308132853274,7.341873498799039,-0.0003200385821029778,-0.0005177661206533544,2.2493203999569932e-05,36.5,26.0
2.2955738934733683,-5.221466061590204e-05,0.00022755404833113086,0.0001347215921608609,7.349879903923138,-0.0003747616474358464,-0.000447277406305667,4.37145981760345e-05,36.5,26.0
2.298074518629657,-0.0011265914857785302,-0.00033491712764435673,-0.00017372915143091074,7.357886309047237,-0.0003399785922063024,-0.0003397379947330998,1.2707579088343316e-05,36.5,26.0
2.3005751437859465,0.0004297801753586671,-0.0025278139285072306,0.0006628271341655333,7.365892714171337,-0.00019738355910815385,-0.00021129080874468983,-6.005702452493582e-05,36.5,26.0
2.3030757689422354,-0.0020347767005284914,0.00013111222211934645,-0.0007323424531217588,7.3738991192954355,3.375631396292936e-05,-8.180436653130011e-05,-0.00013613430394171668,36.5,26.0
2.3055763940985248,0.000930491295520837,1.9214887759696714e-05,0.0016983643727294597,7.381905524419535,0.0003022941600443352,2.0084526012992982e-05,-0.00024032503546546498,36.5,26.0
2.3080770192548137,-0.0016266729643777942,0.00016496229219503504,-0.0005907258954918621,7.389911929543635,0.0005465435601895103,6.524042238709884e-05,-0.0003252868804184938,36.5,26.0
2.3105776444111026,-0.0003283106218743672,9.615341917843891e-05,0.0008750260901305407,7.397918334667733,0.0007150617546024187,4.282336079144461e-05,-0.0002748696851199766,36.5,26.0
2.313078269567392,0.0011767562841317458,0.0014070855052848656,0.000443393923356742,7.405924739791833,0.0007780145575486329,-2.7111439696972312e-05,-0.00011553904454882129,36.5,26.0
2.315578894723681,0.0010517959484104729,1.051318476431323e-05,-0.001794842650395913,7.413931144915932,0.00073265443117833,-0.00010083357751832108,1.1822940722135951e-05,36.5,26.0
2.3180795198799697,-0.0014119518759661263,0.0015188634902675536,-0.0006606406097034845,7.421937550040032,0.0006003021579075865,-0.00013775611506690213,6.226872617268699e-05,36.5,26.0
2.320580145036259,0.00026546357963851624,0.0012073823039789246,0.0006480855066859891,7.429943955164131,0.00041526731429571313,-0.00012593994226293328,8.779361499910553e-05,36.5,26.0
2.323080770192548,0.001804127285909289,-0.0004943474088165173,0.0005196357260148881,7.43795036028823,0.00021517884109396185,-8.163599985314116e-05,8.94096342941821e-05,36.5,26.0
2.3255813953488373,0.0006873595227296786,-0.0008013506164711372,0.0005184239908625799,7.44595676541233,3.450613703074281e-05,-2.9026765442256107e-05,3.9492609035709825e-05,36.5,26.0
2.3280820205051262,-0.00019444676198350638,-0.0004258317991857614,0.0002525567228953795,7.453963170536428,-0.00010342690097254497,1.299106632027307e-05,7.732800609339729e-06,36.5,26.0
2.330582645661415,-0.0018755073625202113,0.0023521456011804786,-0.0006233490300925912,7.461969575660528,-0.0001894677829118192,3.52916802490495e-05,5.730476769183705e-05,36.5,26.0
2.3330832708177045,-2.66939143783409e-05,0.0024120060330901317,0.0012850204593555113,7.4699759807846275,-0.000224394512772519,4.269854678617564e-05,0.00011075010690517947,36.5,26.0
2.3355838959739934,0.00018783439748675337,-0.0010850858396360527,7.82299093462952e-05,7.477982385908726,-0.0002178497252028131,5.0971971807670025e-05,0.00011921784421476634,36.5,26.0
2.3380845211302823,-0.0001552823118928356,-0.00023395613127002193,0.0014918149114369335,7.485988791032826,-0.00018619429941540606,7.548880966331455e-05,0.0001351161700341827,36.5,26.0
2.3405851462865717,0.0007488758755137586,0.00047799724922691387,-0.0005447548876361089,7.493995196156925,-0.00014481499221293643,0.00011912821079790653,0.00012285351460597364,36.5,26.0
2.3430857714428606,-0.002017374895438378,-0.000749236345529442,0.0014638580025727954,7.502001601281024,-0.00010619979120996364,0.0001657666339123796,3.365739934139306e-05,36.5,26.0
2.34558639659915,0.0008027340611211803,-0.0015599782417689118,-0.0011329788704844016,7.510008006405124,-8.051041493684285e-05,0.0001846201946465256,-1.615896268012935e-05,36.5,26.0
2.348087021755439,0.00039649130437183715,-0.00015982192308215473,0.0017528134264975606,7.518014411529223,-6.955908613099477e-05,0.00014812919788306626,3.382742385175297e-05,36.5,26.0
2.3505876469117277,-0.0002007144794002072,-0.0016080492170816552,-0.0003454661478742003,7.526020816653322,-6.635453860983517e-05,5.5726934178250525e-05,5.763978258404622e-05,36.5,26.0
2.353088272068017,-0.001002765014865092,-0.001231531081438996,-0.0001199209139124475,7.534027221777421,-6.491442946775725e-05,-5.755312994808766e-05,3.166935907981175e-05,36.5,26.0
2.355588897224306,0.0005185127174114314,0.0026520631872824097,0.0003438446106190422,7.542033626901521,-6.22034677733794e-05,-0.0001374308484716918,7.829033744640709e-05,36.5,26.0
2.358089522380595,0.0009511084708039966,0.0010137077852261141,-0.0002872022480207684,7.55004003202562,-5.2290754420079524e-05,-0.00014017679286219847,0.00019664411283698644,36.5,26.0
2.3605901475368842,0.001278079284829758,-0.00015065614951186222,-0.001678390313550699,7.558046437149719,-2.997467453223093e-05,-5.748382866080675e-05,0.00028125567267376153,36.5,26.0
2.363090772693173,-2.3501548545965142e-05,0.0010106822134358896,0.00044120784923114807,7.566052842273819,4.432367097776478e-06,8.049392654142006e-05,0.00028212858517914617,36.5,26.0
2.3655913978494625,0.00021961532149269918,-0.0019406127995653798,0.001026465554900715,7.574059247397918,5.123089075969664e-05,0.0002236136449554404,0.00020776819017054052,36.5,26.0
2.3680920230057514,-0.0010047831693694102,-0.00018309068709433353,0.0012504813978763175,7.582065652522017,0.0001136158021546553,0.0003251183561879772,0.00015193369575875704,36.5,26.0
2.3705926481620403,0.0020814808497102793,0.001412791146255497,-0.0008700759777911552,7.5900720576461165,0.00018947957775294368,0.0003576793042924558,0.00019910559901032532,36.5,26.0
2.3730932733183296,-0.000538520890524374,-0.0011059003404006577,0.0008041293822052846,7.598078462770216,0.0002645218508920856,0.00031979119177482344,0.0002014505699708736,36.5,26.0
2.3755938984746185,-0.0017574265347480359,-0.00038852170780456785,-0.0006717800805237054,7.606084867894315,0.00031287249655103657,0.00023493126218320634,5.95318595836946e-06,36.5,26.0
2.3780945236309075,-0.0014123047184804525,-0.0013260829201235166,-0.0014214683852294034,7.614091273018414,0.0003111748056547177,0.00014285323093100912,-0.0001730848735916701,36.5,26.0
2.380595148787197,-0.0006740573063777733,-0.00027797152777785014,0.00016424714360725772,7.622097678142514,0.00025936811644236964,8.162450787423278e-05,-0.0001002432682987147,36.5,26.0
2.3830957739434857,0.0007315635768862202,-0.0004080869695680386,0.00039086465117368246,7.6301040832666125,0.00018287344871683087,6.79338883186982e-05,5.914267756456775e-05,36.5,26.0
2.385596399099775,0.0006613325652923144,0.0005425741881783643,-0.000881727797925491,7.638110488390712,0.00011423077104159732,9.105191184474915e-05,0.00010182587288910905,36.5,26.0
2.388097024256064,-0.0008743156341524643,0.0008070570554822613,-0.0008035039019515758,7.646116893514812,7.595721632453029e-05,0.00012718165306539208,8.62925863358162e-05,36.5,26.0
2.390597649412353,-0.001168836101151895,-0.0004953883386986482,0.0004418593667602133,7.65412329863891,7.583982202801901e-05,0.00015881399470099768,6.91705778429184e-05,36.5,26.0
2.393098274568642,0.0005923436333606759,0.0019566693076934647,0.00039301137212553093,7.66212970376301,0.00011166281245715109,0.00018282123607958975,3.0767006357781115e-05,36.5,26.0
2.395598899724931,-0.0011004982934816891,0.001045803019329333,-0.0003688610584597996,7.670136108887109,0.00017784666567739938,0.00020842729042564657,-3.5280867697444685e-05,36.5,26.0
2.39809952488122,0.0007884030493040666,0.0007706721055451504,-0.0007600861189289465,7.678142514011208,0.00026705114070939826,0.0002489194249428789,-0.00017688141395188694,36.5,26.0
2.4006001500375094,-0.0003764595408826741,-0.0017177892148923972,0.0007851458638567255,7.686148919135308,0.0003663497915982885,0.0003118499536070912,-0.00033855600713520947,36.5,26.0
2.4031007751937983,-0.0012025770788408874,-0.00019099851523567214,0.001587012637584791,7.694155324259407,0.0004580063751718458,0.00039594075415843753,-0.0003378259026588521,36.5,26.0
2.4056014003500876,0.0009137752663704983,0.001165585988136768,0.001313828425786079,7.702161729383506,0.0005258661604743099,0.0004910327412585653,-0.00022080266975039255,36.5,26.0
2.4081020255063765,-0.0003524181804766747,-0.00035189786414502094,3.45609889544346e-05,7.710168134507605,0.0005553876805761589,0.0005749037804193173,-0.0001991730345411196,36.5,26.0
2.4106026506626654,-0.0005434292570994622,-0.0009480325021857522,0.0007106746147369384,7.718174539631705,0.0005306747327345611,0.0006190263776991317,-0.00026325418743984716,36.5,26.0
2.413103275818955,0.0004639512281233557,0.0008499793768164132,0.0007812405623521821,7.7261809447558045,0.00043951356549771554,0.0006069565454614508,-0.0003044013460616491,36.5,26.0
2.4156039009752437,0.00029774308216055467,-7.25151401584414e-05,-0.00024356308172842025,7.734187349879903,0.00028501432095727355,0.000543344318294224,-0.0003283595934845644,36.5,26.0
2.418104526131533,0.0013109001516542207,0.0009485471699607408,0.0009444641254474896,7.742193755004003,9.538033044087506e-05,0.0004462047854320551,-0.0002962255714353531,36.5,26.0
2.420605151287822,0.0007782533479226031,-0.000666458967247273,0.0005557185814397992,7.750200160128102,-7.861176027496657e-05,0.00033676841923592125,-0.00012984481426494976,36.5,26.0
2.423105776444111,0.0019342541419727004,-0.0016608613191476022,-0.0012543183527669026,7.758206565252201,-0.00018249913977291677,0.0002324548321007887,0.00010962743182278765,36.5,26.0
2.4256064016004,4.51102897034454e-05,0.0006405782221373912,0.0005263157943673513,7.7662129703763005,-0.00018492206303436306,0.00014537046622693542,0.0003061060907135796,36.5,26.0
2.428107026756689,0.00018038626399978044,-2.7888030339773108e-05,6.930503236068984e-06,7.7742193755004,-9.320274963373626e-05,8.799878688876576e-05,0.0004044055754196952,36.5,26.0
2.430607651912978,-0.0005567299100279179,-0.002102410241533428,-0.0005583117603568318,7.782225780624499,5.370263294680652e-05,7.217714683621637e-05,0.00038555643586247925,36.5,26.0
2.4331082770692674,0.00047686133284685254,-0.0005648440320895748,-0.00035252352059093623,7.790232185748598,0.00020274994824006623,9.684217122921739e-05,0.0002952037404094322,36.5,26.0
2.4356089022255563,0.0005309768714939957,-0.0003514696750291736,-0.00039150996157736874,7.798238590872698,0.00030527963494920627,0.00014704119403170535,0.00020709375129175062,36.5,26.0
2.4381095273818456,-0.0003778993513914116,0.0011943902588444023,-1.7503812539513275e-05,7.8062449959967966,0.0003357628309576791,0.0002090893414649927,0.00011036918332455326,36.5,26.0
2.4406101525381345,-7.524843590948709e-05,-0.00059610816244547,0.0013180055479835994,7.814251401120896,0.00029762227571447137,0.0002767376794338487,1.9335665477941936e-06,36.5,26.0
2.4431107776944234,-0.0020314857206985668,0.0007157225737686136,-6.564092193189614e-05,7.822257806244996,0.00021215093805703042,0.00034137771350416186,-3.6173081842091393e-06,36.5,26.0
2.4456114028507128,-0.0017956918783498753,-0.0003384780531858687,-0.001901726620316003,7.830264211369094,0.00010548555510211801,0.0003858900028908431,0.00012372415580134296,36.5,26.0
2.4481120280070017,-0.0008138278859378574,-0.0002376709303088571,-0.0013241248490364025,7.838270616493194,3.1668857128111924e-07,0.0003940107878903035,0.00019246956536339652,36.5,26.0
2.4506126531632906,-0.0003844647728236407,-0.00069843933310969,-0.0005363815160002868,7.8462770216172935,-8.92269723527773e-05,0.0003647950728859603,8.306321986005589e-05,36.5,26.0
2.45311327831958,-0.0002907658772799824,0.0013019247490574117,-0.0013729101295550646,7.854283426741393,-0.00015808441902722027,0.00031627944271928727,-5.4229032784364753e-05,36.5,26.0
2.455613903475869,-0.0001691852004627097,0.0015258488348857226,-0.0002534729950266033,7.862289831865492,-0.00020685903897500394,0.00027261792107912016,-7.394880400060244e-05,36.5,26.0
2.458114528632158,0.0014427023422936944,-3.5259624681644725e-05,0.0003761064282816657,7.870296236989591,-0.00023828246557929748,0.0002459259899948942,-2.273200289263799e-05,36.5,26.0
2.460615153788447,-0.0009413329863474953,-0.0007208772258662062,-0.0005870302500254845,7.878302642113691,-0.0002533606986678867,0.0002364968761441629,3.627234188837115e-05,36.5,26.0
2.463115778944736,3.410688080126232e-05,-0.0019990587139533523,0.001038646880931779,7.8863090472377895,-0.00024719695970866625,0.0002480992216798357,8.468318458169363e-05,36.5,26.0
2.4656164041010253,0.000822608382843185,0.0005996227950602066,0.00014579518281835363,7.894315452361889,-0.0002114356482927501,0.0002881181093197581,6.344923599175298e-05,36.5,26.0
2.4681170292573142,-0.00013533806850140836,-0.00016926562770232955,0.00014307689714346305,7.902321857485989,-0.00014521146728597398,0.00035301294546343897,-2.7803371123506673e-05,36.5,26.0
2.470617654413603,-0.0011941893391012987,-0.00249787758506213,-0.00033140405751091746,7.910328262610087,-6.35471688055693e-05,0.00042570424474369466,-9.860523796955116e-05,36.5,26.0
2.4731182795698925,0.0009444998204927105,9.015749682485179e-05,-0.00044976849193775986,7.918334667734187,6.817135566442749e-06,0.0004855389657848806,-0.0001486883593720073,36.5,26.0
2.4756189047261814,0.00016277690455687174,-0.0015597451125569733,0.000647248246952305,7.926341072858286,4.074135568916607e-05,0.0005142856992761682,-0.00023216929803616666,36.5,26.0
2.4781195298824708,-0.0009771513003761815,-0.0015034980472080832,-0.001137306245389736,7.934347477982385,2.6019375568717188e-05,0.000500005841894281,-0.00026856336243459767,36.5,26.0
2.4806201550387597,-0.000671909504307059,-0.0014401605415201126,0.0014713917629942156,7.942353883106485,-3.387210905397708e-05,0.0004431199006789753,-0.00017862029077184158,36.5,26.0
2.4831207801950486,3.8288667044513595e-05,-0.0018980334251636239,0.0005015968832051467,7.950360288230584,-0.00012446161226376201,0.00035764004705549535,-7.549141506038341e-05,36.5,26.0
2.485621405351338,0.0007830493181196272,-0.00014079193724446645,-0.00040275531814202247,7.958366693354683,-0.00022617879918959113,0.0002673369173128392,-5.3587203945513e-05,36.5,26.0
2.488122030507627,0.0004574462790989472,-0.0011830329029793247,0.0015846800338235158,7.966373098478782,-0.0003164843596165164,0.00019809041306953536,-3.5573203058569437e-05,36.5,26.0
2.4906226556639157,0.0010606837142882986,-0.0019587142895616926,-0.0007272051471147002,7.974379503602882,-0.00037325295058724815,0.00016683478095556046,-1.1138064086424793e-05,36.5,26.0
2.493123280820205,0.0014743915307928435,-0.0008858618927736457,0.000919431834346286,7.982385908726981,-0.0003850717471467566,0.00017576713920297002,-5.0922490896243696e-05,36.5,26.0
2.495623905976494,0.0012175633584377446,-0.0004820849716541995,0.0004948389505493016,7.99039231385108,-0.00035687658805253516,0.00021401049795365465,-5.739818324012916e-05,36.5,26.0
2.4981245311327833,0.0002040923622216907,-0.0002482781990843814,2.9431777337887652e-05,7.99839871897518,-0.0003009118470600626,0.00026251043565781145,7.044518142437602e-05,36.5,26.0
2.5006251562890722,0.0005696221276828838,0.0005420693623902084,0.0008938251452968043,8.00640512409928,-0.00022714494788891496,0.0003024713810514402,0.0002031538549711386,36.5,26.0
2.503125781445361,-0.0013409121319458146,0.0010689410675845492,0.001209169712179151,8.014411529223379,-0.00014424452100917577,0.00032456446872358756,0.00024493005621383944,36.5,26.0
2.5056264066016505,-0.0009738969008960608,0.00010460251817836758,0.0002971067411810531,8.022417934347477,-6.239121519511697e-05,0.00033380600148666124,0.0002725472826656961,36.5,26.0
2.5081270317579394,0.0006998413702619705,-0.00010585503922403721,0.0019555522923544034,8.030424339471576,9.11653413394961e-06,0.00034601842337933844,0.00028563774260983944,36.5,26.0
2.5106276569142283,-0.0008543369581985354,0.0003519689206183121,0.00012422821139555407,8.038430744595676,6.718400952791445e-05,0.00037421347333529964,0.00023449145994025627,36.5,26.0
2.5131282820705176,0.0019134483574610064,0.0003421253854862509,0.0011409437575678515,8.046437149719775,0.00011572718443719589,0.00041527133733745543,0.00018568228835636288,36.5,26.0
2.5156289072268065,0.001424245268774832,0.0002608320272695997,-0.0017413224611669915,8.054443554843875,0.00015754286979423462,0.0004502219345293289,0.00015634713193879706,36.5,26.0
2.518129532383096,0.0014257726294487991,0.0017711317968253908,0.0013512240713771065,8.062449959967974,0.00018887100280214248,0.00045548823181713655,7.914236609432945e-05,36.5,26.0
2.520630157539385,-0.001185459604260514,0.0011962822204264296,0.0002248243289499193,8.070456365092074,0.00020698897403208756,0.0004149185901164865,1.621264622295786e-05,36.5,26.0
2.5231307826956737,-0.000727813802488262,-0.0009336533059438657,0.001129380953721422,8.078462770216172,0.00021656900476608684,0.0003277137215585271,3.85863402492996e-05,36.5,26.0
2.525631407851963,-0.001263781236539973,-0.00012376366268019258,0.0002887484217346458,8.086469175340271,0.00022301982122670947,0.00020900950417111265,4.0511879571452394e-05,36.5,26.0
2.528132033008252,-0.000680926188941492,-0.0020115968756160866,-0.00047238160124823335,8.09447558046437,0.00022537079805491395,8.506959697778812e-05,-2.227605838036438e-05,36.5,26.0
2.530632658164541,-0.0006289915548001893,0.0003464930680080507,-6.20711131926007e-05,8.10248198558847,0.0002188008556148803,-1.2638756414704834e-05,-2.034673053948752e-05,36.5,26.0
2.53313328332083,0.004298508217446414,-0.00022963164387815172,-0.0005689878810745117,8.11048839071257,0.0002017551949869473,-5.867432638228716e-05,8.951656995722106e-05,36.5,26.0
2.535633908477119,-0.00031475127617852357,0.0003576678505827582,-0.0005647634287038508,8.11849479583667,0.0001792066946112482,-4.8700502036642026e-05,0.0002107137146132349,36.5,26.0
2.5381345336334085,0.0013544201268124636,-0.0005755900404708319,0.0009106255326367759,8.126501200960767,0.00015996368207002375,-2.260259263096966e-06,0.0002652088860609636,36.5,26.0
2.5406351587896974,0.0005511817053692107,-0.0005979064958324318,-0.0005335889428469943,8.134507606084867,0.00015267184070126913,5.128594327175402e-05,0.00022460586997206198,36.5,26.0
2.5431357839459863,-0.0003406653457919139,-0.0008011315731334183,-0.0005242984277766568,8.142514011208966,0.00016176511922371228,8.760868315937836e-05,0.00012789750926511535,36.5,26.0
2.5456364091022756,6.230118770268743e-05,-0.0012848827567643081,0.0005485568653784907,8.150520416333066,0.00018295584345265911,9.380342598312735e-05,5.908986894319084e-05,36.5,26.0
2.5481370342585645,-0.0005825168383966702,0.0003372630878278565,0.0006270007104750808,8.158526821457166,0.0002015499342297434,7.019954773224835e-05,-8.681732091775074e-06,36.5,26.0
2.5506376594148534,-0.0006248221688157649,0.0007733994304745237,0.00045332054393963563,8.166533226581265,0.00019780319324617392,3.125069708525816e-05,-0.00014503388277963558,36.5,26.0
2.553138284571143,-0.00054582259543985,-0.001275125546128644,0.0007382142014493375,8.174539631705363,0.0001583982834500264,1.907724889853291e-06,-0.0002402965193978876,36.5,26.0
2.5556389097274317,-0.001286407731674096,0.00021153264337729004,0.00123974732659625,8.182546036829462,8.499589640505455e-05,3.1457221436779717e-06,-0.00016355620751376656,36.5,26.0
2.558139534883721,-0.0009883309657930939,-0.0003804764777851565,-0.0013622369820995067,8.190552441953562,-7.329636070533368e-06,3.737734551328801e-05,-1.3215493550264302e-05,36.5,26.0
2.56064016004001,-0.0014079573185177407,-0.0005868694240284433,0.0006357868853902592,8.198558847077662,-0.00010104223734897393,9.068461795184201e-05,3.881019951006319e-05,36.5,26.0
2.563140785196299,0.0005498355197943889,-0.0006844328029375114,-0.0013998751821329308,8.206565252201761,-0.00018615284922790046,0.00014481465730425397,-4.176090787379454e-05,36.5,26.0
2.565641410352588,-0.00029144143467436343,-5.365804298812319e-05,-0.0008645583176767272,8.21457165732586,-0.0002600666591482106,0.0001814174343563866,-0.00019874666496156053,36.5,26.0
2.568142035508877,0.00017707790152950918,9.504924852898506e-05,0.00156916527346253,8.22257806244996,-0.0003233204191588128,0.00018197526456548152,-0.0003818789578388163,36.5,26.0
2.5706426606651664,0.0003366560581145253,-0.002442941516826071,-7.612419357917548e-05,8.230584467574058,-0.000377205094471095,0.00013604536958511496,-0.0005628934599366999,36.5,26.0
2.5731432858214554,0.0009627958100386152,0.0007601136649792686,-0.0008295239826979643,8.238590872698158,-0.0004237605231470582,5.143854316213851e-05,-0.0006905218318689069,36.5,26.0
2.5756439109777443,4.288887062917936e-05,-0.00042886385457741933,6.835415084135738e-05,8.246597277822257,-0.00046780984855496644,-4.6251844696210346e-05,-0.0006634631608721331,36.5,26.0
2.5781445361340336,0.0018228474466427996,7.37870260931977e-05,0.0016341385378561247,8.254603682946357,-0.0005145022537838488,-0.0001249283967014573,-0.00045159022771809176,36.5,26.0
2.5806451612903225,-0.0008417549864174058,0.0002650504840292128,-4.9865568722364935e-05,8.262610088070456,-0.00056140076727271,-0.00015951199555390427,-0.00019324318225794784,36.5,26.0
2.5831457864466114,0.0005614465552480894,0.0013575742793293507,-0.0004825855161815656,8.270616493194556,-0.0005955543504803334,-0.00014091876021229787,-3.94372697194421e-05,36.5,26.0
2.5856464116029008,-0.00022298258990571457,0.0010993034135759476,-0.0014058658241922234,8.278622898318654,-0.0006021827824896188,-8.183968055860317e-05,-1.2250249926143684e-05,36.5,26.0
2.5881470367591897,0.0025642601205150433,0.0002888087274476185,0.0027545123332906258,8.286629303442753,-0.0005756114523811275,-1.5907823973113242e-05,-7.445466566015546e-05,36.5,26.0
2.590647661915479,-0.000873362950217255,0.0006382121800706199,-0.0011832756544316785,8.294635708566853,-0.0005181690761495491,1.6803262841297977e-05,-0.0001869299720242531,36.5,26.0
2.593148287071768,-0.0005032940987752663,8.772440070417511e-05,-0.00129823083761827,8.302642113690952,-0.00043001923530510924,-1.0240938871028231e-05,-0.000317292737078592,36.5,26.0
2.595648912228057,7.100417945813488e-05,-0.00016645010221140338,-0.0001740359377066604,8.310648518815052,-0.0003075097487137936,-9.836403750994107e-05,-0.0004381673214948103,36.5,26.0
2.598149537384346,0.00034003083331988435,-0.0002862003172467388,0.0006452747062618805,8.318654923939151,-0.00015684485420797817,-0.00022342767590567073,-0.0004550141794420981,36.5,26.0
2.600650162540635,-0.0005502890994225937,-0.00040633521909571116,0.0012217131707447202,8.32666132906325,-4.565398077916438e-06,-0.00034440444409684077,-0.00027864902625310923,36.5,26.0
2.603150787696924,0.0006294672881338035,-0.0001544119005478883,0.0003655472815048872,8.334667734187349,0.00011283711874159605,-0.00041748704102664977,-2.580295172033728e-05,36.5,26.0
2.6056514128532133,0.0004858102321450848,0.00037565627712170133,-0.001741891563172002,8.342674139311448,0.0001692651470857392,-0.00041350077626334426,9.745805537381838e-05,36.5,26.0
2.6081520380095022,0.001533302172567961,0.002092658014239142,-0.0005185395179010079,8.350680544435548,0.0001598375924600421,-0.00033451110906758234,9.105761747766762e-05,36.5,26.0
2.6106526631657916,0.00023598626710875692,-0.0004776919635555997,-0.0002930557295418624,8.358686949559647,9.765236603673398e-05,-0.0002151146514399965,9.490784215431389e-05,36.5,26.0
2.6131532883220805,-0.0006727293620160517,0.0008110522506036599,-0.000300620506471937,8.366693354683747,4.054553061294249e-06,-9.992970728769457e-05,0.00015153444900550453,36.5,26.0
2.6156539134783694,-0.0005153068329536599,-0.0009871742925296552,-0.0009762140145574929,8.374699759807847,-9.855645138964918e-05,-1.634990699459573e-05,0.00024974653635455904,36.5,26.0
2.6181545386346587,-0.0013294625281158087,0.0009285756892316472,0.000922152408833381,8.382706164931944,-0.00018987482596565848,3.3728804892705735e-05,0.0004158216624989914,36.5,26.0
2.6206551637909477,0.0007983425606616291,-0.0002923720480675374,0.00027239055195921224,8.390712570056044,-0.0002540700366625286,6.365745172842224e-05,0.0006076651868289864,36.5,26.0
2.6231557889472366,-0.0007830313020354338,-0.00016232972400598774,0.0001210602723484981,8.398718975180143,-0.0002835266491279286,8.55504250887229e-05,0.0007252290203168948,36.5,26.0
2.625656414103526,-4.781201921957798e-05,0.00024265930920843853,-0.0007673585833859103,8.406725380304243,-0.0002797906151114835,9.853613657064364e-05,0.0007633890042652034,36.5,26.0
2.628157039259815,-0.0009580722084802804,0.0002051040333581605,-0.0003227465085826897,8.414731785428343,-0.00024439211111632335,9.027582656147868e-05,0.0007681667133327376,36.5,26.0
2.630657664416104,-0.0005157359783496641,0.0007664754133325876,-0.0002578020117939698,8.422738190552442,-0.00016891885610895762,4.616688882786292e-05,0.0007101533295484061,36.5,26.0
2.633158289572393,0.0011553915729110291,0.0001681017647071479,-0.0007985178432656521,8.43074459567654,-4.0295127150353526e-05,-4.077534445711957e-05,0.000549997819330681,36.5,26.0
2.635658914728682,0.0007607988550561976,-0.0013605067689795255,-0.00016904669910195526,8.43875100080064,0.00014484951582133208,-0.00015800890688127833,0.000340232545491644,36.5,26.0
2.6381595398849713,-0.0003650779275513794,-0.00027836108083790053,-0.0010415710268179821,8.446757405924739,0.00037124747186893705,-0.000271675870244756,0.00017485015468329026,36.5,26.0
2.64066016504126,0.00120107355256473,0.0010063318508657503,-0.0005880083076575189,8.454763811048839,0.0006030352233153222,-0.0003425013669341233,0.00011565301929412112,36.5,26.0
2.643160790197549,-0.0004896220359753066,-0.0003215205525904547,0.000750595406056874,8.462770216172938,0.0007886944949496484,-0.00034280194004369805,0.00016994067887435258,36.5,26.0
2.6456614153538385,0.0008843426514884164,-0.0012264711164856382,-0.002775740647623898,8.470776621297038,0.0008788223840375643,-0.0002677979639121862,0.00026311332802350754,36.5,26.0
2.6481620405101274,-0.0001697225416148341,-0.00012983031157635626,-0.00029128988743761463,8.478783026421135,0.000850071048711808,-0.00014471646423729143,0.0003022255050886724,36.5,26.0
2.6506626656664167,-0.0004625301369128108,-7.629809766079817e-06,-0.0005400772923957311,8.486789431545235,0.0007167083337058203,-2.585330127288863e-05,0.00030801388198310774,36.5,26.0
2.6531632908227056,0.0003041847486299001,-0.0016534849208881947,-0.0006247872820801802,8.494795836669335,0.0005217581568042198,3.840557315663856e-05,0.00037237776097318986,36.5,26.0
2.6556639159789945,-3.9420898859127475e-05,-0.0015332782482620753,3.534286254365637e-05,8.502802241793434,0.0003138179437603772,2.1404464743775206e-05,0.00048177264733503485,36.5,26.0
2.658164541135284,-0.001576808486176165,0.0009678682632186696,0.0002643615399055925,8.510808646917534,0.00012616082058306433,-7.56053558347884e-05,0.0005114026589082071,36.5,26.0
2.660665166291573,0.0008425470740985327,0.0010600179057114066,-0.0009262961437498618,8.518815052041633,-2.7781267146601102e-05,-0.00022570811271636378,0.00040022340994482804,36.5,26.0
2.6631657914478617,6.86637379171737e-05,0.001319491724524884,-0.0006357254389477471,8.526821457165733,-0.00014576200658668987,-0.0003843075833675761,0.00021701472481707763,36.5,26.0
2.665666416604151,0.0004165054767130519,0.00019550987195147613,-0.00033318141527343667,8.53482786228983,-0.00022811717401780257,-0.0005069394549512361,6.0688374154666965e-05,36.5,26.0
2.66816704176044,0.0018584705048301047,-0.0004298820417898626,-0.000554851882946294,8.54283426741393,-0.00027668095925694375,-0.000566541110075578,-2.7503849779337837e-05,36.5,26.0
2.6706676669167293,-0.0012791936797981367,0.0010733912416333092,-0.00022847303462818433,8.55084067253803,-0.00029432662670763373,-0.0005608351566437407,-8.210380801643302e-05,36.5,26.0
2.673168292073018,0.0010074306054020665,0.0003952491276799979,0.0009173447585097225,8.55884707766213,-0.00027881977546884206,-0.0005056839625066437,-0.00014952515225786432,36.5,26.0
2.675668917229307,0.00019295576441725313,0.0004513126955014455,6.283697538872466e-05,8.566853482786229,-0.00022193644969082293,-0.000416671500574997,-0.0002030606920037972,36.5,26.0
2.6781695423855965,0.00119296092890844,0.0008361713060079134,-7.962586180898535e-05,8.574859887910328,-0.00012292062045555363,-0.00030039074847866673,-0.00020993988070176686,36.5,26.0
2.6806701675418854,-0.0012563362334314712,4.534225183923233e-05,-0.0018699660441335185,8.582866293034426,5.961001490005079e-09,-0.00016563384680804767,-0.00022142561850048683,36.5,26.0
2.6831707926981743,0.00046562786246514,0.0009579027011293174,0.0005357264476003968,8.590872698158526,0.000118581080297654,-3.231487032147542e-05,-0.0002635575166675337,36.5,26.0
2.6856714178544636,0.0017727756298073665,0.0008432444542192235,-7.57553447257606e-05,8.598879103282625,0.00021199717671353596,7.678737884120597e-05,-0.0002795908007816665,36.5,26.0
2.6881720430107525,0.0006190886383330086,-0.0011407524555404472,-0.000809427984301076,8.606885508406725,0.0002730290444959216,0.000148531538349243,-0.0002687167023500081,36.5,26.0
2.690672668167042,0.0020260050150655564,0.0019133553394241947,0.0007553177085639313,8.614891913530824,0.00030329454285269423,0.00017966456856689745,-0.0002780349194986941,36.5,26.0
2.6931732933233308,-0.0013105367085287708,0.0018621986217693294,-0.0016947820703266275,8.622898318654924,0.0003056951194804605,0.00016795878178079088,-0.00028295178085604663,36.5,26.0
2.6956739184796197,-0.0012126198277883598,-0.000356585656081089,-0.0016936461706046557,8.630904723779024,0.00027996706031360936,0.00011069736263169013,-0.0002649276889314433,36.5,26.0
2.698174543635909,0.0005422839631959624,-0.00013688026405697703,7.257211558759994e-05,8.638911128903121,0.00022542439889139268,1.5878658764926665e-05,-0.00025582433141336115,36.5,26.0
2.700675168792198,0.0002496423431796648,0.00048812868101246636,0.0004315811357038468,8.64691753402722,0.0001484093935786454,-8.962982603026728e-05,-0.00023149819809382066,36.5,26.0
2.703175793948487,-0.0002818794720953039,0.00163583258580535,0.001098013357606789,8.65492393915132,6.763859217541643e-05,-0.00017078371274711248,-0.00017943018775435577,36.5,26.0
2.705676419104776,-0.0011213546635455787,-0.002117010977260758,0.0008810356137437724,8.66293034427542,8.67918056726909e-06,-0.0002023730355396584,-0.000168263849318089,36.5,26.0
2.708177044261065,-0.0014684458027198893,0.0004801709877252764,0.0014421669828889863,8.67093674939952,-1.185220556496311e-05,-0.00017566237167995714,-0.0001638889818579212,36.5,26.0
2.7106776694173544,0.001102367279311095,-0.0016211456109799167,0.0017793858533044545,8.678943154523619,2.7508169667871425e-06,-9.683439576795461e-05,-5.2148277603331343e-05,36.5,26.0
2.7131782945736433,-0.00033444302822901604,-0.0009140047839264311,0.0002073673431260033,8.686949559647717,3.118806010931382e-05,1.4688619341073116e-05,7.543349248178351e-05,36.5,26.0
2.7156789197299323,0.001739546522318389,-0.001131786173168086,-0.00014049438070982653,8.694955964771816,4.6427167221984274e-05,0.00012985817819488723,3.596112881619095e-05,36.5,26.0
2.7181795448862216,-0.0007608490947624927,0.0021745965135165197,-0.0013566526651110254,8.702962369895916,3.101062812151599e-05,0.00022002012186338638,-9.608494490491039e-05,36.5,26.0
2.7206801700425105,0.0015975954532700687,-0.0006188450628898905,-0.0004220317897357377,8.710968775020016,-1.6676171474728803e-05,0.0002703137401822305,-0.0001324153987752163,36.5,26.0
2.7231807951988,-0.0016676785964043518,-0.0011349104992481667,9.949598153455221e-06,8.718975180144115,-8.588192880130686e-05,0.0002831731230056411,-9.04885627387014e-05,36.5,26.0
2.7256814203550888,0.0001818801258770138,0.0003067976704817471,-0.001519800988049958,8.726981585268215,-0.00015809768730268024,0.0002663457662023845,-6.789917703800663e-05,36.5,26.0
2.7281820455113777,0.0006796776605008513,-0.0007443709197110362,-0.0007251167099514764,8.734987990392312,-0.00021173742853465458,0.00022057996662355484,-4.306652532305838e-05,36.5,26.0
2.730682670667667,0.0008493303805757093,0.0012669369927858568,0.0007271997033979509,8.742994395516412,-0.00023122747494531783,0.00014314727103851985,2.9858792108555273e-05,36.5,26.0
2.733183295823956,0.0006531329005340543,0.0001340587955046703,-0.00010996947826173863,8.751000800640512,-0.00021621952347410133,3.982359636305958e-05,0.00014833462694929125,36.5,26.0
2.735683920980245,-0.0020583260570059244,0.0009708520918769654,-0.0005732838477622778,8.759007205764611,-0.00018021184120099227,-7.31898311785186e-05,0.0002734297854687644,36.5,26.0
2.738184546136534,0.0005052999386165111,0.0009314041879431478,0.0021487516648616314,8.76701361088871,-0.00013862933607214557,-0.0001773566228342601,0.0002991756461603923,36.5,26.0
2.740685171292823,-0.00012580228268425456,0.0019207777981464674,0.0007248399880448205,8.77502001601281,-9.620969806267834e-05,-0.00025669517946825746,0.00017193464028482182,36.5,26.0
2.7431857964491124,0.0022297936702183117,-0.0003397663312827768,0.0016813332106619069,8.78302642113691,-4.546793834824468e-05,-0.00029933576883796244,1.7113452788250324e-05,36.5,26.0
2.7456864216054013,0.00025419508418560334,-0.0012584325690434609,-0.0004782567584269182,8.791032826261008,2.0909423699116125e-05,-0.0003029628319334974,-6.0774034318884e-05,36.5,26.0
2.7481870467616902,0.0005478377850843525,0.00021917640771402808,-0.0005308900368393876,8.799039231385107,9.833826077270298e-05,-0.0002798215209725074,-0.0001338164670437408,36.5,26.0
2.7506876719179796,-0.0005459973248062791,-0.0012075741102674786,0.0005940149014991757,8.807045636509207,0.0001698177895545989,-0.0002543668247390327,-0.00024356527487203976,36.5,26.0
2.7531882970742685,-0.0010487743553005873,-0.00166609341709409,-0.0005993769260076787,8.815052041633306,0.0002122085394365149,-0.00025312201111376024,-0.00029673197134082147,36.5,26.0
2.7556889222305574,0.0008088306257050013,-0.0017576261628238364,-0.0006681333311560856,8.823058446757406,0.00020485900236980373,-0.000288054090080332,-0.0002492664899315826,36.5,26.0
2.7581895473868467,0.00040017332386327494,-0.0013419033334588285,0.00034057844364180755,8.831064851881505,0.00013756161295678073,-0.0003439581642564446,-0.00016602525853304386,36.5,26.0
2.7606901725431356,0.0006565616094543742,-0.0011471727291612014,1.779658705142048e-05,8.839071257005603,1.49188108739663e-05,-0.00038488841209865284,-9.789792487913023e-05,36.5,26.0
2.763190797699425,0.0007910209383690775,-0.00030689594968453404,0.00019094932700696924,8.847077662129703,-0.00014139750037715196,-0.00037452468200812326,-5.6640366166052896e-05,36.5,26.0
2.765691422855714,-0.00042104785151254556,9.977354884869412e-05,0.0002031704188089812,8.855084067253802,-0.0002931782436025568,-0.00029479731605295417,-6.5769299341803e-05,36.5,26.0
2.768192048012003,-3.1542176637378996e-06,0.0016867892972449638,0.000612032258054737,8.863090472377902,-0.00039690506875757594,-0.0001571727358116538,-0.00011717621981447316,36.5,26.0
2.770692673168292,0.0012205082106021376,0.0007697727360398895,0.00025887316106227394,8.871096877502001,-0.00042478999515671,-9.921401262988564e-07,-0.00013243012239023223,36.5,26.0
2.773193298324581,-0.0003378754075328421,0.0015062213349795038,0.0006292591830444856,8.879103282626101,-0.000376176696959024,0.00012461785465181442,-5.130655169798413e-05,36.5,26.0
2.77569392348087,-0.0012277519632819694,0.001732138049189406,0.0006945172864296737,8.887109687750199,-0.0002708403991386344,0.000185146660237511,9.532010693938241e-05,36.5,26.0
2.7781945486371593,-0.0015134863667797297,-0.0004064015018661959,0.0005854156225211404,8.895116092874298,-0.00013813198633346146,0.00017683913946377514,0.00022798992461568838,36.5,26.0
2.780695173793448,-0.001004117755498347,-0.0018147033954948135,0.00033727094800943644,8.903122497998398,-7.585095039797807e-06,0.00012350310559076968,0.000288435272031565,36.5,26.0
2.7831957989497376,-0.0011412597745032729,0.0013036232104999177,-0.0007545335030749308,8.911128903122497,9.976595528580451e-05,5.449757114620679e-05,0.00027326286041373015,36.5,26.0
2.7856964241060265,-2.703442225816655e-05,-6.503030053041897e-05,0.0007699083916997108,8.919135308246597,0.0001725380692150529,-1.478213180803821e-05,0.0002114187512902331,36.5,26.0
2.7881970492623154,-0.0003738338615282543,-0.0018081604268384754,0.0011807680034159993,8.927141713370697,0.00020547349403444225,-8.153239422105366e-05,0.00011116845643508136,36.5,26.0
2.7906976744186047,-0.0008457864178200074,-0.0003084807452354348,-0.00013115631724514286,8.935148118494796,0.00019942026733064678,-0.00014398756134836874,-2.157040132952381e-05,36.5,26.0
2.7931982995748936,0.0009304101981695752,0.0005155271739422055,0.0010558216311840236,8.943154523618894,0.00016154785383132477,-0.00019507565927984145,-0.00011319657714532622,36.5,26.0
2.7956989247311825,-0.0011825783607355357,-0.001258925749227034,-0.0003363397856280035,8.951160928742993,0.000102664036239192,-0.00022243790488447518,-6.426871621465388e-05,36.5,26.0
2.798199549887472,0.0004966020857306645,0.0009533841897638557,0.00018928248302107974,8.959167333867093,3.4095372099874775e-05,-0.00021743567726185994,0.00011333849851440851,36.5,26.0
2.800700175043761,-0.001929146519034492,-0.00035296594849517683,0.00033464631061501073,8.967173738991193,-3.462925508350606e-05,-0.00018680069460914834,0.0002813206685084261,36.5,26.0
2.80320080020005,0.0019950828674116148,-0.0007547978120561164,-0.0006299727405642638,8.975180144115292,-9.39410984579337e-05,-0.00014884003658357977,0.0003277909453828276,36.5,26.0
2.805701425356339,0.0013287996412191451,0.00033628988813667654,-0.00010973677904833564,8.983186549239392,-0.00013059884348796204,-0.00012141481743714754,0.0002634940820999465,36.5,26.0
2.808202050512628,0.0004415045046251466,0.0005408636857525009,-0.00017651713234471971,8.99119295436349,-0.0001324019146051208,-0.0001194024035585434,0.00013558144414537007,36.5,26.0
2.8107026756689173,-0.0010397816727732198,0.000526622818613315,0.0003274833545581949,8.999199359487589,-9.706194821671944e-05,-0.00015008308436069965,-3.0258222182123374e-05,36.5,26.0
2.813203300825206,3.71841898636214e-05,0.0006756077872354497,-0.00018994197614229786,9.007205764611689,-3.4432903127015906e-05,-0.00019969510525338333,-0.00015661310785822035,36.5,26.0
2.815703925981495,0.00015312705651299353,0.0006756896630594905,-0.0006505971368329951,9.015212169735788,3.556311033057223e-05,-0.00023336667443507364,-0.0001615049146162725,36.5,26.0
2.8182045511377845,-0.0014964865858464861,-0.0011328881285881107,-0.0007385632007383084,9.023218574859888,8.922266854314575e-05,-0.00021614515501744715,-8.285584815623828e-05,36.5,26.0
2.8207051762940734,-0.0005490432241603854,0.0011394177062309027,-0.0007232299281397955,9.031224979983987,0.0001114640882989151,-0.00013419532380013052,2.5626787159545243e-05,36.5,26.0
2.8232058014503627,0.00031902683326169785,0.0026310829792326592,0.0006752214302496282,9.039231385108085,0.00010136896001268008,-3.1164173533220153e-06,0.00019756544774547806,36.5,26.0
2.8257064266066516,-0.00047311304727234554,0.001316479502059715,-0.00016952336069656776,9.047237790232185,6.398996428518348e-05,0.00013491856051781937,0.0003915813059544463,36.5,26.0
2.8282070517629405,-8.419258526784715e-05,-0.0012796718045039056,0.0008180024984763113,9.055244195356284,5.863909983383009e-06,0.00022743000975165883,0.00045086185038242164,36.5,26.0
2.83070767691923,-0.00031417375993138497,-0.00048275054483931337,-0.0010439920412388666,9.063250600480384,-5.7086497491166916e-05,0.00023654874139873816,0.00033207737045441374,36.5,26.0
2.8332083020755188,7.460556008715619e-05,-0.00012112176970809142,0.0018454435073973678,9.071257005604483,-9.849481799382312e-05,0.00015572453996307148,0.0001629553474357713,36.5,26.0
2.8357089272318077,-0.0014678569013040056,0.0016586930132910613,-0.0003674189596107425,9.079263410728583,-9.738610221784926e-05,1.0186568531137558e-05,6.346605518882938e-05,36.5,26.0
2.838209552388097,-0.0013579718211492588,0.0006891289309678537,-0.0016585114580031162,9.087269815852682,-5.384167442636328e-05,-0.00015295532324734786,4.571490579497355e-05,36.5,26.0
2.840710177544386,0.0010935633589491092,0.0006370879131133634,0.0002511272212031395,9.09527622097678,1.1689830711792697e-05,-0.00028151638209203276,3.418880746812413e-05,36.5,26.0
2.8432108027006753,-0.0012214322456517,-0.0017256809132103277,0.0018983165832570583,9.10328262610088,7.322011877813897e-05,-0.00034110646044052667,-4.3686936330689525e-05,36.5,26.0
2.845711427856964,0.000144629588745092,0.00023804529669901,0.0001825324322870307,9.11128903122498,0.00011506864938941479,-0.0003289218418830695,-0.00014131703443508148,36.5,26.0
2.848212053013253,-0.0016004826577197002,-0.000996019451181396,0.00027269848230275485,9.119295436349079,0.00013616676745644427,-0.00026855710588005494,-0.00016164410774441594,36.5,26.0
2.8507126781695424,0.00023382465181551925,-0.00012158952032758158,0.0009813981165470347,9.127301841473178,0.00014140120546412598,-0.00019656295694031015,-0.00013833886090037456,36.5,26.0
2.8532133033258313,-0.000923784597230211,0.0009763524594275827,-0.0008960848079886241,9.135308246597278,0.00013435336793515975,-0.00014682117058797606,-0.0001626794251200012,36.5,26.0
2.8557139284821202,0.0001037523190211403,0.0029645915628374454,0.0007884043361460474,9.143314651721376,0.00012083752446324209,-0.00013496603308287702,-0.00017387743414275562,36.5,26.0
2.8582145536384096,0.0010689045073931421,-0.0007605411048314387,-7.91313418174002e-05,9.151321056845475,0.00011121611923861952,-0.00015326362882055053,-3.652451360950613e-05,36.5,26.0
2.8607151787946985,-0.001198315183713418,0.000245444989925483,5.87554679821047e-05,9.159327461969575,0.00011288538094572184,-0.00018013188349847147,0.00023522422287155652,36.5,26.0
2.863215803950988,-0.0006897259363738593,-0.0007373138089642888,0.0008308036238830946,9.167333867093674,0.0001249933729200893,-0.0001915009502152471,0.0004877174774473392,36.5,26.0
2.8657164291072768,-0.00010761524405648804,-0.00015061593334525652,-0.0009176555437048837,9.175340272217774,0.00014433957133189466,-0.00016540284703452736,0.0005816020026747711,36.5,26.0
2.8682170542635657,-0.0015750592006966812,3.780268200693282e-05,0.0007379938356966357,9.183346677341873,0.00017283274213402469,-8.944387782112149e-05,0.0004938578287960673,36.5,26.0
2.870717679419855,-0.0001785685262045425,0.0012793991538616583,-0.00034766364978671235,9.191353082465973,0.00021597905677119537,2.913666625844103e-05,0.00032560226412156027,36.5,26.0
2.873218304576144,-0.0019136753380331612,0.0006906187149092611,0.0016684216732531184,9.19935948759007,0.0002751593451027457,0.00016282988209795124,0.00017103653467464457,36.5,26.0
2.875718929732433,-0.0006986083738525667,0.0013173621809286192,0.00011400104488334352,9.20736589271417,0.0003420979199554489,0.0002758126831483766,1.899862871570112e-05,36.5,26.0
2.878219554888722,-0.0009341623966367704,0.00204593630484489,-0.00019084379924560124,9.21537229783827,0.0003983354098330595,0.00034068824834491295,-0.00016887854548395395,36.5,26.0
2.880720180045011,0.0005290030782007533,-0.00108445140883285,0.0010997531480270684,9.22337870296237,0.00042056981904190963,0.00034364742623408696,-0.0003659327075443927,36.5,26.0
2.8832208052013004,0.0006109979729345456,0.002358291238898105,0.0014416791690811225,9.231385108086469,0.0003930458175052799,0.0002800322458088906,-0.0004579557197622518,36.5,26.0
2.8857214303575893,-0.001434143518490066,0.0010563020146961656,-0.0003237714575056913,9.239391513210569,0.00031765117570482164,0.00015829671956875247,-0.0003369686755596479,36.5,26.0
2.8882220555138782,0.000525836084214781,0.0009243257765602041,-0.00011682290121841291,9.247397918334666,0.00021221989654155278,7.0061476036043255e-06,-0.000112462958758171,36.5,26.0
2.8907226806701676,-0.000881983900501168,0.001197117233305224,0.00029657484553368953,9.255404323458766,0.0001016298513120793,-0.00013279490178527624,-4.137521648717015e-05,36.5,26.0
2.8932233058264565,0.001313218752341829,8.950164794441075e-05,0.000272808273633668,9.263410728582866,9.22673647427249e-06,-0.00022744202041846424,-0.00013116095023844502,36.5,26.0
2.895723930982746,-0.0010928039769242646,-0.00026572060646327743,0.0007505906032063094,9.271417133706965,-4.8082574382564574e-05,-0.0002633288369500021,-0.00014918242471903347,36.5,26.0
2.8982245561390347,-0.00010733067628461566,-0.0007280413313082016,-0.0002753603225138602,9.279423538831065,-6.245242168075854e-05,-0.00024459032539868693,-7.085255407245018e-05,36.5,26.0
2.9007251812953236,-0.0017094411388340895,7.247818121777727e-05,2.67487669791134e-05,9.287429943955164,-3.8814261490651084e-05,-0.0001882960685570176,-9.105751645823725e-05,36.5,26.0
2.903225806451613,0.00022865184688941313,0.00010718719919377549,-0.0010786901026164186,9.295436349079262,3.89677439155736e-06,-0.0001234399494303938,-0.0002347485040377365,36.5,26.0
2.905726431607902,-0.000391172287087407,-0.0010570305515491488,0.0005306840106971762,9.303442754203362,4.139733124039275e-05,-8.321872032777013e-05,-0.00031939977997958927,36.5,26.0
2.908227056764191,0.00161297360101392,-0.0008133483487774766,-0.0006597551949262151,9.311449159327461,5.89430942406627e-05,-8.505192771478491e-05,-0.00020724093718269926,36.5,26.0
2.91072768192048,-0.0014201048117643614,-0.000506884550604304,0.00014118011754759536,9.31945556445156,5.8440641302325855e-05,-0.00011455476958248913,6.30835529783799e-05,36.5,26.0
2.913228307076769,0.000407730410755325,0.000985621186116788,-0.000974216161885097,9.32746196957566,5.202747989722703e-05,-0.00013284714936064604,0.00030347874747085126,36.5,26.0
2.9157289322330584,-0.0008010586158659501,0.0005493970055079113,-0.000636296331858238,9.33546837469976,4.774027108703932e-05,-0.00010224081965703774,0.0003717268313915177,36.5,26.0
2.9182295573893473,0.0008708380010838298,8.891897263774503e-05,-0.0005741186223733168,9.34347477982386,4.04757252171241e-05,-9.192818748525798e-06,0.00034311732048708835,36.5,26.0
2.920730182545636,0.00015178563417862995,0.0011772070011556253,-0.0005219040582994978,9.351481184947957,1.98381883162965e-05,0.0001305004883794126,0.00033410087292100776,36.5,26.0
2.9232308077019256,0.0010075238477770657,-0.0005703006045197613,0.0026272536814917033,9.359487590072057,-1.63862855415041e-05,0.0002826137456772302,0.00026975267845839466,36.5,26.0
2.9257314328582145,-0.0016617285197345695,-0.0020688219944930576,0.002554282688443079,9.367493995196156,-5.9247177765844976e-05,0.0004078153020838323,6.837445918904706e-05,36.5,26.0
2.9282320580145034,-0.0009725999810552486,0.0011397298870075671,-5.168039460490659e-06,9.375500400320256,-9.309579748426562e-05,0.00047284661199543774,-0.00011718802820822782,36.5,26.0
2.9307326831707927,-0.000225526271779641,-0.0009138814984803115,0.00012855732323371048,9.383506805444355,-0.00010440559654123462,0.0004638770761016572,-0.0001334383503665166,36.5,26.0
2.9332333083270816,-0.0010601483168082148,0.0005428360675402203,-0.00017433467872680116,9.391513210568455,-9.313990388905261e-05,0.0003940184229338529,-7.807050924062321e-05,36.5,26.0
2.935733933483371,0.00021457682776660026,0.0008527929157394582,-0.0011195370773439987,9.399519615692553,-7.379031996613945e-05,0.00029420734069458333,-7.334779338779435e-05,36.5,26.0
2.93823455863966,-0.0013229510009101898,0.0006010529450240638,-0.0013887924589371366,9.407526020816652,-6.306479357985499e-05,0.00019671539327927192,-8.505258510053168e-05,36.5,26.0
2.940735183795949,-0.0003205846179199838,-0.0011015693562441314,0.0008180617096402549,9.415532425940752,-6.965688470516141e-05,0.000125901759161241,-8.79264428131534e-05,36.5,26.0
2.943235808952238,-0.0013610418432502232,-0.00014758880617013579,0.0013325706520966407,9.423538831064851,-9.341478916249704e-05,9.46336290571507e-05,-0.00011519191462828408,36.5,26.0
2.945736434108527,0.0018326181462195582,0.0003072855107962628,0.0013965034328693583,9.431545236188951,-0.00012638991865784774,0.00010349055730142032,-0.00017423930559497003,36.5,26.0
2.948237059264816,-0.0001761134605559505,-0.000678502664754951,-0.0007396970752831725,9.43955164131305,-0.00015340204504453838,0.00014439558553403235,-0.00027811309996915966,36.5,26.0
2.9507376844211053,-0.0006003656072667815,0.00018138794109870922,-0.000472421021224903,9.447558046437148,-0.00015739693329496678,0.00020314259032555774,-0.00039032754771902464,36.5,26.0
2.953238309577394,5.407400198125683e-05,0.000568625398110947,8.139456983881334e-05,9.455564451561248,-0.00013147654598942202,0.0002611962684977979,-0.0003712348355763053,36.5,26.0
2.9557389347336835,-0.0009107685461892814,0.0002916773975741718,0.000965383125197746,9.463570856685347,-9.044987978090029e-05,0.00030271486921398436,-0.00020734674097226308,36.5,26.0
2.9582395598899724,-0.0011460925580747616,-0.0002048895138036779,-0.001691560136482207,9.471577261809447,-6.642563737109888e-05,0.0003207700178962181,-7.304689230938384e-05,36.5,26.0
2.9607401850462614,0.00013493479826442724,-0.000701460071525859,-0.0013006111649478884,9.479583666933546,-8.60733088560138e-05,0.00031486286858839463,-1.3905360334198396e-05,36.5,26.0
2.9632408102025507,0.0004804982823221034,0.0004909029549966715,0.00025519950492518576,9.487590072057646,-0.00015208020079956127,0.0002843527818377231,9.340184853740978e-05,36.5,26.0
2.9657414353588396,0.0006153239202703768,-0.0010941871106858315,0.00058796190840055,9.495596477181746,-0.0002441692449015635,0.00022973721922261246,0.00024876735084098127,36.5,26.0
2.9682420605151285,-0.0014447681407767244,-0.0002274530590317798,-0.0014718149827270802,9.503602882305843,-0.00033128361830366503,0.00016199546415901427,0.00033035144857737365,36.5,26.0
2.970742685671418,0.0009737152694809188,-0.0007523581783518966,-0.000942240868953973,9.511609287429943,-0.0003863976709095928,0.00010286816955864435,0.00031751197967325564,36.5,26.0
2.9732433108277068,-0.00021430454795901425,0.0011000716860762024,-0.000598390922123445,9.519615692554042,-0.0004012475819309037,6.948045213282198e-05,0.00027505479880940474,36.5,26.0
2.975743935983996,0.0007662180058348992,-0.0011307467792292451,0.001020296741672042,9.527622097678142,-0.0003918477210291327,6.301317360544172e-05,0.000229835461932398,36.5,26.0
2.978244561140285,-8.544582884429191e-05,0.0011445567026605406,-0.0018561645975412652,9.535628502802242,-0.0003850620624294807,7.556303423617333e-05,0.0001887409246795472,36.5,26.0
2.980745186296574,-0.0006907516304403182,0.0009522604778656096,-0.0003769191416326415,9.543634907926341,-0.00039338671568224493,9.984559130467847e-05,0.00014439708408222918,36.5,26.0
2.9832458114528633,-0.0007863648836984639,0.0002657586642198792,0.00019452879109082852,9.551641313050439,-0.00040282033497867893,0.00012845118486597877,5.2132854439649854e-05,36.5,26.0
2.985746436609152,0.0003305380640476611,0.0019705702277485054,-0.00041530116518211194,9.559647718174539,-0.00038864984655990196,0.0001515874816101816,-6.29020485288625e-05,36.5,26.0
2.988247061765441,0.00024500233859181574,0.0008573574689747047,-0.0003599831555323653,9.567654123298638,-0.0003416337483677918,0.0001598928484453349,-9.774290300397876e-05,36.5,26.0
2.9907476869217304,5.777425550818776e-05,0.0007128776433080765,0.0007977678128497747,9.575660528422738,-0.0002743841686574268,0.00014964654045864658,-8.252250120026171e-05,36.5,26.0
2.9932483120780193,0.00010623406213088515,0.000608395701177431,0.0004326921376716826,9.583666933546837,-0.00020555857447093065,0.00012647986680239736,-0.00015586884419105753,36.5,26.0
2.9957489372343087,0.00044064980774194445,0.0015943222306104255,-0.0003060149203852844,9.591673338670937,-0.00014870395342871275,0.00010196833055341083,-0.00027732686371013905,36.5,26.0
2.9982495623905976,0.00010045799660739634,0.0002382908425131983,-0.00020158937350043724,9.599679743795035,-0.00011628000544986734,8.455104743438944e-05,-0.000273993926111631,36.5,26.0
3.0007501875468865,0.001358292600002455,-0.0004982389074097439,0.00024453466837276764,9.607686148919134,-0.00012110516939856656,7.451258823906222e-05,-0.00014864971448351997,36.5,26.0
3.003250812703176,0.0002604621450999859,0.001375308375262749,-0.0006213533950628165,9.615692554043234,-0.00016600806531536213,6.601673195820978e-05,-3.9926529173350684e-05,36.5,26.0
3.0057514378594647,-0.0002941761149707368,-0.0010883645009303032,-0.0002451526096597522,9.623698959167333,-0.00023435069617171606,5.377217532292859e-05,2.0097668171901882e-05,36.5,26.0
3.0082520630157537,0.0007349624574069559,0.0007120694256372073,-0.00039927874482040667,9.631705364291433,-0.0002952347749550326,4.282069523899555e-05,6.826555652568117e-05,36.5,26.0
3.010752688172043,-0.0002973679445354919,-0.0008956228935405958,-0.0010213284500992842,9.639711769415532,-0.0003202919180214001,4.9871521638783544e-05,8.76812401780585e-05,36.5,26.0
3.013253313328332,-0.0015943219128686625,0.000321623895793172,0.00035611788053971415,9.647718174539632,-0.0002970782536496764,8.773422430477953e-05,5.722396445754509e-05,36.5,26.0
3.0157539384846213,-0.0002466293817865509,-0.00043466747070561464,0.001510733062507948,9.65572457966373,-0.00023000534993777275,0.00014982840754800578,-3.5489280727004195e-05,36.5,26.0
3.01825456364091,0.000421489645084919,-6.860225718273177e-05,-0.0005480347524855092,9.66373098478783,-0.0001339188252028736,0.00021478652503012754,-0.0002246502130330566,36.5,26.0
3.020755188797199,0.00017236339122304073,-0.0020451353566259384,-0.0011181758807161108,9.671737389911929,-2.9706380210451505e-05,0.00026524886919176245,-0.0004513941309549882,36.5,26.0
3.0232558139534884,3.823217764052626e-05,-0.0006744060229860897,-0.0010122940527593296,9.679743795036028,5.747452203021357e-05,0.000295674771136316,-0.0005492551119551721,36.5,26.0
3.0257564391097773,0.0006327206663332168,0.0013030400891845821,-0.00027567650694593215,9.687750200160128,0.0001020134592052384,0.00029968377547637563,-0.0004912825690287764,36.5,26.0
3.0282570642660662,0.00018039701863316126,0.00023813901658607011,-1.5361095823311567e-05,9.695756605284227,8.71971544065051e-05,0.00026294930513559453,-0.0004009231935144944,36.5,26.0
3.0307576894223556,-0.0004513692843707541,0.000630933591286887,0.0008094640340924118,9.703763010408325,1.585738423496644e-05,0.00018190377401082434,-0.0002702655075558085,36.5,26.0
3.0332583145786445,-0.0006851678715712292,0.00047551447973940257,4.9057085670999396e-05,9.711769415532425,-8.744129204097501e-05,8.137013015364222e-05,-2.90820695916759e-05,36.5,26.0
3.035758939734934,0.00024464676798747646,0.0002310850358041436,-0.00017755134916936426,9.719775820656524,-0.0001832731960055979,-7.97358755099134e-07,0.00021937171633025883,36.5,26.0
3.0382595648912227,-0.0010937719813723572,0.000431124705497305,0.0007223975737182802,9.727782225780624,-0.00023064796681403736,-4.495744219398279e-05,0.0003584915236939852,36.5,26.0
3.0407601900475116,0.0011724370328735773,-0.0001651504809886679,0.0004634083815227533,9.735788630904723,-0.00020563224307713316,-6.005605761923421e-05,0.0004141693720197359,36.5,26.0
3.043260815203801,0.0007531523124512468,4.5558193951776595e-05,-0.0007064772658613837,9.743795036028823,-0.00011505917898856584,-6.697008293701114e-05,0.0004190292167940877,36.5,26.0
3.04576144036009,0.0016539684589318348,-0.000888400554710061,0.0014172936043692268,9.75180144115292,8.062674264049926e-06,-7.66732721761308e-05,0.0003805793543233309,36.5,26.0
3.0482620655163792,-0.00018114622594444705,-0.00011207935587675602,0.00010323514846238168,9.75980784627702,0.00012528673672309231,-8.617540376384486e-05,0.00032675100776670207,36.5,26.0
3.050762690672668,-0.0032720683047780647,0.0004677732247836642,-0.0004871247190488934,9.76781425140112,0.00021305976725741565,-9.39855880771936e-05,0.00024832943231081197,36.5,26.0
3.053263315828957,0.00028416916358749985,-0.00033856237453928906,0.0012811675040885692,9.77582065652522,0.00027048817782578507,-0.00011023913660649107,0.00015125763925582787,36.5,26.0
3.0557639409852464,-0.0011071594058978532,-0.0008752311221236866,0.0017243292483975826,9.783827061649319,0.0003118796481402323,-0.00014441056297302148,0.00010027425060272909,36.5,26.0
3.0582645661415353,0.0002876119244357513,0.0006741505808784619,0.0003950990045901292,9.791833466773419,0.0003534309416973033,-0.00019223345079433002,6.961906364677702e-05,36.5,26.0
3.060765191297824,-0.0005271847689845286,-0.00010949510094831371,0.0006723113386710689,9.799839871897518,0.00040644558290538164,-0.00024285464779143397,-3.120425372461875e-05,36.5,26.0
3.0632658164541136,-0.00017175454011112784,3.432525963069062e-05,0.0005895626730029309,9.807846277021616,0.0004734856720978238,-0.00028873199061616535,-0.00016525342911904214,36.5,26.0
3.0657664416104025,-8.442566022627218e-05,-0.0015209954080909103,-0.0006474613840825845,9.815852682145715,0.0005430728676766904,-0.00031996620090321115,-0.00023290087299684056,36.5,26.0
3.068267066766692,3.420896769170766e-05,-9.887147460772912e-05,6.12614097348596e-05,9.823859087269815,0.0005912881381392879,-0.0003151447042668567,-0.00020393678472004211,36.5,26.0
3.0707676919229807,-0.0020834752718667496,0.001892474318701137,2.2302396205352934e-05,9.831865492393915,0.0005942600312723576,-0.0002473177072409551,-9.095724421273162e-05,36.5,26.0
3.0732683170792696,-0.0022437472396215174,-0.0008566874664448355,-0.000943914083554918,9.839871897518014,0.0005424142862858565,-0.0001055379873072389,3.957861999635196e-05,36.5,26.0
3.075768942235559,-0.0015419653169519115,0.0009336284796624169,0.0019957225613007716,9.847878302642114,0.0004460226789136026,8.550636294382444e-05,0.00010164682227508501,36.5,26.0
3.078269567391848,-0.0015185087878252493,-0.0007286458212950171,-0.0014885314934486478,9.855884707766212,0.00032848666617784836,0.0002695469009766879,0.00011433607931819788,36.5,26.0
3.0807701925481368,-0.0024771644363237146,0.0028634490721191237,-0.0012904045553006002,9.863891112890311,0.00021239554981221332,0.00038859305773612275,0.00014502851450201825,36.5,26.0
3.083270817704426,0.00013232624429256677,-0.0006769034758786756,0.0006749806201854393,9.87189751801441,0.000111208202378352,0.0004096400674046053,0.00017173565875896134,36.5,26.0
3.085771442860715,-0.0027697027247148755,-0.001076102103472227,-0.0007484728181400386,9.87990392313851,3.072836981303315e-05,0.00032912506152622855,0.00014118925464018506,36.5,26.0
3.0882720680170044,-0.0003976403136999151,-0.0010913108984010789,0.0014878381789718933,9.88791032826261,-2.7080601408167273e-05,0.00017145023585644486,9.349997667383127e-05,36.5,26.0
3.0907726931732933,-0.0001842531599389621,-0.002215169770672425,-0.0010683491605078276,9.89591673338671,-5.919559885453989e-05,-1.2532414086069627e-05,0.0001223257578995612,36.5,26.0
3.093273318329582,-0.0002489644851625515,-0.00016690165389162325,0.0013853274038225544,9.903923138510809,-5.5197127354531794e-05,-0.00016057349832883014,0.00024102521286260365,36.5,26.0
3.0957739434858715,-0.00016108016451666865,-0.0007064395994820816,-0.0010708697376798605,9.911929543634907,-1.0028617584918425e-06,-0.000224313740432782,0.00037113611869889635,36.5,26.0
3.0982745686421604,-0.0010144398061056228,-0.0006054102773944198,-0.0003297997238904196,9.919935948759006,0.00010495037410677434,-0.00019014196666811958,0.0004573213562482722,36.5,26.0
3.1007751937984493,-0.0019419858130855668,0.00047037489262285846,-0.000307313686176308,9.927942353883106,0.0002433788951096455,-8.444180295188753e-05,0.0005163457103023292,36.5,26.0
3.1032758189547387,-0.0008243520804127021,2.6509789865329816e-05,0.0002383317681543542,9.935948759007205,0.0003821895625665631,4.2305971644356556e-05,0.0005549945730281348,36.5,26.0
3.1057764441110276,-0.000602456418211141,0.0007825269262416349,-0.00042038163579756173,9.943955164131305,0.0004885095374356553,0.00014467135207888755,0.0005184491031028628,36.5,26.0
3.108277069267317,-8.0388724303762e-05,0.0013769147190936836,-0.0018874600355825377,9.951961569255404,0.0005377258004517828,0.00020147581174176607,0.0003640342735872486,36.5,26.0
3.110777694423606,0.0012406329911755893,-0.000801512774649033,-0.0008345506614662448,9.959967974379502,0.0005192283151814907,0.0002109414195559762,0.00011824127506470782,36.5,26.0
3.1132783195798948,-0.0005681347627850651,-0.0013298692065593716,0.00041140569756150215,9.967974379503602,0.0004762667811534016,0.00019453289271843206,-1.1098687446871747e-05,36.5,26.0
3.115778944736184,0.00155004531626339,0.001299162106205881,0.0014927676596710618,9.975980784627701,0.00038853378551497955,0.00014625423580021257,-0.00014821030989880678,36.5,26.0
3.118279569892473,0.0004897130946797096,-0.00022221585725670537,0.00016248375908985962,9.9839871897518,0.00025602932826622335,6.610544880131705e-05,-0.00029309359229109705,36.5,26.0
3.120780195048762,-0.00018136818630739042,-0.0013546149978786361,-5.390056498610719e-05,9.9919935948759,7.875340940713311e-05,-4.591346827825449e-05,-0.0004457485346237428,36.5,26.0
3.1232808202050513,0.0002783031593543408,0.0007734358429019655,-0.0012960059635269273,10.0,-0.00014329397106229124,-0.00018980251543850206,-0.000606175136896744,36.5,26.0
3.12578144536134,0.000723185109471615,0.000337274089171466,-0.0008957436999042262,,,,,36.5,26.0
3.1282820705176295,0.0004863840345343919,-0.0002877239460064509,-0.0001387808143184832,,,,,36.5,26.0
3.1307826956739184,-0.0010170266453562483,-1.196726749216544e-05,0.00037802848944113013,,,,,36.5,26.0
3.1332833208302073,-0.0010771122390203084,-0.0006084301203447963,-0.00016738950798714458,,,,,36.5,26.0
3.1357839459864967,8.217321335650691e-05,0.0018488211334455366,0.000759209272053981,,,,,36.5,26.0
3.1382845711427856,0.00043242261862887904,0.0011785322159374623,0.00015725629375053248,,,,,36.5,26.0
3.1407851962990745,0.0017125488306487043,-5.193245678010777e-05,-0.0004925833571087298,,,,,36.5,26.0
3.143285821455364,-0.0012661464572463828,0.001193031037970858,0.002110866950317797,,,,,36.5,26.0
3.1457864466116527,0.0011381585387389192,-0.0008107815466977295,-0.0011080546669978999,,,,,36.5,26.0
3.148287071767942,-0.0009103892442971678,0.0004415234583587894,-0.0010477234990374422,,,,,36.5,26.0
3.150787696924231,-0.002170191604444652,-0.00045694096954890646,-0.0003124025145650593,,,,,36.5,26.0
3.15328832208052,-0.002130299119299724,0.0011832837394888476,0.00018973311488120696,,,,,36.5,26.0
3.1557889472368092,-0.00019524424385693678,-0.00044670305135306135,0.0006291477468206339,,,,,36.5,26.0
3.158289572393098,-0.0001224150795259346,-0.0021088351542264475,-2.0293010840818805e-06,,,,,36.5,26.0
3.160790197549387,3.8173203810473166e-05,0.0007874136694246571,0.0010378297947766198,,,,,36.5,26.0
3.1632908227056764,0.0003636206225441368,-0.0006102321384569112,9.469318915718929e-06,,,,,36.5,26.0
3.1657914478619653,-0.00027978794501298826,-0.0007253519028933183,-0.0009313052557626284,,,,,36.5,26.0
3.1682920730182547,-0.0001058281220083449,0.000738088708148848,0.0004142601056312586,,,,,36.5,26.0
3.1707926981745436,0.0011551579947756013,0.0011220673891111925,0.0008226878848818846,,,,,36.5,26.0
3.1732933233308325,0.00010265600568586581,0.0020654655928193906,-0.0008121112957341123,,,,,36.5,26.0
3.175793948487122,-0.0014026279536356167,0.0006237991702066137,-0.001551757980676128,,,,,36.5,26.0
3.1782945736434107,-5.508489879283568e-05,-0.0019582226075404562,-0.000937607950345379,,,,,36.5,26.0
3.1807951987996996,0.00035835041282710037,-0.0004426987099141211,-9.026856849001252e-07,,,,,36.5,26.0
3.183295823955989,0.0010634525913662317,-0.0006519691585775255,9.466818760707438e-05,,,,,36.5,26.0
3.185796449112278,0.0011813382594012191,-0.0018366846891623627,-0.0002757244416372921,,,,,36.5,26.0
3.1882970742685672,0.000628427437254236,-0.0019017856602690105,-0.00013410925585012132,,,,,36.5,26.0
3.190797699424856,0.0009275953882705913,-0.0002126199936829052,0.0006164011748779753,,,,,36.5,26.0
3.193298324581145,-8.45801273125163e-05,-0.001913907610118874,0.0005480150745657375,,,,,36.5,26.0
3.1957989497374344,-0.0012510614840995648,-0.0011090619539762497,0.0011593769115299415,,,,,36.5,26.0
3.1982995748937233,-0.000496038875752039,0.0005709351836550785,-0.00042029972878790964,,,,,36.5,26.0
3.200800200050012,-0.0008443731272760288,7.271986750873428e-06,-0.00131913262385479,,,,,36.5,26.0
3.2033008252063015,-0.0006783797609342035,0.0015856160606586725,0.0009352552974352156,,,,,36.5,26.0
3.2058014503625905,0.001575976483068316,-0.0011296898029732423,-0.00019748104574618955,,,,,36.5,26.0
3.20830207551888,-0.0013446311620431515,-0.0015743989766665353,-0.0016917644840640151,,,,,36.5,26.0
3.2108027006751687,0.0019362262406801552,-1.5570288772682943e-05,-0.0004289277614545778,,,,,36.5,26.0
3.2133033258314576,-1.8989689258421054e-05,-0.0018737366862060579,-1.7959703686830562e-05,,,,,36.5,26.0
3.215803950987747,-0.0008956710158439557,-0.0002972335066800879,6.481521665298609e-05,,,,,36.5,26.0
3.218304576144036,-0.002058490502859224,-1.9392198241628144e-05,-0.0013437404556637632,,,,,36.5,26.0
3.220805201300325,-0.0005762543749998783,-0.0016156545899239148,-0.0003225692000445762,,,,,36.5,26.0
3.223305826456614,0.00036835822475555125,0.0005492022083981394,0.0010435491860626082,,,,,36.5,26.0
3.225806451612903,0.001386053085246698,-0.0010353462856710152,0.00033398035459518156,,,,,36.5,26.0
3.2283070767691924,0.0007825306855055498,-0.000803522316622852,2.924080856592813e-05,,,,,36.5,26.0
3.2308077019254813,-0.001320583868736427,-0.0009492507992807986,0.001332531425236555,,,,,36.5,26.0
3.23330832708177,0.0015277453896605584,0.00208556910481472,0.0005876348740692271,,,,,36.5,26.0
3.2358089522380595,-0.0009064533667861833,0.00035864665270030863,0.00013771833540038037,,,,,36.5,26.0
3.2383095773943484,0.00016115414375397524,-0.0018508263358946813,-0.0013274439774874191,,,,,36.5,26.0
3.240810202550638,0.001584469998325614,-0.001200440286637921,-0.00044081250328426047,,,,,36.5,26.0
3.2433108277069267,0.001555133258207261,0.0009058842508395347,1.6982688527135793e-05,,,,,36.5,26.0
3.2458114528632156,-0.0004818839935173341,0.0005313606831785537,0.0010746442715701455,,,,,36.5,26.0
3.248312078019505,-0.00044520409657946284,-5.551167287266525e-05,0.0014616737224706553,,,,,36.5,26.0
3.250812703175794,0.0012752771883208693,-0.0005296754838282846,6.1137333056155655e-06,,,,,36.5,26.0
3.2533133283320828,0.00022490160345865835,0.0009939642423627958,-4.7978548291073006e-05,,,,,36.5,26.0
3.255813953488372,0.00035572579973368676,0.0006716389743007859,-0.0004654858157157301,,,,,36.5,26.0
3.258314578644661,-0.0015912220067430042,-0.0006261896082890547,0.0020979773575875572,,,,,36.5,26.0
3.2608152038009504,0.00010203380213009764,-0.00027045282240081587,4.664757391216351e-05,,,,,36.5,26.0
3.2633158289572393,0.000966471368327072,-0.0005800575782459828,-0.002354087887633214,,,,,36.5,26.0
3.265816454113528,-0.0019412186177784256,0.0008348718607708554,-0.00015518568809533878,,,,,36.5,26.0
3.2683170792698175,-0.00047231757199821093,0.00046904816657632393,-0.001591496712108973,,,,,36.5,26.0
3.2708177044261064,0.0014339672393646036,-0.0002356533778494502,0.0011239132071988258,,,,,36.5,26.0
3.2733183295823953,-0.0016712760689264845,0.001500473066449209,0.00025951228866781653,,,,,36.5,26.0
3.2758189547386847,-0.0008422166205855503,0.0004108988249648897,0.000629800028633167,,,,,36.5,26.0
3.2783195798949736,-0.0010861520789072646,-0.0001573289195717066,-0.00036378755201330276,,,,,36.5,26.0
3.280820205051263,0.00013423106669617819,-0.0027369151216362657,-0.0012220434676106509,,,,,36.5,26.0
3.283320830207552,-0.002367194734776618,-0.0016484790971399155,-0.000158753999075058,,,,,36.5,26.0
3.2858214553638407,-0.0003912655504566632,-0.0010359071601967968,-0.0014659072950801906,,,,,36.5,26.0
3.28832208052013,0.0006200911567274429,0.00035249783744301436,0.0019389084040875686,,,,,36.5,26.0
3.290822705676419,0.0009140899510291415,0.0007149408948284716,-0.0011312121977992914,,,,,36.5,26.0
3.293323330832708,-0.00012072294709170202,0.0014427535906950024,0.00011885924385934105,,,,,36.5,26.0
3.2958239559889972,-0.0026808446953112512,0.0005350120863409617,0.00019610895010803192,,,,,36.5,26.0
3.298324581145286,-0.0009723502786712669,0.0014826917002204042,0.001012823572002673,,,,,36.5,26.0
3.3008252063015755,0.0010111191967474946,0.0006187856695704388,0.0003024714253813526,,,,,36.5,26.0
3.3033258314578644,0.0006249343804977361,0.001380280375378293,0.0002012176827004087,,,,,36.5,26.0
3.3058264566141533,-0.0002014954874134935,2.7539314747408897e-05,0.0014103933964476597,,,,,36.5,26.0
3.3083270817704427,-0.0007505878182656335,0.00018872672872554698,-0.0010670466496309522,,,,,36.5,26.0
3.3108277069267316,0.0010700531309933167,-0.0001966052444594305,0.00029207701648940583,,,,,36.5,26.0
3.3133283320830205,-3.135686750413127e-05,-0.0005946748474115411,-0.0010138050601457408,,,,,36.5,26.0
3.31582895723931,4.518897673241721e-05,0.0012740305707180477,-0.0008038650469530267,,,,,36.5,26.0
3.3183295823955987,-0.0006933926511865222,0.0008462939321142725,-0.0011696965988597838,,,,,36.5,26.0
3.320830207551888,-0.0007324372463446143,-0.001522686887968867,-0.0006270895569093,,,,,36.5,26.0
3.323330832708177,-0.001051578544288713,0.0009050316790606425,0.0007013511433499923,,,,,36.5,26.0
3.325831457864466,0.0008507441866628955,-0.0005682094032757014,0.000438446149281193,,,,,36.5,26.0
3.3283320830207552,-0.002967500735342565,-0.00087655847941482,0.0016975449587489282,,,,,36.5,26.0
3.330832708177044,0.00026039629520718073,0.0001258339731779882,0.0006560485730414615,,,,,36.5,26.0
3.333333333333333,0.0012320378430673183,-0.0010003698078731344,-0.0018042829469677025,,,,,36.5,26.0
3.3358339584896224,0.0002884857759165669,0.00015042862522275896,0.0006470224876286535,,,,,36.5,26.0
3.3383345836459113,-0.0006804345408608112,-0.001117128461091797,0.0007688319376110633,,,,,36.5,26.0
3.3408352088022006,-0.00021667456744517844,-0.0008292761840343838,-0.0005403824792912749,,,,,36.5,26.0
3.3433358339584895,0.0007389201024424651,0.000797124024734487,0.0007273346287822697,,,,,36.5,26.0
3.3458364591147784,0.0014706542580250079,0.0010276457595959998,-0.00015750952045871797,,,,,36.5,26.0
3.348337084271068,0.0007879046045965065,0.0005646248074477624,-0.0009147895670709298,,,,,36.5,26.0
3.3508377094273567,0.00038629660233043754,0.0013217451917712578,-0.001186549362969577,,,,,36.5,26.0
3.3533383345836456,-0.001393892169430902,-0.0008440875372576874,-0.0006350751351413049,,,,,36.5,26.0
3.355838959739935,-0.0015928572586127667,0.0018529745660675436,0.00018955530712760324,,,,,36.5,26.0
3.358339584896224,0.0005545077082148734,-6.62462634420986e-05,-5.346527106289327e-05,,,,,36.5,26.0
3.360840210052513,-0.00027117572454470106,-0.0015893503624678158,0.0015288356144054732,,,,,36.5,26.0
3.363340835208802,-0.0008485008876383237,0.001710588869124784,0.0005622545736889682,,,,,36.5,26.0
3.365841460365091,-0.0004517549642113271,-0.0013569040970735956,-0.0010394435424528317,,,,,36.5,26.0
3.3683420855213804,-0.001956893695920437,0.00033540513197090354,0.00010877934122850319,,,,,36.5,26.0
3.3708427106776693,-7.897945437868034e-05,0.0022761739570924073,-0.0007394804437971968,,,,,36.5,26.0
3.3733433358339586,-0.0005751676177664541,0.002057130024710521,0.0007524072822519925,,,,,36.5,26.0
3.3758439609902475,0.0015610899185415463,-0.0002550811755765532,-0.002029142524567174,,,,,36.5,26.0
3.3783445861465364,2.097862773814516e-05,-0.0012250657315402487,-0.00038121703455215264,,,,,36.5,26.0
3.380845211302826,-9.23352563451305e-05,-0.0005398092651378443,0.0010877990623608257,,,,,36.5,26.0
3.3833458364591147,1.768358772357012e-05,-0.0002159835025956025,0.0007715419406261397,,,,,36.5,26.0
3.3858464616154036,0.0007711526402272201,-0.0006522212972278981,-0.0005593924065741562,,,,,36.5,26.0
3.388347086771693,-0.0012543504059978605,0.0008231312788894539,-0.00011040503681520956,,,,,36.5,26.0
3.390847711927982,0.0003432694407688588,-0.00017265884517554366,0.0001480891398299574,,,,,36.5,26.0
3.393348337084271,-0.0008090907862258591,0.0007913804779683561,-0.001007251551347964,,,,,36.5,26.0
3.39584896224056,-0.0007991896237956203,-0.000633714594645742,-0.00046353147542141165,,,,,36.5,26.0
3.398349587396849,-0.0020002093095483385,0.00019349970857558332,-0.0008517562462659644,,,,,36.5,26.0
3.4008502125531384,0.001348815103599277,-0.00023365648019217563,-0.0010046312773746894,,,,,36.5,26.0
3.4033508377094273,0.0006294220452090571,-2.4004859645772887e-05,9.048676015962183e-05,,,,,36.5,26.0
3.405851462865716,-0.0006145901204569502,-0.0001206644770810949,0.00039898480293937033,,,,,36.5,26.0
3.4083520880220055,0.0005627823969929823,-0.001921987659058244,7.626722272233556e-05,,,,,36.5,26.0
3.4108527131782944,0.00046700460713242195,-0.000660459940235399,0.0006989537464996801,,,,,36.5,26.0
3.4133533383345838,-0.0010396093529685682,-0.000639455363771865,-0.0016637158205079407,,,,,36.5,26.0
3.4158539634908727,0.00026553553834918154,0.0002442306991338688,-0.0007570296508571163,,,,,36.5,26.0
3.4183545886471616,0.0008068343819067014,0.0009117952254743389,-0.0003168941275145593,,,,,36.5,26.0
3.420855213803451,-0.00030130262217271155,-0.0007278368131060255,-0.0005465175305773886,,,,,36.5,26.0
3.42335583895974,-0.0012596583199026069,-0.000626988027754377,-0.0003895829329822635,,,,,36.5,26.0
3.4258564641160287,0.0010536856747128845,-0.0004619720604070602,0.0006186111771793454,,,,,36.5,26.0
3.428357089272318,0.00021524793598316983,3.775107838830749e-05,0.0006464530626804516,,,,,36.5,26.0
3.430857714428607,-0.0009564546802971196,0.0024824790001907763,0.00042045455581752786,,,,,36.5,26.0
3.4333583395848963,0.0008759410570265102,-0.0003796393276020803,-0.00017783828315511325,,,,,36.5,26.0
3.4358589647411852,0.000215801759008147,0.0003974042533332776,0.00019487212987025443,,,,,36.5,26.0
3.438359589897474,-0.00045363746245619856,-0.0003314324887350566,-3.862079887774497e-05,,,,,36.5,26.0
3.4408602150537635,-0.0009888393267290783,0.0007395631469740776,0.00032637715353102967,,,,,36.5,26.0
3.4433608402100524,0.00020564515198156792,0.0006126751848783309,0.0019053374330320857,,,,,36.5,26.0
3.4458614653663413,-0.0008329906278218459,0.001772869515776452,0.0005612150985166161,,,,,36.5,26.0
3.4483620905226307,-0.0010529002796908708,-0.0006938241073452115,0.00013694186620451885,,,,,36.5,26.0
3.4508627156789196,-0.0004808044759394142,-0.0012605958085049281,0.0007923067196866677,,,,,36.5,26.0
3.453363340835209,-0.0002920881621770293,0.00012588396622581816,-0.0005504277025210846,,,,,36.5,26.0
3.455863965991498,-0.000763003416668911,4.959867259544248e-05,-0.0007621655722807381,,,,,36.5,26.0
3.4583645911477867,-0.0033562535398442683,-0.0007674565097216298,0.0008632660212978209,,,,,36.5,26.0
3.460865216304076,-0.0009344322262921618,-0.0003130845355618477,0.0025436712702206626,,,,,36.5,26.0
3.463365841460365,0.00025524621215581715,-0.00013035465239584834,-0.0009087342363018634,,,,,36.5,26.0
3.465866466616654,-0.0015203437393881368,0.00029042470710234153,0.0011646969132262496,,,,,36.5,26.0
3.4683670917729432,-0.00036840921226504407,0.0006864633020233262,0.0002858043001949856,,,,,36.5,26.0
3.470867716929232,-0.0003128578325517095,-0.0007996597917919206,-0.0004480402405714125,,,,,36.5,26.0
3.4733683420855215,-0.0006306593715245773,0.0010412800380267344,0.0020398633509208257,,,,,36.5,26.0
3.4758689672418104,-0.0011019762078582588,-0.00043130522202103675,7.837000970069063e-05,,,,,36.5,26.0
3.4783695923980993,0.000265223330923451,0.0007088726884521471,0.0001386652960914896,,,,,36.5,26.0
3.4808702175543886,-0.00016325908724986512,0.0010704533301834113,-0.00020760958288099354,,,,,36.5,26.0
3.4833708427106775,-0.001226686885548436,0.0005992391026847733,0.0015552229633254422,,,,,36.5,26.0
3.4858714678669664,0.00026525951185937265,0.0007557184886490316,0.00019710504050601206,,,,,36.5,26.0
3.488372093023256,-0.00047810953519908996,-0.0006725406160219696,0.0007438640470613348,,,,,36.5,26.0
3.4908727181795447,0.0016329707422343281,-0.0018165395663048796,-0.00016646415465015305,,,,,36.5,26.0
3.493373343335834,0.0004955741121592487,0.00012676680228348563,-0.0008763500535639214,,,,,36.5,26.0
3.495873968492123,-0.000967305874595602,0.0011493444963867885,1.5657473143801393e-06,,,,,36.5,26.0
3.498374593648412,0.0003642788048621905,0.0005426734088702739,0.00034692047818940893,,,,,36.5,26.0
3.500875218804701,0.0014223945001899346,-0.0006060598191673834,-0.00048825709454122584,,,,,36.5,26.0
3.50337584396099,-3.358065738324257e-05,0.0005776354666181137,0.0012897919369509693,,,,,36.5,26.0
3.505876469117279,0.0013993075675485923,0.0013970877887547071,0.0012080316980566234,,,,,36.5,26.0
3.5083770942735684,0.0026942897376293464,0.0008878160813535496,0.0012822216718553917,,,,,36.5,26.0
3.5108777194298573,0.00034691574803372,0.002398517415985322,0.0012241102988633365,,,,,36.5,26.0
3.5133783445861466,0.0015791236251417808,0.0015360061989464367,-0.0005035652161191039,,,,,36.5,26.0
3.5158789697424355,0.0009819458595641869,-1.895428098410075e-05,0.0011405288330395725,,,,,36.5,26.0
3.5183795948987244,0.0009427925949977936,0.0005579787735320963,0.0012211770543833125,,,,,36.5,26.0
3.5208802200550138,0.0006258702486428243,-0.0012275938885379669,-0.0014120152459232906,,,,,36.5,26.0
3.5233808452113027,-0.0007323970574695722,0.0011113928614851045,0.00020715343417513656,,,,,36.5,26.0
3.525881470367592,-0.0012960671159424537,0.0009328236362737708,-0.0014739238702275977,,,,,36.5,26.0
3.528382095523881,0.0005662789492675125,-0.0005132085036514902,0.0012173821192079397,,,,,36.5,26.0
3.53088272068017,-0.00030512528656022347,0.0008450523361168342,0.0006303057890191769,,,,,36.5,26.0
3.533383345836459,-0.00016720250869240428,0.0004929123427121872,-0.0002894097695207567,,,,,36.5,26.0
3.535883970992748,-0.0011077662159272267,0.00023962928172530838,-0.0005827734162852302,,,,,36.5,26.0
3.538384596149037,-0.0003593623776641295,-0.0004953356594425734,0.00027999945426344485,,,,,36.5,26.0
3.5408852213053263,-0.0008846467315676485,-0.00032082817603625464,5.104439296971487e-05,,,,,36.5,26.0
3.5433858464616153,-0.0006900053887735385,-0.0020041513808395778,-0.00015027662555432573,,,,,36.5,26.0
3.5458864716179046,-0.00038461626566271134,0.00010674399701561497,-0.0010914611179411564,,,,,36.5,26.0
3.5483870967741935,0.0013327334514350688,-0.0004511895835437624,-0.00010191460578477935,,,,,36.5,26.0
3.5508877219304824,0.0003127919222657185,0.0008607379660603861,0.0005134066907186927,,,,,36.5,26.0
3.5533883470867718,-0.0003820900474732936,0.0010794927413417927,-0.0012286443545067964,,,,,36.5,26.0
3.5558889722430607,-0.00028488127843029576,-0.00034478884587525694,0.00036023325807976644,,,,,36.5,26.0
3.5583895973993496,0.000321374987612992,-0.0007292161067437514,0.0024414686667717737,,,,,36.5,26.0
3.560890222555639,0.00011492692726840638,0.0025036027759948926,0.0001676040552157332,,,,,36.5,26.0
3.563390847711928,-0.0007236582692564142,0.0008864418066663904,0.0015069709918318413,,,,,36.5,26.0
3.565891472868217,-0.0014884787412197684,-0.0019178910474473966,-7.266228473971671e-05,,,,,36.5,26.0
3.568392098024506,0.00039127822002012907,0.001260578742549529,0.00031824605043135403,,,,,36.5,26.0
3.570892723180795,-0.0009191203375060956,0.0011620193755936391,0.0010438725637038503,,,,,36.5,26.0
3.5733933483370843,0.00015662462250240686,0.00047407328096771197,0.0023388882657251722,,,,,36.5,26.0
3.5758939734933732,0.0013211072721514745,-0.00046610131598573147,-0.00048756341299439573,,,,,36.5,26.0
3.578394598649662,0.0007863226201202715,0.0013058281966408312,0.0008457425400374748,,,,,36.5,26.0
3.5808952238059515,-0.00040928886187211334,-0.001609187946274198,-0.0006520490295945041,,,,,36.5,26.0
3.5833958489622404,0.0015481349824241605,0.0013385213353873345,-0.0010004886335828777,,,,,36.5,26.0
3.5858964741185297,0.0011338662258576443,-0.0001609621120750789,0.0017930362545258219,,,,,36.5,26.0
3.5883970992748186,0.0005114005670506783,-0.0008025799619225943,-0.00015850871808139764,,,,,36.5,26.0
3.5908977244311076,-0.0014240019965973125,0.0011731624380970826,0.0008414281806785099,,,,,36.5,26.0
3.593398349587397,-0.0034695627280376166,0.0012789625207145472,-0.00048015002323850936,,,,,36.5,26.0
3.595898974743686,-0.0007792948814979945,0.0011208777106004903,-0.0009275777041497747,,,,,36.5,26.0
3.5983995998999747,-0.0004842192686255685,-0.0002835074507686512,9.120549022663833e-05,,,,,36.5,26.0
3.600900225056264,0.00027824976221348146,0.000563754302390386,0.0006446658921940475,,,,,36.5,26.0
3.603400850212553,0.0009980954224205433,-2.6767507089237713e-05,-0.0003374338202510456,,,,,36.5,26.0
3.6059014753688423,0.0013414701173921448,0.0005966141424151064,-0.0004096415477462674,,,,,36.5,26.0
3.608402100525131,6.20683475937449e-05,-0.0012642303950997666,-1.576043493998535e-05,,,,,36.5,26.0
3.61090272568142,0.000496926853528803,0.0009298590349422034,0.0003125891348013479,,,,,36.5,26.0
3.6134033508377095,-0.0005997666191385646,-0.0007323296904617983,0.00112342318068013,,,,,36.5,26.0
3.6159039759939984,-0.0015946110025976219,0.0011159971734685773,-0.0017191280077708357,,,,,36.5,26.0
3.6184046011502873,0.0006977343943337113,-0.0012701744781365247,-0.0011569624232333382,,,,,36.5,26.0
3.6209052263065766,-0.00016341133343453023,0.0013003466024185176,-0.000414430072199605,,,,,36.5,26.0
3.6234058514628655,-0.0009503272813022329,0.0003003730558836089,0.000783552111758369,,,,,36.5,26.0
3.625906476619155,0.0007095213577125853,0.0007223717021431023,-0.00043927219447585083,,,,,36.5,26.0
3.628407101775444,0.0011014566287038414,0.0009236807786078279,-0.0012836078572284536,,,,,36.5,26.0
3.6309077269317327,-0.00019258842838685007,4.378487225485786e-05,9.620056274212964e-05,,,,,36.5,26.0
3.633408352088022,0.00016232451521849676,0.00043285391954540474,-2.6045180199163224e-06,,,,,36.5,26.0
3.635908977244311,-0.000675096547703536,-0.000169096456337818,-0.0007879954938744365,,,,,36.5,26.0
3.6384096024006,4.5496332685846414e-05,0.0003355425940866678,-0.0005981974093990077,,,,,36.5,26.0
3.640910227556889,0.0021627686276613064,0.000973057649917871,0.0003547268808278887,,,,,36.5,26.0
3.643410852713178,-0.00013191401316337977,-0.0016633932647645273,-0.000543858990017972,,,,,36.5,26.0
3.6459114778694675,0.0013846840999449138,-0.0007673318028802772,0.0009654667351356381,,,,,36.5,26.0
3.6484121030257564,-0.000804782817332463,-0.00014661069338108658,0.0004829959257205645,,,,,36.5,26.0
3.6509127281820453,-0.0023491803947807005,-0.0008567340528159654,0.00015240461894314955,,,,,36.5,26.0
3.6534133533383346,-0.0002906133630657452,0.00011698779636878608,-0.0003844246560150748,,,,,36.5,26.0
3.6559139784946235,-0.00018600937853687044,0.0014219183391647001,0.002878076106432308,,,,,36.5,26.0
3.6584146036509124,0.0005242941251762583,-0.0006161045756879992,-0.0001628205080786964,,,,,36.5,26.0
3.6609152288072018,-0.0005713416449676046,-0.0006742348515315846,-0.001071591207699531,,,,,36.5,26.0
3.6634158539634907,0.00025083123921850614,5.198100142869387e-05,-0.0002529215317616604,,,,,36.5,26.0
3.66591647911978,0.0016194861402247529,8.926179585698895e-05,0.00019682610341463654,,,,,36.5,26.0
3.668417104276069,-0.0008578951113914222,-0.0013876837675750218,0.0004989870894668238,,,,,36.5,26.0
3.670917729432358,-0.0006490052164814617,-0.0010815107127345092,-8.44727363978734e-05,,,,,36.5,26.0
3.673418354588647,-0.0005484512387303736,0.00034196966298062354,-0.00017862359714521315,,,,,36.5,26.0
3.675918979744936,-2.490584860507372e-05,-0.0012152400372051181,0.00047899948100267343,,,,,36.5,26.0
3.678419604901225,-0.0014447807446764868,0.000674254635722193,-0.002279017192307646,,,,,36.5,26.0
3.6809202300575143,0.00010525064722970695,-0.00021435570049606575,-0.0018778923918768102,,,,,36.5,26.0
3.6834208552138032,0.0010125068135136183,0.0007968511869566045,-0.0010129635589746235,,,,,36.5,26.0
3.6859214803700926,0.0010391468148789847,-0.001336735238612135,0.001386639590167958,,,,,36.5,26.0
3.6884221055263815,-0.00025474583543745534,0.0008705270951727186,0.0006462033545022527,,,,,36.5,26.0
3.6909227306826704,0.0005461446578924293,0.0008120206555575071,-0.0009818333484472481,,,,,36.5,26.0
3.6934233558389598,-0.00132907584862198,0.002033672959426013,0.00036176505907846164,,,,,36.5,26.0
3.6959239809952487,0.0010254398388327768,-0.0009025864599599994,-0.0010833745918839908,,,,,36.5,26.0
3.698424606151538,-0.0005093076700745612,0.0004026184796443338,-0.0004446845093663618,,,,,36.5,26.0
3.700925231307827,0.002063324731095635,0.0010156440673452108,0.00023837900830399878,,,,,36.5,26.0
3.703425856464116,-0.0018389362246527302,0.0007506054160838305,-3.065881951347014e-05,,,,,36.5,26.0
3.705926481620405,-0.001529122068950157,0.0015903929080183607,0.001139604510963836,,,,,36.5,26.0
3.708427106776694,0.0013360967923594148,0.0016030715589612006,0.001988317519788923,,,,,36.5,26.0
3.710927731932983,-0.0014613341291570825,0.0004464063760652003,0.0008000695375112216,,,,,36.5,26.0
3.7134283570892723,-0.00020839016667137785,-0.0013798700965888004,-7.235707065076784e-05,,,,,36.5,26.0
3.7159289822455612,-2.822605233114794e-05,-0.0009796385313575985,-0.0013962823561811477,,,,,36.5,26.0
3.7184296074018506,-0.0004885426206270667,-0.0007616173536273879,0.0007838204192600073,,,,,36.5,26.0
3.7209302325581395,0.0005900443997147138,-0.0012053016408108742,-0.0010299121910384925,,,,,36.5,26.0
3.7234308577144284,0.0002348280931536737,-1.793102280405635e-05,-4.354112953349686e-06,,,,,36.5,26.0
3.7259314828707177,0.0001506448136279082,0.0011371274293288688,0.0006394391009628948,,,,,36.5,26.0
3.7284321080270066,-0.002009659697612641,0.0006726918857707887,-0.0009174144121775254,,,,,36.5,26.0
3.7309327331832955,0.0018690067058898907,9.080169613664965e-05,0.0007773444946435588,,,,,36.5,26.0
3.733433358339585,-0.0008936328047834489,0.0008168790289719655,0.001955319443875691,,,,,36.5,26.0
3.735933983495874,0.0003037667552535117,-0.00012440008600297619,-0.000653066393179989,,,,,36.5,26.0
3.738434608652163,-0.00047930967659785015,-0.0009661044368562666,-0.0002716996921109468,,,,,36.5,26.0
3.740935233808452,0.0002636957362785298,0.0014654093271256373,0.0002448590910969267,,,,,36.5,26.0
3.743435858964741,0.001015801822004918,0.001033641500881274,-0.0012069742124007905,,,,,36.5,26.0
3.7459364841210303,0.0002211984802995275,-0.0008140076749348359,0.0007068127146680283,,,,,36.5,26.0
3.748437109277319,-0.0006444798215424533,0.001144075384949718,0.00016988641729284156,,,,,36.5,26.0
3.750937734433608,0.0004703985134932843,0.0013333240187211755,0.001266537601443723,,,,,36.5,26.0
3.7534383595898975,-0.0007209283389843367,-0.00017835188223314002,-3.953350267514259e-05,,,,,36.5,26.0
3.7559389847461864,-0.0007295805288546085,0.000671036326814979,0.00044411464558036175,,,,,36.5,26.0
3.7584396099024757,-0.0006824136134669288,-0.0002148738930048185,0.0007621922004011518,,,,,36.5,26.0
3.7609402350587646,0.0009864989402705146,4.6086941422059136e-05,0.0011930924011133324,,,,,36.5,26.0
3.7634408602150535,0.0017230759197196161,-0.0007630471486296402,-0.00035711959330643765,,,,,36.5,26.0
3.765941485371343,0.0010142337711451506,-2.7502158708208314e-05,-0.0008210944761478887,,,,,36.5,26.0
3.768442110527632,-0.0003919127129338513,0.0004533522622842356,0.0004758105153448648,,,,,36.5,26.0
3.7709427356839207,-0.0017906500386682892,-0.0008280355003473153,-1.0845331778996187e-05,,,,,36.5,26.0
3.77344336084021,0.000161120750579862,-0.00012882682773931832,-0.00015587636328050135,,,,,36.5,26.0
3.775943985996499,0.0017084472169229506,-8.399991837213412e-05,0.0014064594608620843,,,,,36.5,26.0
3.7784446111527883,-0.0003264166417266629,0.0017476533479238569,-0.0006124816936036244,,,,,36.5,26.0
3.780945236309077,-0.0005565598703512866,0.000498740276271704,0.0011648165824159045,,,,,36.5,26.0
3.783445861465366,0.0015610304449491877,0.00010574764533476469,0.0011359323099711383,,,,,36.5,26.0
3.7859464866216554,0.00026394818646482233,0.00035957129523942323,-0.00015748610481105375,,,,,36.5,26.0
3.7884471117779444,0.0015239199667769266,0.0003511357358165497,-0.0028027556059759123,,,,,36.5,26.0
3.7909477369342333,-0.0003812558679752187,0.00011569775105716061,-0.00046453366542828956,,,,,36.5,26.0
3.7934483620905226,-0.0013584465723212172,-0.0007436603122941027,-0.0005153970367627711,,,,,36.5,26.0
3.7959489872468115,-0.0007393500316545584,0.0006921425410607395,-0.0006857501556679326,,,,,36.5,26.0
3.798449612403101,-9.507998165271281e-05,0.0006448568462352464,2.4076343356455648e-05,,,,,36.5,26.0
3.8009502375593898,0.00041879458684886405,0.0010707242177640422,-0.0015378765765418963,,,,,36.5,26.0
3.8034508627156787,0.0005537035961235373,0.0007334854846178421,0.0002901504152051025,,,,,36.5,26.0
3.805951487871968,0.0003109783393702436,0.00035327710349498373,0.0024166199224181957,,,,,36.5,26.0
3.808452113028257,0.00014191954412678473,-0.0011026091618007335,-0.000325788122837321,,,,,36.5,26.0
3.810952738184546,0.0002509855649023381,0.000366375620919222,-0.0013035810632695847,,,,,36.5,26.0
3.813453363340835,-0.0011382175838533638,-0.0022637259656363346,-0.00048415350397127066,,,,,36.5,26.0
3.815953988497124,-0.0002922330522600064,-0.0007844433590342718,-0.0001402034413120947,,,,,36.5,26.0
3.8184546136534134,-4.0557350990870847e-05,-0.0013957723781753365,-0.0007211161959761184,,,,,36.5,26.0
3.8209552388097023,0.00039125662296187337,0.0010057201114670794,-0.0004970301509462442,,,,,36.5,26.0
3.8234558639659912,-3.00945806661074e-05,-0.0008323643087717797,-0.0005392386279475982,,,,,36.5,26.0
3.8259564891222806,0.0005281307263457909,0.0003214283994037038,-0.0010108473608209851,,,,,36.5,26.0
3.8284571142785695,-0.0006982818389009436,0.002119051149360629,0.0005738771893493297,,,,,36.5,26.0
3.8309577394348584,0.00043162453219626067,0.0009034540898323299,0.0006208618392400738,,,,,36.5,26.0
3.8334583645911477,-0.00035508750374474917,-0.0005834361525788674,0.0011408115924477632,,,,,36.5,26.0
3.8359589897474367,-0.001080564297383449,0.00047710614400493394,2.2446544787440706e-05,,,,,36.5,26.0
3.838459614903726,0.000976749030152431,-0.00017114644400496946,-0.003031125699710338,,,,,36.5,26.0
3.840960240060015,-0.0021068772598713207,-9.571364816635041e-05,-0.00029239117888024517,,,,,36.5,26.0
3.843460865216304,-0.0002911208238196634,0.0019900039001752674,-0.0008022164826107328,,,,,36.5,26.0
3.845961490372593,-0.002042786415366227,0.0003226915173814819,-0.0008541784066272762,,,,,36.5,26.0
3.848462115528882,0.001699770120958923,-0.00014396991948666652,-0.0012559221711601013,,,,,36.5,26.0
3.8509627406851714,-0.0006299098291424445,-0.0010537822500913997,-0.0004783595799840396,,,,,36.5,26.0
3.8534633658414603,0.0011614764895288346,-0.00031058861079271175,0.00133271014006871,,,,,36.5,26.0
3.8559639909977492,0.001827650092454813,-0.0002791662784957222,0.0012580708175560075,,,,,36.5,26.0
3.8584646161540386,0.0009508327385756824,0.0007765474847812295,0.0014382015321190605,,,,,36.5,26.0
3.8609652413103275,-0.000527243110161189,-0.0005243712954177428,-0.0006833470120157486,,,,,36.5,26.0
3.8634658664666164,-0.0007157023141842388,-0.001456239261495571,-0.0004950571211095136,,,,,36.5,26.0
3.8659664916229057,0.0009297721503339185,-0.0012380719987066002,0.00016869211010919375,,,,,36.5,26.0
3.8684671167791946,0.0009291424757654823,-0.0006761822605521517,-1.0149004681536924e-05,,,,,36.5,26.0
3.870967741935484,-0.0011526369539267716,-0.000689842350872141,-0.0007813953669607927,,,,,36.5,26.0
3.873468367091773,0.0008711640743209691,0.0006197446034091385,-0.0007926205544934582,,,,,36.5,26.0
3.875968992248062,0.0014324188579958699,-0.00045042301902178554,0.0007113508898413425,,,,,36.5,26.0
3.878469617404351,0.00039418410830535086,-0.0005246957755912938,-0.000177552606017499,,,,,36.5,26.0
3.88097024256064,0.00027610604534824575,-0.0014579519097702135,0.0009207550337520774,,,,,36.5,26.0
3.883470867716929,-0.0014316685604896255,-0.000359388534629201,-0.0008777036149204963,,,,,36.5,26.0
3.8859714928732183,-0.0012925529959597888,0.0008130293426700881,-0.00030250479878045795,,,,,36.5,26.0
3.888472118029507,0.0012276375323768437,-0.0010243491240205789,0.0018551199391816872,,,,,36.5,26.0
3.8909727431857966,-0.00020075229614453346,-0.002385892847219779,-0.0005329513174966568,,,,,36.5,26.0
3.8934733683420855,0.00013121959229655492,0.00032127556248596155,0.0003059698210211316,,,,,36.5,26.0
3.8959739934983744,-0.0009741140985295828,-0.0015643369794490823,0.0001238031330340183,,,,,36.5,26.0
3.8984746186546637,-0.0015125106268702123,-0.00039953477049315707,-8.902215469100422e-07,,,,,36.5,26.0
3.9009752438109526,-0.0015889650899785588,7.488214879670116e-05,0.0012344875069652602,,,,,36.5,26.0
3.9034758689672415,-0.0005997247246962439,-0.000218656613991914,5.723435366188934e-05,,,,,36.5,26.0
3.905976494123531,-0.00016831686279646907,0.0011099794484963489,-0.0005045304926138468,,,,,36.5,26.0
3.90847711927982,0.0014667761604068785,-0.0006592871105625279,0.0013849740175934048,,,,,36.5,26.0
3.910977744436109,0.0004857878774060943,0.00043652892450898943,0.00070953346350588,,,,,36.5,26.0
3.913478369592398,-0.001083412091751664,-0.002221344980085249,0.0011820959028212095,,,,,36.5,26.0
3.915978994748687,0.001276337944305326,-0.0008450111624612835,-0.0018009028569594698,,,,,36.5,26.0
3.9184796199049763,-0.0005830706392983692,-0.00240550453079865,0.0020352520981923353,,,,,36.5,26.0
3.920980245061265,-0.0009529946253919942,0.0006043407955746553,0.0005480811817849517,,,,,36.5,26.0
3.923480870217554,0.001239065766448636,0.00023829177548786136,0.0008954845788213763,,,,,36.5,26.0
3.9259814953738434,0.0007797603888506748,-0.0009979851252087256,0.002089752339628779,,,,,36.5,26.0
3.9284821205301323,-0.0003636281027463269,-0.001385344631986217,-0.0008055305021865107,,,,,36.5,26.0
3.9309827456864217,-0.00024932623820865567,-0.00036946808451596846,-0.00012011347959788085,,,,,36.5,26.0
3.9334833708427106,0.00014244180511856582,0.0009909825447047603,-0.00010299730982829768,,,,,36.5,26.0
3.9359839959989995,-0.0008470133978134535,-0.0010303166464129593,0.0017236839697115356,,,,,36.5,26.0
3.938484621155289,-0.0001353830688228913,0.0006565142329593454,0.0007963972258790146,,,,,36.5,26.0
3.9409852463115778,-0.0004534353865047803,0.0005523889326883508,0.000151558287554462,,,,,36.5,26.0
3.9434858714678667,0.00033052109328916883,0.0006937603698670684,-0.0012215700874416476,,,,,36.5,26.0
3.945986496624156,0.0004775155298941285,-0.00022720715751680835,-0.001726225624872587,,,,,36.5,26.0
3.948487121780445,-0.0012714134808874474,-0.0007144483199792635,-0.0010167709144079538,,,,,36.5,26.0
3.9509877469367343,0.0005974017702290591,0.00039063175545493673,0.00016751903830257442,,,,,36.5,26.0
3.953488372093023,4.614816878479115e-05,-0.0006146405786535824,0.00017091409607204036,,,,,36.5,26.0
3.955988997249312,-0.00014966530423113193,0.0003131471568510313,-5.1686814378056466e-05,,,,,36.5,26.0
3.9584896224056014,0.0005944434277520754,-0.0004534654802715756,0.0010009353157215102,,,,,36.5,26.0
3.9609902475618903,0.0006379225051433224,-0.0002824398625261576,-0.0005267792323054837,,,,,36.5,26.0
3.9634908727181792,0.0017137916114055645,0.0013097442137174893,-0.0003171725299113342,,,,,36.5,26.0
3.9659914978744686,-0.0003740326717308537,-0.0018888832991202469,-0.0006000473439631749,,,,,36.5,26.0
3.9684921230307575,0.0003192551243238379,-0.0001998182263713871,0.0003401760951835105,,,,,36.5,26.0
3.970992748187047,0.00041727516008254655,-0.0013235096471826292,5.763127667494643e-05,,,,,36.5,26.0
3.9734933733433357,0.000352898845607526,-0.0010523985378875526,0.0018946210783636797,,,,,36.5,26.0
3.9759939984996246,0.0007112353496018677,-0.0007796383502333069,-0.0008182897906103477,,,,,36.5,26.0
3.978494623655914,0.0007583963582993267,-0.0003680733265121665,0.0003755007648808932,,,,,36.5,26.0
3.980995248812203,-0.002040009336883234,0.0010269136188582797,-0.0022129126060050765,,,,,36.5,26.0
3.983495873968492,-0.0014599728921292393,0.000668384437265857,-0.0005921231369935535,,,,,36.5,26.0
3.985996499124781,-0.0013104941319597913,0.0007279460272537488,0.00019001507699148952,,,,,36.5,26.0
3.98849712428107,0.00032326121965083553,0.0005571757235163933,-0.00027515763323560945,,,,,36.5,26.0
3.9909977494373594,-0.0012507876495164555,-0.0013953462467129918,-0.00016360183520012313,,,,,36.5,26.0
3.9934983745936483,4.231270036545638e-05,-0.0013127623836400083,0.0002963533926181933,,,,,36.5,26.0
3.995998999749937,0.0019156263858889225,0.0010717198545244471,0.00011534986096161592,,,,,36.5,26.0
3.9984996249062266,0.001546276446497757,-0.0005726028747772602,-0.0016936066461948117,,,,,36.5,26.0
4.001000250062516,0.0015035151898427027,-0.0003826021697623787,-0.0004856391083689643,,,,,36.5,26.0
4.003500875218805,-0.0002639627783764826,0.0004490056309651952,-0.001508292207154682,,,,,36.5,26.0
4.006001500375094,-0.0012836161417573648,-0.0003218406309677684,-0.0009251509114684114,,,,,36.5,26.0
4.008502125531383,0.0029005326241642758,0.000505799101779751,0.00011659850852739022,,,,,36.5,26.0
4.0110027506876715,-0.00013951721031299244,-0.0012394194603664087,0.000994799207402144,,,,,36.5,26.0
4.013503375843961,-0.00020983468683115236,0.00034359304717846724,0.0007462526933635342,,,,,36.5,26.0
4.01600400100025,-0.001257932224381412,-6.565089030364485e-05,-0.0012421130788469398,,,,,36.5,26.0
4.018504626156539,-0.0004334947584806704,0.0014755342243967656,-0.00125235240595218,,,,,36.5,26.0
4.021005251312828,-0.00035400338839972545,0.0004916365181295498,8.760087229840644e-05,,,,,36.5,26.0
4.023505876469117,-0.0002608827756190092,0.0011044153859944047,-0.0003879984149269542,,,,,36.5,26.0
4.026006501625406,0.0003168992432322254,0.00016683342759962508,-0.0021001957620212976,,,,,36.5,26.0
4.028507126781696,-0.001188965227853102,0.0013114887011026813,-0.000959772717308802,,,,,36.5,26.0
4.0310077519379846,-0.00040548480351600667,-0.000510081024540881,-0.0022704199454341846,,,,,36.5,26.0
4.0335083770942735,0.00010391865354493338,0.000338066902732742,-7.161968967143302e-05,,,,,36.5,26.0
4.036009002250562,0.0007689416107507993,0.00037168855516352123,-0.0026050285848069556,,,,,36.5,26.0
4.038509627406851,-0.0003240724562155785,-0.0008117823712412653,-2.3512133545524866e-05,,,,,36.5,26.0
4.041010252563141,-0.00024684171420770863,-0.0004985366846596754,-0.00017193454536868348,,,,,36.5,26.0
4.04351087771943,0.0004307520775776755,-0.0021531010488106106,-0.00012123856440411488,,,,,36.5,26.0
4.046011502875719,0.0016578664974519607,0.0005435982607785774,-6.371346738150068e-05,,,,,36.5,26.0
4.048512128032008,0.0017176940469820164,-0.0003939373723195789,0.0011227467038601832,,,,,36.5,26.0
4.051012753188297,-0.0004603090581543575,0.0008162524433727329,0.0003655148459154312,,,,,36.5,26.0
4.0535133783445865,0.00040806968511851867,0.0003134326780829823,0.0010078796456836406,,,,,36.5,26.0
4.056014003500875,0.0010294505587435869,-0.0026905463366991293,-0.0002286358329006626,,,,,36.5,26.0
4.058514628657164,-2.2997621850557186e-05,0.0006863802693556402,0.0009008746668779718,,,,,36.5,26.0
4.061015253813453,-0.0007799130888794778,-0.0003626319713548148,5.9853470776527304e-05,,,,,36.5,26.0
4.063515878969742,-0.0004254807968271882,-0.0008537917036933767,-0.0006429729674638984,,,,,36.5,26.0
4.066016504126031,0.0013415707198937905,0.001093881113226818,0.00028055478496630807,,,,,36.5,26.0
4.068517129282321,0.0012220888261747743,0.0008091340516335869,0.0011996455046494052,,,,,36.5,26.0
4.07101775443861,0.000184578623120296,0.00027253082411897455,-0.001395981897018107,,,,,36.5,26.0
4.073518379594899,-0.0017386380006806563,-0.0015481706247817862,-0.0016973203285619877,,,,,36.5,26.0
4.0760190047511875,-0.0007773160254130964,-0.00031568040531310723,0.0009978842042652019,,,,,36.5,26.0
4.078519629907476,0.0004894090698974739,0.0006670284765114534,-0.0001032915321248273,,,,,36.5,26.0
4.081020255063766,0.0005948946306530422,0.0017216465617878782,4.3901299444312525e-05,,,,,36.5,26.0
4.083520880220055,0.0005129932178395553,-0.0007232947848592789,0.00011430150561624741,,,,,36.5,26.0
4.086021505376344,0.00041500271352635777,0.0008712297512646953,0.0005127447272075501,,,,,36.5,26.0
4.088522130532633,0.0008614749691710427,0.0009653607880877479,0.0002142117270448728,,,,,36.5,26.0
4.091022755688922,0.0011225759898991223,0.0007195518642486127,-0.0003700703430961329,,,,,36.5,26.0
4.093523380845212,0.0006112680873132851,0.000579353889516676,-0.00035608314394464444,,,,,36.5,26.0
4.0960240060015005,-0.0008954780571654976,-0.00011723302207623306,0.0018761664338146713,,,,,36.5,26.0
4.098524631157789,0.00020675296145958576,-0.002512840085730274,-0.0019772548971473307,,,,,36.5,26.0
4.101025256314078,0.0006202465628891571,-0.0005102529405491611,-0.0008422382869230716,,,,,36.5,26.0
4.103525881470367,-0.0012217337879586155,-0.000899336633388566,-0.0005095570753574786,,,,,36.5,26.0
4.106026506626656,0.00018364716866945497,0.00037270847760301657,0.0003235016187267431,,,,,36.5,26.0
4.108527131782946,-0.0003316871960390144,0.0008801108158177308,7.142282184201424e-05,,,,,36.5,26.0
4.111027756939235,-0.0012047089652987314,-0.0005414866311568185,0.000891678657248855,,,,,36.5,26.0
4.113528382095524,0.0003905461054129967,-0.00037706988951587643,-0.001131746868594961,,,,,36.5,26.0
4.116029007251813,-0.0003853702991591775,0.0004671380151025317,-0.0019809099113401846,,,,,36.5,26.0
4.1185296324081015,0.0015128103883883578,0.0004651965276911265,0.001421921990267175,,,,,36.5,26.0
4.121030257564391,5.097768119928192e-05,-0.0010419788947735142,0.00013559604843570416,,,,,36.5,26.0
4.12353088272068,0.0004563213225660862,-0.00018786905308413625,-0.0012212363683914225,,,,,36.5,26.0
4.126031507876969,-0.0005062887185492318,0.0007014912899614723,-0.0008907925445678587,,,,,36.5,26.0
4.128532133033258,-0.0004080451467628348,-0.0010777801587186187,0.0005892765835733981,,,,,36.5,26.0
4.131032758189547,-0.0006282972187233642,0.0004602349329044062,-0.0015748953218593512,,,,,36.5,26.0
4.133533383345837,-0.0002783976207720467,0.001033871488086688,-2.0014929730178538e-05,,,,,36.5,26.0
4.136034008502126,0.0007642754344782661,-0.001528341923492737,0.0005094174892178149,,,,,36.5,26.0
4.138534633658415,0.0005682894227615804,-0.0005694692393841177,-0.002440750332881199,,,,,36.5,26.0
4.1410352588147035,0.0008476805791950171,0.0015099962023887082,-0.0009362272498938959,,,,,36.5,26.0
4.143535883970992,-0.0004043209584020476,0.00012242944857801424,-0.0010347251121636406,,,,,36.5,26.0
4.146036509127281,-0.0005939996945318306,0.000658168502571934,0.0005498005635349097,,,,,36.5,26.0
4.148537134283571,0.0010740946662182403,0.000706081779051901,0.0017491757310297432,,,,,36.5,26.0
4.15103775943986,-0.0006871322005493854,0.00018539211854250078,-0.0014602115321671791,,,,,36.5,26.0
4.153538384596149,-0.00141594960567491,0.0013551213528222733,0.00013286810406844412,,,,,36.5,26.0
4.156039009752438,-7.237732475696366e-05,-0.0018007640094651039,-0.0006681375165285906,,,,,36.5,26.0
4.158539634908727,-0.00011899028325379096,0.0006966378645273955,0.0006251481167634161,,,,,36.5,26.0
4.1610402600650165,-0.001898582968728489,0.0015214353420089947,0.0009301410148107294,,,,,36.5,26.0
4.163540885221305,-0.0001743095730986159,0.0004255353171957542,0.00033075443971291045,,,,,36.5,26.0
4.166041510377594,0.0021111597421808663,-0.000540115514085752,0.00046489200297764635,,,,,36.5,26.0
4.168542135533883,-0.0004851578222404136,0.0010989034384942256,-0.0002817207889855099,,,,,36.5,26.0
4.171042760690172,8.074061966331502e-05,0.0003782432517603272,-5.00039798335014e-05,,,,,36.5,26.0
4.173543385846462,0.0014815194921876786,0.002173580461600892,-0.0002577375232611162,,,,,36.5,26.0
4.176044011002751,-0.0009869164561361911,-0.0008783205070259674,5.347625811383218e-05,,,,,36.5,26.0
4.17854463615904,0.0006797883246073296,-0.0005593851314644148,0.002977340419994715,,,,,36.5,26.0
4.181045261315329,0.0005903645340458884,-6.049908538729744e-05,-0.0005982978051685643,,,,,36.5,26.0
4.1835458864716175,0.0005490652029829559,-0.0008112521751261815,-0.0008429528263657003,,,,,36.5,26.0
4.186046511627907,0.00021121076895835338,-0.0011459352997338303,-0.0006337252826022345,,,,,36.5,26.0
4.188547136784196,-7.581452184516263e-05,0.0002718107128163686,0.0007782352046426475,,,,,36.5,26.0
4.191047761940485,-0.0002783971424989668,-1.5299599726643784e-05,0.000996472281914368,,,,,36.5,26.0
4.193548387096774,0.0008667756686813018,0.0007595564482504765,0.0014203630004137014,,,,,36.5,26.0
4.196049012253063,1.3140262746234476e-06,0.00068162127459905,-4.13167370299761e-05,,,,,36.5,26.0
4.198549637409352,0.0013555356520536803,0.00042560652328734865,-0.0014577648055211715,,,,,36.5,26.0
4.201050262565642,-0.0006770014346067777,0.0010556446940882844,-0.00037112576141260146,,,,,36.5,26.0
4.2035508877219305,-0.0017207887442345635,-0.00044908564870516684,-0.0008816031177875216,,,,,36.5,26.0
4.206051512878219,-0.0004169681956863688,0.0004790605438588271,-0.0002766361972530467,,,,,36.5,26.0
4.208552138034508,0.0006960734029651275,0.0004560050688549391,0.0019211492757698052,,,,,36.5,26.0
4.211052763190797,0.0007259411707423473,-0.00010744276077523646,0.0017191541076046403,,,,,36.5,26.0
4.213553388347087,0.0003635601093829287,-7.905951863486578e-05,0.0003559964711309134,,,,,36.5,26.0
4.216054013503376,-0.00039419242344879726,-0.0007369644609666266,1.621398727416392e-06,,,,,36.5,26.0
4.218554638659665,0.0021614605676566934,0.001278155483974182,-0.0016582446050322829,,,,,36.5,26.0
4.221055263815954,0.0012370055791278206,0.0008976989623853076,-0.0003424839352605571,,,,,36.5,26.0
4.223555888972243,-0.00034848586260374716,-0.0009330344410486294,-0.0008380393407999067,,,,,36.5,26.0
4.2260565141285324,7.364016874470131e-05,-0.0009871554345703994,-8.577516838842907e-05,,,,,36.5,26.0
4.228557139284821,3.4071580277820868e-06,0.0019737699345990125,0.001215885316507664,,,,,36.5,26.0
4.23105776444111,-0.001892578394577903,-0.0010967803486506176,-0.0012706868836578043,,,,,36.5,26.0
4.233558389597399,0.0011468164198729426,0.0012355759931908298,0.00014261947053041682,,,,,36.5,26.0
4.236059014753688,0.0011723654695037207,0.0009801282829678354,0.00046311196425596104,,,,,36.5,26.0
4.238559639909977,0.0004307438772108703,0.0016249878825697526,0.0009649758079669513,,,,,36.5,26.0
4.241060265066267,-0.00019893336339758767,0.0012735728607090992,-0.0008639824971043758,,,,,36.5,26.0
4.243560890222556,0.0014721779297194113,0.0003453493092635288,-0.0006850910456961053,,,,,36.5,26.0
4.246061515378845,-0.0003505499921894073,0.0001871848328917365,0.00034746095380687507,,,,,36.5,26.0
4.2485621405351335,0.00036216671957296185,0.00019717743721769628,-0.0015374814391039984,,,,,36.5,26.0
4.251062765691422,-0.00046671330463416084,3.7447080755518486e-05,0.00047879453891393284,,,,,36.5,26.0
4.253563390847712,0.0009964142604681455,0.00045002841379156844,-0.000393424851640523,,,,,36.5,26.0
4.256064016004001,0.0016465690680753505,0.0019155874204904917,-0.00011770048263226235,,,,,36.5,26.0
4.25856464116029,0.0008435056706285662,-0.0001116623886621584,0.0002675369075476005,,,,,36.5,26.0
4.261065266316579,-0.0015756848587659908,-0.0014363636551252116,-0.0010792742456138327,,,,,36.5,26.0
4.263565891472868,0.0017039667323451172,-0.00024685264929607956,-0.0007591493554796061,,,,,36.5,26.0
4.266066516629158,0.001956074096526638,-0.0017234872721835692,-0.0001194013202092061,,,,,36.5,26.0
4.2685671417854465,-0.0019009938846596187,0.0006768393482505809,0.00030912337443111276,,,,,36.5,26.0
4.271067766941735,-0.0015012917760159296,0.00016938568342374482,0.001657980885126598,,,,,36.5,26.0
4.273568392098024,-1.205810411573581e-07,-0.0006729100189075825,0.0008931896143196911,,,,,36.5,26.0
4.276069017254313,-0.000755416510322089,-0.002249061159809358,0.0011134797495909463,,,,,36.5,26.0
4.278569642410602,-0.0016462822931340272,-5.9498164763071125e-05,0.00037356206642705144,,,,,36.5,26.0
4.281070267566892,0.0005321072349914444,0.00041041088103873865,0.0006893101717848129,,,,,36.5,26.0
4.283570892723181,-0.000111795805696147,-0.0006673501276563331,0.0003632315643590007,,,,,36.5,26.0
4.28607151787947,-0.0005005946130639455,0.0005622242872741733,0.002692480986105814,,,,,36.5,26.0
4.288572143035759,-0.0006198445627574599,-0.002005850481016106,-0.00020522352455481057,,,,,36.5,26.0
4.2910727681920475,0.0002922441923260979,0.0010911070998540268,-0.00020290032664491763,,,,,36.5,26.0
4.293573393348337,0.0009212035539012605,0.000592344956916346,0.00034362048934617794,,,,,36.5,26.0
4.296074018504626,0.0009341510376050865,0.00045746694147474556,-0.0017763200931671358,,,,,36.5,26.0
4.298574643660915,-0.00038534684033314064,0.00047816113835072384,0.0015219681106906093,,,,,36.5,26.0
4.301075268817204,0.0004926204620749031,-0.00019161582502672783,-0.0017358605015280607,,,,,36.5,26.0
4.303575893973493,-5.178686163701074e-06,-0.0010842308508551264,-0.0003351291606090139,,,,,36.5,26.0
4.306076519129783,9.214930322044169e-05,0.00037746523370480497,-0.0006783845993341536,,,,,36.5,26.0
4.308577144286072,-0.00043610476793468837,1.3736581886280706e-05,0.00025429913301173453,,,,,36.5,26.0
4.3110777694423605,8.964032783429494e-05,-0.0009290638105726059,0.0009921108218021689,,,,,36.5,26.0
4.3135783945986494,0.00017271253415587678,0.001103514820083554,0.0004946453149272141,,,,,36.5,26.0
4.316079019754938,0.0009466791066631724,-0.00016876058048104968,0.0017174060608497051,,,,,36.5,26.0
4.318579644911227,0.0003988731361024329,5.127260733448153e-05,0.0018033130627808538,,,,,36.5,26.0
4.321080270067517,-0.0010029157881946348,-0.0010778650968291759,0.00038264145527286186,,,,,36.5,26.0
4.323580895223806,0.001063134762253072,-0.0003834252148489206,2.7016110707229364e-05,,,,,36.5,26.0
4.326081520380095,0.0001970519129269258,-0.000232335434984259,-0.001730243029936674,,,,,36.5,26.0
4.328582145536384,0.0018377988629576477,-0.00025737714316598833,-0.0007329197801606019,,,,,36.5,26.0
4.331082770692673,0.0010072044333938215,-0.0010380303768456895,0.0017959787023427254,,,,,36.5,26.0
4.3335833958489625,0.0016980199502031265,-0.0010167814399998701,-0.0012852348604575107,,,,,36.5,26.0
4.336084021005251,-0.0008608784687394818,0.00014222267991617459,0.0008458957213554328,,,,,36.5,26.0
4.33858464616154,-0.0013849219946349613,0.00029014556843732424,0.00030886410165482925,,,,,36.5,26.0
4.341085271317829,0.0007911884827090342,-8.756873572864646e-05,0.0009013631185540127,,,,,36.5,26.0
4.343585896474118,0.0004681119170965252,0.0014577780743767084,-0.0002760157782222864,,,,,36.5,26.0
4.346086521630408,-0.0006211538945343709,-0.00014316397766838754,-0.00044458749841339083,,,,,36.5,26.0
4.348587146786697,0.00038622347516451374,0.00040400826628405326,0.0018549455968631995,,,,,36.5,26.0
4.351087771942986,0.0010366980265290242,-0.0002786822152444892,-0.0018332741668146608,,,,,36.5,26.0
4.353588397099275,0.0009305028345704023,-0.0010979548984899824,-0.0013287283681465093,,,,,36.5,26.0
4.3560890222555635,0.0025219133286912047,-0.0002812429646521973,-0.0013036803368408562,,,,,36.5,26.0
4.358589647411853,0.0010592974180434905,0.0005018648709137082,-0.0008382590018446938,,,,,36.5,26.0
4.361090272568142,0.0008779917551383344,0.0013246709980403908,-0.0009102220466498618,,,,,36.5,26.0
4.363590897724431,-0.000687709664823831,-0.0006591171023292701,0.0021164495900562416,,,,,36.5,26.0
4.36609152288072,-0.0006211083995401747,0.0008887188755838192,0.00044908043871601033,,,,,36.5,26.0
4.368592148037009,-0.0008230923094580781,0.0017268747591261,0.00041447491460248274,,,,,36.5,26.0
4.371092773193298,0.0008816802941256243,-9.934002209311225e-05,0.00033472489343805976,,,,,36.5,26.0
4.373593398349588,-0.00039745758527752684,-0.001215248270465353,0.00036160631008031575,,,,,36.5,26.0
4.3760940235058765,-3.18564954907121e-05,0.0013943262727815515,-0.0004899616842936022,,,,,36.5,26.0
4.378594648662165,-0.0012122313195498384,-0.001745021751097218,-0.00019582451024046884,,,,,36.5,26.0
4.381095273818454,-0.0004133306479835137,-0.0014528360810303169,0.0009295689099512676,,,,,36.5,26.0
4.383595898974743,0.002171621104745657,-0.0014104015337221977,-0.0008147937837043403,,,,,36.5,26.0
4.386096524131033,-0.0003970353042964313,0.0007962203000734663,-0.0007141885642614512,,,,,36.5,26.0
4.388597149287322,-0.001428490910245912,-0.0006226215971624654,-0.00027877479476653456,,,,,36.5,26.0
4.391097774443611,-0.00035661643619898413,0.0015575531167728374,0.0005736602423700135,,,,,36.5,26.0
4.3935983995999,-0.0002336659822699235,-0.0009650617152466085,0.0007003863800009593,,,,,36.5,26.0
4.396099024756189,-0.0002681871998007846,-0.0008066193871774909,0.0010567235820385238,,,,,36.5,26.0
4.398599649912478,-0.0008257364636172272,-0.00019198932992786573,-0.0003399233225049945,,,,,36.5,26.0
4.401100275068767,0.00024556146481872305,0.001514913052837088,-0.0009884995026258566,,,,,36.5,26.0
4.403600900225056,0.0007695606298870099,0.00012475701013392001,-0.0002263750092622788,,,,,36.5,26.0
4.406101525381345,0.00041667420334721625,-0.0015123467358067336,0.0020592045946979188,,,,,36.5,26.0
4.408602150537634,-0.001123953615565026,-0.00037306103614306575,-0.0011582407595087045,,,,,36.5,26.0
4.411102775693923,0.002741614314836111,0.0005966938877570675,-0.0004485581353966059,,,,,36.5,26.0
4.413603400850213,-0.0008892359008387506,0.00017314692575220653,-0.0003145329645319955,,,,,36.5,26.0
4.416104026006502,-0.002321359470183498,-0.001548442670449881,-0.0008180600921859667,,,,,36.5,26.0
4.4186046511627906,0.0006419930572563326,0.0005561894550635322,-0.00033589408938970944,,,,,36.5,26.0
4.4211052763190795,-3.4297480168795025e-05,0.0008810702433441235,0.0004933749345167433,,,,,36.5,26.0
4.423605901475368,0.001242914882901474,0.0007287665239833404,-0.0014520128018579049,,,,,36.5,26.0
4.426106526631658,3.4416250400236025e-05,0.00023927870160944244,0.0006200375644579299,,,,,36.5,26.0
4.428607151787947,0.0012006914592825756,-0.0003354101855764039,8.366003666283692e-05,,,,,36.5,26.0
4.431107776944236,0.0007596648512589665,0.0002468401611096245,-0.0014336240090284268,,,,,36.5,26.0
4.433608402100525,-0.0005599441911212547,4.181915818918804e-05,0.00013488613663219297,,,,,36.5,26.0
4.436109027256814,0.000718131582891314,-0.0001577654595283562,-0.0013089035300838977,,,,,36.5,26.0
4.438609652413104,-0.0002161078433950153,-0.0008094587191142347,-0.0006553123202102831,,,,,36.5,26.0
4.4411102775693925,0.0006273103965710959,-0.00029770930667849163,-0.0006250983459916153,,,,,36.5,26.0
4.443610902725681,0.0005100726090006116,-0.0011798525917721472,0.0006193566454869462,,,,,36.5,26.0
4.44611152788197,-0.0009034924805781375,0.0015509168088136713,-4.849388970189285e-05,,,,,36.5,26.0
4.448612153038259,-0.00012100120898179891,-0.00011945884878142552,-0.0007994111486467356,,,,,36.5,26.0
4.451112778194548,-0.0019094839067714787,-8.618275515336007e-05,9.393746884977039e-05,,,,,36.5,26.0
4.453613403350838,-0.00017964050974031507,-0.00039876879937429476,-1.4430983844973637e-05,,,,,36.5,26.0
4.456114028507127,-0.0002801696400814937,-0.00019076031932493192,0.0017948529393291297,,,,,36.5,26.0
4.458614653663416,-0.0006112418340030187,0.001582694157952609,0.00046925044404990887,,,,,36.5,26.0
4.461115278819705,0.0017350898117103636,-0.0006463486243372004,0.00048276878809106746,,,,,36.5,26.0
4.4636159039759935,-3.610660782315674e-05,-0.000529783399162382,-0.00032060854235775214,,,,,36.5,26.0
4.466116529132283,-0.0005536337564947108,-0.000750668554876036,0.0006552104256183947,,,,,36.5,26.0
4.468617154288572,-0.0020142948211930114,-0.001181767563802791,-0.0010282048720082803,,,,,36.5,26.0
4.471117779444861,0.000520251985242139,-0.0001107779313996683,0.0004724253102288703,,,,,36.5,26.0
4.47361840460115,-0.0015804575407663555,-0.0016007317775293686,-0.0018226486361319718,,,,,36.5,26.0
4.476119029757439,0.0012341313306781737,-0.0006739254707582187,-0.0012445713984225463,,,,,36.5,26.0
4.478619654913729,-0.0015305553592646361,-0.00039737552458191246,0.0005689864408434777,,,,,36.5,26.0
4.481120280070018,0.0005658983671460166,0.0011015495325461067,-0.001320261555527924,,,,,36.5,26.0
4.4836209052263065,0.00027724826985850193,-0.00021921827581541692,-0.00040245717966957815,,,,,36.5,26.0
4.486121530382595,-0.0007301938690841387,0.0011296260357875614,0.00011730276772766705,,,,,36.5,26.0
4.488622155538884,0.0004741859544092168,0.0009550895580923185,0.0006675062461233138,,,,,36.5,26.0
4.491122780695174,0.0006156285112541132,-0.0005210596346909075,0.0008772609559877572,,,,,36.5,26.0
4.493623405851463,0.00032043000767937707,-0.001069365814438913,-0.0008685979416663711,,,,,36.5,26.0
4.496124031007752,0.0012043881964753915,-0.0006275345705534366,-0.002469163973928126,,,,,36.5,26.0
4.498624656164041,0.0013771260372992783,0.0002218537786451528,0.0010770270196892324,,,,,36.5,26.0
4.50112528132033,-0.0010272511607247142,0.0008490107612903107,1.7535887412601343e-05,,,,,36.5,26.0
4.503625906476619,0.0012847477918761982,-0.0003486657256007647,-0.0009837943282005287,,,,,36.5,26.0
4.506126531632908,0.0009848766411555026,-0.00031906773999534465,-0.002859086866935499,,,,,36.5,26.0
4.508627156789197,0.0008587747102820522,0.00018464013869097542,5.6925803649595996e-05,,,,,36.5,26.0
4.511127781945486,0.0004835033035955957,-0.0006059142436245605,-0.0015265894971949428,,,,,36.5,26.0
4.513628407101775,0.00020344454634064061,0.0003159304659626455,0.0002536552560525495,,,,,36.5,26.0
4.516129032258064,-0.0003506019122541559,0.0014410621424981417,0.0005035517049221115,,,,,36.5,26.0
4.518629657414354,-0.00043807555611883806,-0.0010768977570359524,0.0005316477876247259,,,,,36.5,26.0
4.521130282570643,-0.0003539356178252434,-0.0003943553480155055,-0.000753359494364823,,,,,36.5,26.0
4.523630907726932,0.00034794822865335314,-0.0001588404593921722,0.001215214467340615,,,,,36.5,26.0
4.526131532883221,0.0017668923737467852,-0.0022277408465193986,0.0005810652163420762,,,,,36.5,26.0
4.5286321580395095,0.0010325654831020157,-0.0005330583011444653,0.0002498389305404498,,,,,36.5,26.0
4.531132783195799,0.001490162494585099,-0.0003430444908687372,0.0008135991734774422,,,,,36.5,26.0
4.533633408352088,-0.0017125526991996925,0.001188014788213958,-0.0005385842064086221,,,,,36.5,26.0
4.536134033508377,0.0009930441018282806,-0.00027586690098508736,-0.0005215863833617583,,,,,36.5,26.0
4.538634658664666,-0.0006552950893753065,-9.397040150462288e-05,-0.0011403702343095788,,,,,36.5,26.0
4.541135283820955,-2.9986099759428647e-05,-0.00011604601154030133,3.8010368850117384e-05,,,,,36.5,26.0
4.543635908977244,0.00022975347622899127,-0.0009202418363197173,0.0006093449324824881,,,,,36.5,26.0
4.546136534133534,-0.0007358548533716222,-6.586895453587303e-05,-0.00010246475431258025,,,,,36.5,26.0
4.5486371592898225,-0.00015401624972937505,0.0008514302904733292,-0.0009026803130286549,,,,,36.5,26.0
4.551137784446111,0.0010120861518910433,-0.0007329815161367974,0.0003906598536859467,,,,,36.5,26.0
4.5536384096024,2.6213743990168665e-05,0.00028748159625197566,-0.0009233643990791416,,,,,36.5,26.0
4.556139034758689,-0.0015300214281036752,-6.929533202818918e-05,-0.0024701224838249826,,,,,36.5,26.0
4.558639659914979,-0.0004518017547540723,0.00038561974645215564,-0.0007296355966888632,,,,,36.5,26.0
4.561140285071268,-0.001781418710799062,0.0009235651862808324,0.00014646013946872447,,,,,36.5,26.0
4.563640910227557,0.0007483585402179427,-0.00023580699893831363,0.001268150326800037,,,,,36.5,26.0
4.566141535383846,0.001792040774323072,0.0019460089295041864,-0.0010251843758261555,,,,,36.5,26.0
4.568642160540135,0.0010171237301031348,0.00011980976078182349,-0.0008367507187336978,,,,,36.5,26.0
4.571142785696424,-0.001692198685865142,-0.0014468438308150697,-0.0003175781084909168,,,,,36.5,26.0
4.573643410852713,0.0004717180227439436,-0.000536049886109406,0.00078993527468905,,,,,36.5,26.0
4.576144036009002,-0.0009781663779392749,3.7506550856902366e-05,0.0004956446999172204,,,,,36.5,26.0
4.578644661165291,-0.0017164407840959217,-0.001969180251924899,-0.0001099320158837281,,,,,36.5,26.0
4.58114528632158,3.381790135986975e-05,-0.0003844344844687109,-0.0007980148668749637,,,,,36.5,26.0
4.583645911477869,-1.1701154539413354e-05,0.0007294375223916134,-0.0008326038503498225,,,,,36.5,26.0
4.586146536634159,9.741021040238827e-05,0.0004092737265806391,0.0002825846741472958,,,,,36.5,26.0
4.588647161790448,-0.00029633624392864705,-0.0008830034513572399,0.0005388945242170677,,,,,36.5,26.0
4.5911477869467365,-0.0018213255406614726,0.0003540584651772855,-0.00039591889255056486,,,,,36.5,26.0
4.593648412103025,0.0009070137886068476,0.0001312005529166236,0.0007306094692242322,,,,,36.5,26.0
4.596149037259314,-0.0001906882628660545,0.0002307037746563215,-0.0005472973657064137,,,,,36.5,26.0
4.598649662415604,0.00022881140833353394,-0.0003714097634604981,-1.2969228885088241e-05,,,,,36.5,26.0
4.601150287571893,-0.0006770356988871698,0.00028465050374118706,0.0012316134859894324,,,,,36.5,26.0
4.603650912728182,-0.0006588757946028349,0.0004890089531823209,0.00014138547948345067,,,,,36.5,26.0
4.606151537884471,-0.00030438551064391675,0.0001543887179315289,-0.0007073735515500428,,,,,36.5,26.0
4.60865216304076,-0.001965218700340153,-0.001201933014985884,-5.034387660357661e-05,,,,,36.5,26.0
4.6111527881970495,-0.0011578442924329837,0.002842782796786995,0.0005190284341145223,,,,,36.5,26.0
4.6136534133533385,0.0017640140169203902,-0.0016504057487709924,0.00011584377361618199,,,,,36.5,26.0
4.616154038509627,0.0008743165954525068,-0.0003460982924186068,0.00044640218833643937,,,,,36.5,26.0
4.618654663665916,-0.0012286917568002107,-0.0012009058915457393,-0.0006307691844446,,,,,36.5,26.0
4.621155288822205,-0.00025519976193652213,-0.00017301424312356905,-0.0018468908167069019,,,,,36.5,26.0
4.623655913978494,-0.0005966371712301938,-2.8683205535292314e-05,0.0018483267749950828,,,,,36.5,26.0
4.626156539134784,-0.0014436681656435216,-0.0004920900284118947,-0.00030234057911186736,,,,,36.5,26.0
4.628657164291073,-0.0011697848346567089,-3.1452223795630172e-06,0.0011160120004985315,,,,,36.5,26.0
4.631157789447362,-0.0006057888730193925,-0.00041221530976424833,-5.635790613708802e-06,,,,,36.5,26.0
4.633658414603651,-0.0013440808357814134,-0.000845596652846934,-0.0016394452792955554,,,,,36.5,26.0
4.6361590397599395,-0.0005580964832745426,0.001370039267583809,0.0006417137076385256,,,,,36.5,26.0
4.638659664916229,0.0025876095403048424,0.00017298636039964494,-0.00019230712184452217,,,,,36.5,26.0
4.641160290072518,0.0006544670929948299,-0.00011535352668453522,0.0003743399202933083,,,,,36.5,26.0
4.643660915228807,-0.0010737535137868579,-0.0010372369660877133,2.6615382580651118e-05,,,,,36.5,26.0
4.646161540385096,-0.0007313739096804352,-0.0002834512963237164,0.001165230039743364,,,,,36.5,26.0
4.648662165541385,0.0017893026769602999,-0.0009689441867946412,-0.0014263957672769943,,,,,36.5,26.0
4.651162790697675,0.0003514851118941064,-0.0006324624047408363,0.001788383814393413,,,,,36.5,26.0
4.653663415853964,0.0007701234336383137,-0.0007883495233957077,-0.0006043659403397114,,,,,36.5,26.0
4.6561640410102525,0.0009912890513216301,0.0012729145372157012,-0.0013424111391078506,,,,,36.5,26.0
4.658664666166541,0.0016673969509980327,-0.0002556678330326285,-0.0003394989541127252,,,,,36.5,26.0
4.66116529132283,-0.0027644546830189035,-0.0023933887563009682,-0.0008357619576157136,,,,,36.5,26.0
4.66366591647912,0.0015540661199091956,0.0009863521177659023,-0.00023799060588070684,,,,,36.5,26.0
4.666166541635409,0.0002616410257272555,-0.0023557641713862383,-0.00047309026911128454,,,,,36.5,26.0
4.668667166791698,5.6469288870071795e-05,0.0007228664779378398,-0.0003497408531260771,,,,,36.5,26.0
4.671167791947987,-0.0011912247648180215,0.0013506694831866678,0.00025833935356532655,,,,,36.5,26.0
4.673668417104276,-0.0018797201833963186,0.00047173785412346305,-0.0010037163591540353,,,,,36.5,26.0
4.676169042260565,5.270602274650976e-05,-0.0005560728457798267,0.0002487990072205356,,,,,36.5,26.0
4.678669667416854,-0.0012979608052152878,-3.571515842049969e-05,0.00012247533732555985,,,,,36.5,26.0
4.681170292573143,-0.0010285483260399444,-0.0005549835712806382,0.0003731123766449385,,,,,36.5,26.0
4.683670917729432,0.00044074070316057855,-0.0007171649516862722,8.555384783063518e-05,,,,,36.5,26.0
4.686171542885721,0.0017843849392783105,-0.0003887148566866737,0.0013990915759367695,,,,,36.5,26.0
4.68867216804201,0.00018331376446131928,-0.00012283960959188288,0.001164797868788972,,,,,36.5,26.0
4.6911727931983,0.0005310125396591211,0.0014442348869747952,1.6789909924337905e-05,,,,,36.5,26.0
4.693673418354589,0.0011848414232554247,-0.0008338501810967776,-0.0006181177700597684,,,,,36.5,26.0
4.696174043510878,0.001044344456649601,0.0003916260863376796,0.000124817314125121,,,,,36.5,26.0
4.6986746686671665,0.00015608232641561807,0.0011290362908373125,0.001247147026902241,,,,,36.5,26.0
4.7011752938234554,-0.0002377627324726361,-0.00078870613794662,0.0001127543129415311,,,,,36.5,26.0
4.703675918979745,0.0017401783244197677,-0.00030953690193064883,-0.0005772711681725902,,,,,36.5,26.0
4.706176544136034,0.0007034485275389069,0.0005974056861465512,-0.0018917850617924646,,,,,36.5,26.0
4.708677169292323,0.0003397488321348672,7.606947789800557e-05,6.93343137513394e-05,,,,,36.5,26.0
4.711177794448612,0.0004421464341495983,0.0015176984444895123,-0.0012172663785241663,,,,,36.5,26.0
4.713678419604901,0.00026305959646516833,9.707362275758595e-05,-5.043188804836551e-05,,,,,36.5,26.0
4.71617904476119,-5.355940553516609e-05,-0.0016075344830269185,-6.042221336404784e-05,,,,,36.5,26.0
4.71867966991748,-0.0007450171405661716,-0.0006278898453184087,0.0010246383787001088,,,,,36.5,26.0
4.7211802950737685,-0.00014751963005458975,-0.0005755473720060982,-0.000278310657009167,,,,,36.5,26.0
4.723680920230057,-0.0016600224718931742,-0.0015661272664919345,0.0009402231919098061,,,,,36.5,26.0
4.726181545386346,-0.0011464855555693044,-0.00042059346980612573,0.0009187745378451793,,,,,36.5,26.0
4.728682170542635,-0.0009154600290476969,-0.0006472134316586181,-0.00028322320718185114,,,,,36.5,26.0
4.731182795698925,0.0006981502160383192,0.00039178199677986807,0.0002859156203352643,,,,,36.5,26.0
4.733683420855214,-3.976367191968758e-05,-0.00046379663563295885,0.00043908256975056865,,,,,36.5,26.0
4.736184046011503,-0.0017607264942181898,-0.00042164419672469723,7.074646267637992e-05,,,,,36.5,26.0
4.738684671167792,-0.00032872567979494173,0.0002449881061791735,-9.368278804307664e-05,,,,,36.5,26.0
4.741185296324081,0.0009314305605606966,-0.0007576864403888927,-0.0005551066876139987,,,,,36.5,26.0
4.74368592148037,-0.00013074742496721,-0.000436112033192865,-0.000932666804143165,,,,,36.5,26.0
4.746186546636659,0.0001302660319062943,0.00019705148435990218,0.0012519344383707075,,,,,36.5,26.0
4.748687171792948,-0.001100662373187076,-0.0006590788588585214,0.0006887915009139319,,,,,36.5,26.0
4.751187796949237,-0.00109788610418762,-0.00028179077080446146,-0.001659768643241935,,,,,36.5,26.0
4.753688422105526,-0.0002168411913700527,0.0005696737187735809,0.0002536107333401037,,,,,36.5,26.0
4.756189047261815,-0.0004299214204727321,0.0009674425213284782,0.0002932330708286868,,,,,36.5,26.0
4.758689672418105,0.0009318184975964557,0.0005639546220492554,2.3810041184367952e-05,,,,,36.5,26.0
4.761190297574394,-0.00042000798005446685,0.0004042812770812284,-0.000746402153497259,,,,,36.5,26.0
4.7636909227306825,-0.0026888147759021198,-0.0018349557180871977,-0.0008156310029169542,,,,,36.5,26.0
4.766191547886971,-0.0004693337671900335,-0.002816719210385266,-0.0005379041205432432,,,,,36.5,26.0
4.76869217304326,-5.217558839786655e-05,-0.0010589294854292824,7.119124911518316e-05,,,,,36.5,26.0
4.77119279819955,-0.0011640090111955214,0.0010236228602991731,0.00014911871946393917,,,,,36.5,26.0
4.773693423355839,-0.002022907286395328,-0.0009360394931878785,-6.052320291894222e-05,,,,,36.5,26.0
4.776194048512128,-0.0015756645397356933,0.0018332311340881827,0.0003572573653944093,,,,,36.5,26.0
4.778694673668417,0.0018888503007878832,0.0010071055647783438,0.0023644200041747876,,,,,36.5,26.0
4.781195298824706,0.0009394321193462531,-0.0013658960942980567,0.0014058043988637162,,,,,36.5,26.0
4.7836959239809955,-0.0004927326987364391,-0.0005999393413006533,0.0007200192827377889,,,,,36.5,26.0
4.786196549137284,0.0008656958772698483,0.0013460455207428312,0.0004434350457973544,,,,,36.5,26.0
4.788697174293573,0.0006190277851619811,-0.0002513513110240117,-2.371244588677556e-05,,,,,36.5,26.0
4.791197799449862,-0.001827837785459735,0.0019159008951994067,-0.0011669911389382112,,,,,36.5,26.0
4.793698424606151,0.0010419917444556399,-0.0014033279558848008,0.000533974348851701,,,,,36.5,26.0
4.79619904976244,0.00011384874965306129,-0.0011278526672578713,-0.0008251655508973338,,,,,36.5,26.0
4.79869967491873,0.0007073107188937365,0.0002913236042274238,-0.0003991283847167789,,,,,36.5,26.0
4.801200300075019,-0.0004468847806549377,-0.0008249718937636957,-1.5440298232024635e-05,,,,,36.5,26.0
4.803700925231308,0.0008499990629794402,0.00013771794816604414,0.00020660378273014437,,,,,36.5,26.0
4.8062015503875966,-0.0014254307925839122,-0.0011411664433601516,-0.0018170125973536871,,,,,36.5,26.0
4.8087021755438855,0.0003063327849987961,-0.0001626394071331789,-0.0009260375069631198,,,,,36.5,26.0
4.811202800700175,-0.0009404324214391534,0.0017895903278437866,0.0005740129562202161,,,,,36.5,26.0
4.813703425856464,0.0003500765931001363,0.000913153830924027,-0.0003466623928805459,,,,,36.5,26.0
4.816204051012753,0.00032756726396907524,-0.00041043339810042603,0.0007474457895410796,,,,,36.5,26.0
4.818704676169042,-0.000907346849139797,-0.0007652314261500364,0.0012431663579141536,,,,,36.5,26.0
4.821205301325331,0.0005256582643224442,-0.002018474850120426,1.625485754410689e-05,,,,,36.5,26.0
4.823705926481621,-0.0009222753250290663,0.0016742505878329002,0.00177563571422742,,,,,36.5,26.0
4.82620655163791,-0.00035958947118401195,-0.00035676841626590264,0.0002642009381242611,,,,,36.5,26.0
4.8287071767941985,-0.001259102285835385,0.0006716260571665152,-0.0006710458813421837,,,,,36.5,26.0
4.831207801950487,0.000158471172575411,0.0009542947583275794,-0.0014077094273935197,,,,,36.5,26.0
4.833708427106776,-0.00041955287240031704,0.0007200219649433056,-0.0005173483577804999,,,,,36.5,26.0
4.836209052263066,0.0009902108827727814,-0.0011057559676753606,-0.0018669582107343522,,,,,36.5,26.0
4.838709677419355,0.0010816346070456168,-0.0007621681151226059,0.00012393978951002517,,,,,36.5,26.0
4.841210302575644,-0.00014931275080563148,-0.0011068088754468473,-0.0019737708287546076,,,,,36.5,26.0
4.843710927731933,0.0013329365578837078,-0.0002148152951733283,0.0008491435921010824,,,,,36.5,26.0
4.846211552888222,-0.0005797946322280396,-0.0007486543811866095,0.001008136373940821,,,,,36.5,26.0
4.848712178044511,0.0005708008547496585,0.00048790732584221474,0.001161371594187111,,,,,36.5,26.0
4.8512128032008,0.0015872110165437215,0.000692911132204915,-0.0014840082680831568,,,,,36.5,26.0
4.853713428357089,-0.00046835201789020565,-9.048662795921639e-05,0.0011447977197404833,,,,,36.5,26.0
4.856214053513378,0.0006467433619652649,-0.0010329688837588363,0.0003237663989477509,,,,,36.5,26.0
4.858714678669667,0.000763174352754624,0.0006358011955108117,-0.0006680031265038276,,,,,36.5,26.0
4.861215303825956,-2.7373846850353867e-05,-0.0014102311236963768,0.00027498393829475853,,,,,36.5,26.0
4.863715928982246,0.0011467106886824576,-0.0015619229804242872,-0.00014376966465032417,,,,,36.5,26.0
4.866216554138535,0.00017136514882271585,0.0002615771538631575,0.00013575205726984636,,,,,36.5,26.0
4.868717179294824,-9.112144895945266e-05,-0.00033943875546777364,0.00013570029885291723,,,,,36.5,26.0
4.8712178044511125,0.0001985814892954204,0.001961568481945681,0.0018059471996105401,,,,,36.5,26.0
4.873718429607401,0.0015411909422360039,0.0013963030279942387,0.001929263859920032,,,,,36.5,26.0
4.876219054763691,0.0004459498336771957,-0.00043038134588901895,-0.0006825704684547949,,,,,36.5,26.0
4.87871967991998,6.468102572249767e-06,-0.00040601247521300873,-0.0002510933606411999,,,,,36.5,26.0
4.881220305076269,-0.0006111433371053329,0.0008179299414532368,0.0009078399536347391,,,,,36.5,26.0
4.883720930232558,-5.730372426402409e-05,8.996286322519329e-05,-0.00013778731427645274,,,,,36.5,26.0
4.886221555388847,-0.000414793783175504,0.0007427515255320239,0.0010321739500035907,,,,,36.5,26.0
4.888722180545136,-0.000237806268864262,-0.000736033472691296,-0.0006248506097400519,,,,,36.5,26.0
4.8912228057014255,-0.00024718857488006154,0.001366885707719521,0.00035788116710551123,,,,,36.5,26.0
4.893723430857714,-0.00020558529677424924,0.001457717676804711,0.0007137754263718574,,,,,36.5,26.0
4.896224056014003,-0.00046873983936034205,0.00028943447223562895,-0.00046334194362663113,,,,,36.5,26.0
4.898724681170292,-0.0005141571422816489,0.00098913212657443,6.679739502055457e-05,,,,,36.5,26.0
4.901225306326581,0.0006567323545156471,-0.00246228241410547,0.0003069713020900186,,,,,36.5,26.0
4.903725931482871,0.0010246924344585108,-0.0010193775963340409,0.00021070547972597736,,,,,36.5,26.0
4.90622655663916,0.0016191270462021805,-0.0004316618575267062,-0.0009116691867461192,,,,,36.5,26.0
4.908727181795449,0.002015826300462839,-0.0007513966487520121,-0.00030840935826531384,,,,,36.5,26.0
4.911227806951738,0.0005290421764497321,-0.000354283747763574,-0.0018151319597664033,,,,,36.5,26.0
4.913728432108027,8.516483340841678e-05,0.00032112041643531206,-0.00012289228584147084,,,,,36.5,26.0
4.916229057264316,-0.0015220413315324792,-0.00012446138041359475,0.0013239393989195162,,,,,36.5,26.0
4.918729682420605,0.0010755200070131248,-0.0007357936220466309,-0.0009426184634191021,,,,,36.5,26.0
4.921230307576894,-0.0010525678274261575,0.0008809273608359732,0.0016334365938966478,,,,,36.5,26.0
4.923730932733183,-0.001183043392389587,-0.0003650570972905759,-0.0007820964318418039,,,,,36.5,26.0
4.926231557889472,-0.0005116089681708758,-4.9385254164893487e-05,-0.0021626079230127535,,,,,36.5,26.0
4.928732183045761,-0.0020592907001486618,-0.0011043941593268862,0.0006400035093804315,,,,,36.5,26.0
4.931232808202051,-0.0015933554889078511,-7.657642732234342e-05,0.00010252689144864322,,,,,36.5,26.0
4.93373343335834,0.0003621223015215361,-0.0005108516282910317,-0.0011516254939299701,,,,,36.5,26.0
4.9362340585146285,-0.0013732267007621813,0.0008181081615400687,0.0004607882149688237,,,,,36.5,26.0
4.938734683670917,0.0008454365077507444,-0.0018521618123837462,-0.0009302057123734791,,,,,36.5,26.0
4.941235308827206,0.0010506269632708167,-7.442408549432809e-05,0.0008158843523273905,,,,,36.5,26.0
4.943735933983496,0.0006035288146745119,-0.00039761622039053617,0.0015698744127346422,,,,,36.5,26.0
4.946236559139785,-0.000621267556354484,0.002932779496669125,0.002570701915965578,,,,,36.5,26.0
4.948737184296074,-0.0018504456663086658,-0.00043522180422999316,0.00015034772857125422,,,,,36.5,26.0
4.951237809452363,-0.00033697195293558454,-0.00041300596170330746,0.00022001979923565976,,,,,36.5,26.0
4.953738434608652,-0.000797010425569176,-0.0004128595366185449,0.00028750647907596595,,,,,36.5,26.0
4.9562390597649415,-0.0005832100546936547,-0.0007307090287983485,0.0008526230799930627,,,,,36.5,26.0
4.95873968492123,-0.00015487727629180876,-7.539505730736239e-05,-0.0005797905000197033,,,,,36.5,26.0
4.961240310077519,-0.0003219863450773753,-0.0004347653506076643,-0.00020268848206784506,,,,,36.5,26.0
4.963740935233808,0.0009199794329884699,-9.008515460625608e-05,0.000646472696124262,,,,,36.5,26.0
4.966241560390097,0.0014190132178985965,0.0004272762529697346,0.0002815459863695013,,,,,36.5,26.0
4.968742185546387,-0.001407210888707878,0.002022781066946957,-5.6159497703592426e-06,,,,,36.5,26.0
4.971242810702676,0.0009160530174268231,-0.0022403281730007853,-0.0004547900452767221,,,,,36.5,26.0
4.973743435858965,-0.0009484932537671398,6.654163707934658e-05,0.0009809752308676096,,,,,36.5,26.0
4.976244061015254,0.00029405088064687543,-0.000194540386142885,0.0014101751988960568,,,,,36.5,26.0
4.9787446861715425,-0.0006703087619857676,-0.0005711754090575363,0.00011196166371036277,,,,,36.5,26.0
4.981245311327831,-0.00028869832401115145,-0.00024174864405557638,0.0005409642260552835,,,,,36.5,26.0
4.983745936484121,0.001928623770527796,0.00016287517527045062,-0.0008498951556005544,,,,,36.5,26.0
4.98624656164041,-0.0022008855847101337,0.0005040557017492312,-0.0004825495482979739,,,,,36.5,26.0
4.988747186796699,-0.000300660200751657,0.00022943650988114543,-0.0013036468077082253,,,,,36.5,26.0
4.991247811952988,-0.0007283883058890818,0.00023619320173371246,-0.0005820679120421052,,,,,36.5,26.0
4.993748437109277,0.0011390360942099467,-0.0005821446960464403,0.0003890491252230707,,,,,36.5,26.0
4.996249062265567,0.0012595714877230804,0.00048824905196500804,0.00032726612853461556,,,,,36.5,26.0
4.9987496874218555,0.00015111047538767831,0.0012903091794144066,-0.0007056095904780107,,,,,36.5,26.0
5.0012503125781445,0.001961549730120022,0.0017562349687974767,0.0007538629435283165,,,,,36.5,26.0
5.003750937734433,-0.0009636052970578654,0.00025195388430801307,9.374556769233986e-05,,,,,36.5,26.0
5.006251562890722,-5.981551485828484e-05,0.0013506345122956268,0.0007363355357615414,,,,,36.5,26.0
5.008752188047012,-0.0015637928886211199,-0.0002863066271761905,-0.000386770738329225,,,,,36.5,26.0
5.011252813203301,-0.0005541053683151334,0.0008890841170089303,-0.0010014255576907363,,,,,36.5,26.0
5.01375343835959,-0.002424104517005148,0.0002278541917584975,-0.0015827681792780822,,,,,36.5,26.0
5.016254063515879,-0.0011698000980377664,0.0007656670110503681,-0.0013663313125913984,,,,,36.5,26.0
5.018754688672168,0.0013937240262762586,0.00011757136243581616,-0.000969667740027456,,,,,36.5,26.0
5.021255313828457,-0.0004509191997744938,0.0006302186159349173,0.0006967330248497072,,,,,36.5,26.0
5.023755938984746,0.0016484563157014415,-0.0009557828102550219,-0.00023339064952044235,,,,,36.5,26.0
5.026256564141035,-0.0006425023155345855,0.0006528917460010189,0.000439823097183946,,,,,36.5,26.0
5.028757189297324,-0.0016326239529349175,-0.0014818803300366663,-0.0004949757815165665,,,,,36.5,26.0
5.031257814453613,-0.00024651597601881974,-0.0011771291454489878,0.0005885057202559132,,,,,36.5,26.0
5.033758439609902,0.00028818908271099674,-0.001256829495984495,9.19854645231929e-05,,,,,36.5,26.0
5.036259064766192,-0.00011171511841106253,2.1945263838454743e-05,0.0008698249086603627,,,,,36.5,26.0
5.038759689922481,-0.0007521532401036041,-0.00019600440918432588,0.0007814697841708417,,,,,36.5,26.0
5.04126031507877,-0.00033204700955805967,-0.00012182695077798389,0.00041284363094074353,,,,,36.5,26.0
5.0437609402350585,0.0011164282284591787,-0.0008385888190770691,0.0010655946351115437,,,,,36.5,26.0
5.046261565391347,0.0004975779105780905,-0.0005036487979401082,-0.0014797734575076043,,,,,36.5,26.0
5.048762190547637,0.0002842490904996314,0.0009125892891575955,0.002208238001304104,,,,,36.5,26.0
5.051262815703926,0.0004689036949002397,-6.942292347499564e-05,-0.0016935416033731089,,,,,36.5,26.0
5.053763440860215,0.00113939000344097,-0.0015557050503618383,-0.0006097658297789739,,,,,36.5,26.0
5.056264066016504,0.0004328564950681792,-4.997829684008765e-05,0.0009363000339581126,,,,,36.5,26.0
5.058764691172793,0.001451316063933304,-0.00034637665434778035,-0.0002632699349708159,,,,,36.5,26.0
5.061265316329082,-0.0017679025575042119,-0.0007234197524328531,0.0010102946453480375,,,,,36.5,26.0
5.0637659414853715,0.00011186626063194379,0.000598260880372244,0.0005500900387387591,,,,,36.5,26.0
5.06626656664166,-0.001218792626477242,-8.956550795141086e-05,-0.0003154967567960796,,,,,36.5,26.0
5.068767191797949,0.0020084203324078793,0.00018887483811409392,0.0008894294081183753,,,,,36.5,26.0
5.071267816954238,-0.0017587658440777925,0.0004476957733816816,0.00044011639621659637,,,,,36.5,26.0
5.073768442110527,0.00024154309727623252,-0.0019755857660298717,-0.0007616249049486348,,,,,36.5,26.0
5.076269067266817,-0.00037708102248644226,0.0009614563602784388,0.0007972329398142488,,,,,36.5,26.0
5.078769692423106,0.0009442585216821842,-0.0005687426776889469,-0.000296523211301843,,,,,36.5,26.0
5.081270317579395,0.0017187416275614904,0.001687234722479435,-0.0011467336066562342,,,,,36.5,26.0
5.083770942735684,-0.00023990673447436847,-0.00017498885478341953,-0.000561327120372273,,,,,36.5,26.0
5.0862715678919725,0.0002372443622746564,0.00025596894425701977,0.0014985980756398907,,,,,36.5,26.0
5.088772193048262,-0.0013319420376207223,0.0008360040646065698,-0.0008906249465225985,,,,,36.5,26.0
5.091272818204551,-0.0012786094963995063,0.00037985717948554507,-0.0012644309063919873,,,,,36.5,26.0
5.09377344336084,0.001005649926494806,-0.0012434443420047837,-0.0004017664748761268,,,,,36.5,26.0
5.096274068517129,0.0013560134934263507,0.0008629332703677477,0.0007990813578740035,,,,,36.5,26.0
5.098774693673418,-0.0008900420954021947,0.00020054906866174893,0.0022843762025135297,,,,,36.5,26.0
5.101275318829707,3.984839062038554e-05,0.0006001498328223102,-0.000862426323619472,,,,,36.5,26.0
5.103775943985997,0.000701714488534182,-0.0002659532691387074,0.0013741857178186949,,,,,36.5,26.0
5.106276569142286,0.001722472341302796,0.0005298191334500705,2.8731068945483586e-05,,,,,36.5,26.0
5.1087771942985745,3.0802119366111824e-05,-0.0015747609343612604,0.00041702958268037045,,,,,36.5,26.0
5.111277819454863,0.002332132425841793,-0.00012252475803865723,-0.0015622208131083602,,,,,36.5,26.0
5.113778444611152,-0.0011444776509049698,0.0010949453334463115,-0.000198469199004477,,,,,36.5,26.0
5.116279069767442,-0.00036636777413856286,-0.0005610380090302652,-0.00028662146936825794,,,,,36.5,26.0
5.118779694923731,2.500830931341515e-05,0.0010950318010492259,-0.00013527337790408,,,,,36.5,26.0
5.12128032008002,0.0006331118824009335,-0.0010876200123257809,-0.0009553517254392918,,,,,36.5,26.0
5.123780945236309,-0.0002340522226180773,0.0001366872442168567,0.00042905613449365653,,,,,36.5,26.0
5.126281570392598,0.0007785948974471685,-6.061853905738226e-06,0.0003089038938779351,,,,,36.5,26.0
5.1287821955488875,0.0007236934593822106,-0.0006900004326788069,-0.0011644114540209536,,,,,36.5,26.0
5.131282820705176,-0.0003244503020776545,0.001432617334526456,-0.002328420754742399,,,,,36.5,26.0
5.133783445861465,-0.000583934860680597,-0.0024293604410050825,-0.0014166843237784093,,,,,36.5,26.0
5.136284071017754,0.0007727997018479012,-0.00013421986196703324,3.5356853247504245e-05,,,,,36.5,26.0
5.138784696174043,-0.0005008981252381788,0.0014851767396341063,-0.002204371292769019,,,,,36.5,26.0
5.141285321330333,-0.0006659299432846752,-0.00124707165098976,-0.0015544461505082703,,,,,36.5,26.0
5.143785946486622,-1.3003793237800192e-05,-0.0011110807610246606,-0.0006223503652316386,,,,,36.5,26.0
5.146286571642911,1.7081754528279688e-05,0.00014040852552822162,-0.0023861637203865457,,,,,36.5,26.0
5.1487871967992,0.0013149033644665588,0.0001549296844546384,0.0009242215594293953,,,,,36.5,26.0
5.1512878219554885,-0.0008398742081690667,0.002066680514894309,0.003723595797074237,,,,,36.5,26.0
5.153788447111777,0.0010381075373672801,0.0009924837197883526,-0.0023996761019157015,,,,,36.5,26.0
5.156289072268067,0.00029416105694286094,-0.001490105130405492,-0.0006663862454383451,,,,,36.5,26.0
5.158789697424356,-0.00010186758874945738,0.0005946747565229743,0.001015908346092328,,,,,36.5,26.0
5.161290322580645,-0.00028791873172645944,0.0002967169181016971,-6.713157941655554e-06,,,,,36.5,26.0
5.163790947736934,-0.00014768828450590222,0.00016204263976299225,0.0006908851378972306,,,,,36.5,26.0
5.166291572893223,0.0010415669558048676,-0.0010172174732405233,-0.0013614195578751816,,,,,36.5,26.0
5.168792198049513,-0.0006474962444480007,0.0016281354376554038,-3.590263140615868e-05,,,,,36.5,26.0
5.1712928232058015,0.00018133146006923934,-0.0009986370853494427,-0.0015034978114873226,,,,,36.5,26.0
5.17379344836209,0.0013233103679990254,-0.0029203802757437353,0.00029744351259012556,,,,,36.5,26.0
5.176294073518379,-0.00013900825772195793,-0.00022383180488845888,0.001429991824596643,,,,,36.5,26.0
5.178794698674668,0.0017817662370328631,-0.0006002800817070136,-0.0003284715802846034,,,,,36.5,26.0
5.181295323830958,-0.002849627323691504,-0.0019337691420773567,0.0011520585105404195,,,,,36.5,26.0
5.183795948987247,-0.0006738550423660802,-0.0014560895273175263,-0.00018361603533646154,,,,,36.5,26.0
5.186296574143536,0.0005963213602360088,0.0013467608407064769,9.349009199247858e-06,,,,,36.5,26.0
5.188797199299825,0.00010123806272619865,0.0004418187394442219,4.288850396830909e-05,,,,,36.5,26.0
5.191297824456114,0.0013135575260730687,-0.0017562731217772853,-0.0006831074252476514,,,,,36.5,26.0
5.193798449612403,-0.0013303742967066836,0.0013651827654890954,0.0005944609371026295,,,,,36.5,26.0
5.196299074768692,-0.0010175670267026525,0.0007046093268686892,-0.000509005242348772,,,,,36.5,26.0
5.198799699924981,-0.0002482277982282398,5.4937990957518964e-05,-0.001253264987698629,,,,,36.5,26.0
5.20130032508127,-0.0005145221142658588,-0.00033578084464744144,-0.0005482200363726882,,,,,36.5,26.0
5.203800950237559,0.001515321244131753,-0.00027610639501516227,-0.00014185356051436973,,,,,36.5,26.0
5.206301575393848,-0.0005196772010049287,0.002066421031413747,0.00012193244703080908,,,,,36.5,26.0
5.208802200550138,7.63579493364828e-05,0.0018347299822847776,0.0003825889577906458,,,,,36.5,26.0
5.211302825706427,0.0010405084877444344,3.5886171250606105e-05,0.0008288178722564548,,,,,36.5,26.0
5.213803450862716,-0.0013148627724505714,0.0002079952680550964,0.00021738394276866267,,,,,36.5,26.0
5.2163040760190045,0.0002161401492460834,-0.00044590564460295074,-0.001100992678509312,,,,,36.5,26.0
5.218804701175293,-0.0005339046756442589,0.0006703599115636053,-0.0004312999518014417,,,,,36.5,26.0
5.221305326331583,-0.0003064137626976432,0.002102280762578587,0.0009772555419244031,,,,,36.5,26.0
5.223805951487872,-0.00015833157141804577,-0.0002759926057697522,0.0010702878707489901,,,,,36.5,26.0
5.226306576644161,0.0012622927319662213,-0.0013152902697963513,-0.0004938784794899115,,,,,36.5,26.0
5.22880720180045,-9.090820305446811e-05,0.0016413637910658607,0.0003091992259900202,,,,,36.5,26.0
5.231307826956739,0.0005364337392594697,-0.0004531513466265501,-0.0002653965831591924,,,,,36.5,26.0
5.233808452113028,0.0014074819372754462,0.00027778509804450086,-0.0004033130649232302,,,,,36.5,26.0
5.2363090772693175,-0.0010962331483016022,0.0006043708017136562,0.00042227902987097013,,,,,36.5,26.0
5.238809702425606,-0.0017002828192939998,0.0002118803432825027,-9.61611466696261e-05,,,,,36.5,26.0
5.241310327581895,0.0004622271423296002,0.0003357375045950629,-0.001536816006384738,,,,,36.5,26.0
5.243810952738184,0.0003277093021841108,-0.0012224560592302167,-0.00024267654152101907,,,,,36.5,26.0
5.246311577894473,-0.0008056179654616767,-0.0016169584288190238,-0.0012575407292165907,,,,,36.5,26.0
5.248812203050763,-0.00030686382643530256,0.0008565718501223692,0.0008461409678339944,,,,,36.5,26.0
5.251312828207052,-0.0011265489426452605,-7.428865620658925e-05,-0.00021891184073720538,,,,,36.5,26.0
5.253813453363341,-0.0005912423534151358,-0.00035354288592856926,-0.0015467964558357633,,,,,36.5,26.0
5.25631407851963,0.00022517571610988662,0.0006122461983154681,-4.16460909661521e-05,,,,,36.5,26.0
5.2588147036759185,-0.0009233371209506072,-0.002757342060420805,-0.0008938216227294332,,,,,36.5,26.0
5.261315328832208,-0.0013121936271597093,-0.0002161953647011777,-2.9632856717018975e-05,,,,,36.5,26.0
5.263815953988497,3.2491197358573214e-05,-0.00039823441471806964,0.0009081232519577591,,,,,36.5,26.0
5.266316579144786,-9.69525679872169e-05,0.0011958683625746523,-0.001977456025202896,,,,,36.5,26.0
5.268817204301075,-0.001027036606898584,-0.0005944287204273269,0.0006899394134837899,,,,,36.5,26.0
5.271317829457364,-0.0006113135999594676,1.7118979177960862e-05,0.0009346315398757059,,,,,36.5,26.0
5.273818454613653,-0.00035944053184935583,0.0001217967402498473,0.0015268219456115362,,,,,36.5,26.0
5.276319079769943,4.115802327881096e-05,-0.00012398334322104312,-0.0014781069092408047,,,,,36.5,26.0
5.2788197049262315,-0.0014191509652933681,0.0009240188209526882,0.0003677161670779329,,,,,36.5,26.0
5.28132033008252,0.0007419404868649769,0.0014030138849904649,2.203283523403409e-05,,,,,36.5,26.0
5.283820955238809,0.0019912315135869373,-0.0008461548833714632,0.0004359833866698192,,,,,36.5,26.0
5.286321580395098,4.437042465676074e-05,0.001304636220915872,0.0017397365805825599,,,,,36.5,26.0
5.288822205551388,0.0008132522062572386,0.0004111245163272531,-0.0004108687379478026,,,,,36.5,26.0
5.291322830707677,0.000688019039829247,0.0003905183818899002,0.0011291445159358749,,,,,36.5,26.0
5.293823455863966,0.0011288111855196211,0.001675943891958623,0.0006277610354064125,,,,,36.5,26.0
5.296324081020255,0.00017135945366020784,0.00011126104055719045,-0.00027443619030387224,,,,,36.5,26.0
5.298824706176544,0.0005602791849325873,0.0011041770022922278,-0.0009896225792250337,,,,,36.5,26.0
5.3013253313328335,-0.0011767395775091499,0.0013955213133929338,-0.0020070527167006546,,,,,36.5,26.0
5.303825956489122,-0.00035788136864809263,0.0003319239427019961,0.0015339406503274715,,,,,36.5,26.0
5.306326581645411,-0.00018045204050020754,-9.40166014142291e-05,-0.0007288828457676581,,,,,36.5,26.0
5.3088272068017,-0.0005998105391931056,-0.00010962659757170854,0.0011854014591165109,,,,,36.5,26.0
5.311327831957989,0.0002037051584922762,-0.0005207172322547164,0.0013494487246556626,,,,,36.5,26.0
5.313828457114279,0.0009198113158536072,-0.001892039231205489,0.00215446181595531,,,,,36.5,26.0
5.316329082270568,-0.0005063326606923035,-0.0013778687940401272,-0.00043263563324092926,,,,,36.5,26.0
5.318829707426857,-0.00048761195129400184,0.0007999561773877645,0.00024826201464085354,,,,,36.5,26.0
5.321330332583146,-0.0007874142733710785,-0.0015810686009828563,0.0012489898853935998,,,,,36.5,26.0
5.3238309577394345,-0.0006088211250419492,0.0007446767414530723,0.0008756193735037366,,,,,36.5,26.0
5.326331582895723,0.0012904272166061655,0.0005146842995433673,-0.00019049236301233927,,,,,36.5,26.0
5.328832208052013,0.000801831040154973,-0.00013777821364573353,7.293537437494888e-05,,,,,36.5,26.0
5.331332833208302,-0.00042387924362511926,-0.00124621510370158,-0.001716430044387808,,,,,36.5,26.0
5.333833458364591,0.001841314141120624,0.0007873773127161347,-4.00383971188011e-05,,,,,36.5,26.0
5.33633408352088,-0.0003345644353477804,0.0004247212335566564,-0.0012851341235256988,,,,,36.5,26.0
5.338834708677169,-6.758476846590557e-05,-0.001625511393425952,0.0006690973111652935,,,,,36.5,26.0
5.341335333833459,-0.0008151093540465874,-0.0001129950854668459,0.0010016070383165316,,,,,36.5,26.0
5.3438359589897475,-0.001263306476874771,-0.0005947028616301662,0.001081798840251293,,,,,36.5,26.0
5.346336584146036,0.0005107771300537921,-0.0026542752140579964,0.0008248985084226453,,,,,36.5,26.0
5.348837209302325,-0.00016948893732499665,0.0007655387014701189,-0.0015927469422360287,,,,,36.5,26.0
5.351337834458614,-2.969713927598126e-05,0.0006431880627023839,-0.00038819922113601704,,,,,36.5,26.0
5.353838459614904,-0.0013997689883967419,-0.0015569151076486856,-0.00028910419965774426,,,,,36.5,26.0
5.356339084771193,0.0005577958796210345,0.000730579352299289,0.00029559121801041397,,,,,36.5,26.0
5.358839709927482,0.0024122666782441246,0.001014834612784487,-0.0010363183642323657,,,,,36.5,26.0
5.361340335083771,-0.00010064315744189717,0.0010879953287332436,0.00060474837631199,,,,,36.5,26.0
5.36384096024006,0.0007869495165613889,-0.0013410953864386526,0.0002417320600275095,,,,,36.5,26.0
5.3663415853963485,-0.001029049113183638,0.0009765719190052398,0.0005557513831815458,,,,,36.5,26.0
5.368842210552638,0.00015097188592712,0.0015687797495484727,-0.0008571229019668681,,,,,36.5,26.0
5.371342835708927,-0.0011756843906807748,0.0013622083939131015,-0.00011359077263866019,,,,,36.5,26.0
5.373843460865216,0.0005399494264125051,-0.000996849752622485,-0.00011002891153519814,,,,,36.5,26.0
5.376344086021505,-0.000671699980466763,-9.773408541618951e-05,-0.0005919941279434597,,,,,36.5,26.0
5.378844711177794,-0.0010729457349222906,5.694392897604272e-05,-0.0019394038859772574,,,,,36.5,26.0
5.381345336334084,-0.00011762291685613324,0.0005098855715024236,0.0008236515526192943,,,,,36.5,26.0
5.383845961490373,0.0005982612473769062,-0.0010360083759031174,-0.0011973470442012003,,,,,36.5,26.0
5.3863465866466615,-0.0011821295839496396,-0.0004033929519618797,-0.001972207236762709,,,,,36.5,26.0
5.3888472118029505,0.0004758368577683569,-6.0922269886483845e-05,6.632619501049475e-05,,,,,36.5,26.0
5.391347836959239,-0.00026076027835686904,0.0004901684666551641,3.867082264730369e-05,,,,,36.5,26.0
5.393848462115529,6.173224206269256e-05,-0.0009466674956580247,-0.0004491510802282113,,,,,36.5,26.0
5.396349087271818,0.0009655112441337739,0.0008021662992989791,-0.0006948223304069069,,,,,36.5,26.0
5.398849712428107,-0.0009715239446985599,0.000529195412269644,-0.0024153209067639056,,,,,36.5,26.0
5.401350337584396,0.0005218327068149745,7.483228014735317e-05,-0.0003614309053405618,,,,,36.5,26.0
5.403850962740685,0.0006533390597177325,-0.001090129130305074,0.0007519695897378924,,,,,36.5,26.0
5.406351587896974,0.00037191497268189547,-4.5923702792056254e-06,0.0002208614354628783,,,,,36.5,26.0
5.4088522130532635,0.0017346673248809967,8.23345788339522e-05,-0.0013915737339293022,,,,,36.5,26.0
5.411352838209552,-0.00032155736279432576,-0.0021990719117651776,0.0013752760999082958,,,,,36.5,26.0
5.413853463365841,0.0003172600364034313,0.0002505301829754456,-0.0004155703612610768,,,,,36.5,26.0
5.41635408852213,0.0017890876881883537,0.0005945472617607636,0.0019036346776278715,,,,,36.5,26.0
5.418854713678419,-0.0006105155111642493,0.0004119365117908889,0.0009031435075587826,,,,,36.5,26.0
5.421355338834709,-0.00041383155825334717,-0.0009633374108662541,-0.0008887680240585932,,,,,36.5,26.0
5.423855963990998,-0.0011808050843275684,-0.000466803089485438,-0.0009502682536663625,,,,,36.5,26.0
5.426356589147287,-0.00018866559357445873,0.0003932629391764411,-0.0008485957763900184,,,,,36.5,26.0
5.428857214303576,0.001200750521685961,0.0003665163967138704,-0.0013096403222651884,,,,,36.5,26.0
5.4313578394598645,0.0005294170067719518,-0.0017200935806790923,0.00010323898793306714,,,,,36.5,26.0
5.433858464616154,0.0016238972088345861,0.0006518897274323422,-0.000762098755729633,,,,,36.5,26.0
5.436359089772443,-0.0014559263633474471,0.0009158768047213857,0.0016108202554042574,,,,,36.5,26.0
5.438859714928732,0.0013521871572651388,0.0016402263441351896,0.0015149963075085748,,,,,36.5,26.0
5.441360340085021,0.0009969680238156352,-0.0014053889937887404,-0.0006747102586054942,,,,,36.5,26.0
5.44386096524131,0.0009001548750863978,0.00033759212205871264,-0.0016219450051674121,,,,,36.5,26.0
5.4463615903976,-0.0009434111717110147,-3.996781521056734e-05,0.00048463484037703923,,,,,36.5,26.0
5.448862215553889,-0.0015373064336859932,0.001575354574033023,-0.0013189795086769982,,,,,36.5,26.0
5.4513628407101775,-0.0010564551358199124,0.00036512189310206397,-0.0013185146298088206,,,,,36.5,26.0
5.453863465866466,-0.000228808359804823,-0.0008524172511873787,0.00033579200146173304,,,,,36.5,26.0
5.456364091022755,-0.00022874977004115192,-3.4593506438407485e-05,0.0006598944981354763,,,,,36.5,26.0
5.458864716179044,-3.327507621235582e-05,-5.912748199945773e-05,0.0009336288432656196,,,,,36.5,26.0
5.461365341335334,-0.0004481893585437191,-0.0001874256581714541,-0.00031794020786679876,,,,,36.5,26.0
5.463865966491623,-0.0017356848769484964,-0.0003531341798002196,-9.92985031181676e-05,,,,,36.5,26.0
5.466366591647912,-0.00021947601919857927,-0.0009213065248588173,-0.0011050523475210354,,,,,36.5,26.0
5.468867216804201,0.0006839006406216109,0.00023122298644904962,-0.0007048734159711659,,,,,36.5,26.0
5.47136784196049,0.000962828187242433,0.0006071542141315692,-0.00010087230922529854,,,,,36.5,26.0
5.473868467116779,5.7888454823174896e-05,0.0010379871444820097,-0.0013417548533994803,,,,,36.5,26.0
5.476369092273068,-0.000885314416212335,0.0006651661449513471,0.000866010618531507,,,,,36.5,26.0
5.478869717429357,-4.5183994342445564e-05,0.00042251614137988583,-7.615898010011263e-05,,,,,36.5,26.0
5.481370342585646,0.0007211618515123521,-0.00041973372365425424,-0.001547754317889421,,,,,36.5,26.0
5.483870967741935,0.00036575793166094883,-0.0002786518683095787,-0.0003134167828627536,,,,,36.5,26.0
5.486371592898225,0.00023281066565917886,0.000943919131876342,-0.0004903441074876253,,,,,36.5,26.0
5.488872218054514,0.0013214951633576816,-0.0016338544399115676,-0.0007463091832529014,,,,,36.5,26.0
5.491372843210803,-0.001616923426807936,-0.0019149018860348836,-0.0006439498627670597,,,,,36.5,26.0
5.493873468367092,-0.0009556560052132707,-0.0004503386405845028,-0.000826118780054004,,,,,36.5,26.0
5.4963740935233805,0.000620669092994755,-3.105785591630787e-05,-0.0010571460898751357,,,,,36.5,26.0
5.498874718679669,1.41023002581817e-05,-0.0007083515161124519,-0.00019848841155288907,,,,,36.5,26.0
5.501375343835959,0.00022375459146017158,-3.264163673813058e-05,-0.0012418287867493403,,,,,36.5,26.0
5.503875968992248,0.0009957077082100418,-0.00033402730414752545,-0.0006599780589947705,,,,,36.5,26.0
5.506376594148537,-0.00040908488387325404,-6.652182948692794e-05,-0.0011302623751119681,,,,,36.5,26.0
5.508877219304826,0.0003130472676937347,-0.0007178339157010977,0.0010647809129519428,,,,,36.5,26.0
5.511377844461115,7.480361887598492e-05,0.0011429869887270413,-0.0009667024785469066,,,,,36.5,26.0
5.513878469617405,-0.0003905163375977115,-0.0012376346493857303,0.00017104481527898028,,,,,36.5,26.0
5.5163790947736935,0.0006526682012226084,0.0001832504184332803,4.902213608138818e-05,,,,,36.5,26.0
5.518879719929982,-0.00024114329554812743,-0.0012975703143819526,0.0010611124173936014,,,,,36.5,26.0
5.521380345086271,-0.0012658803763511087,-0.00020980906894589103,0.00013450775276302123,,,,,36.5,26.0
5.52388097024256,0.0003678110794779938,0.0001447248760679358,0.0013481712536300738,,,,,36.5,26.0
5.52638159539885,0.0006671970926974238,-0.00048459847141927117,-0.00012447875473477167,,,,,36.5,26.0
5.528882220555139,0.00039185226978035625,0.00010129981853182212,0.0007947202514141331,,,,,36.5,26.0
5.531382845711428,6.43986360895474e-05,-0.0015608636710438323,-0.0007522778516953673,,,,,36.5,26.0
5.533883470867717,0.0004804651691613795,0.00019774725372181316,0.00023640270254729113,,,,,36.5,26.0
5.536384096024006,-7.311385826044556e-05,-3.288954433505369e-05,0.001791716342881136,,,,,36.5,26.0
5.5388847211802945,-0.001002083575525324,-0.00045417126104260237,-0.0009591904078975051,,,,,36.5,26.0
5.541385346336584,-0.0005021480199453515,0.0002879548907841286,-0.00065571553871112,,,,,36.5,26.0
5.543885971492873,0.001723748583360932,0.0003715927152290988,-0.0008032747538600394,,,,,36.5,26.0
5.546386596649162,0.00016142723312457012,0.0008539033166367598,-0.0008961398181837492,,,,,36.5,26.0
5.548887221805451,0.0012864514687627856,0.0004427223539543807,-0.001125945203393672,,,,,36.5,26.0
5.55138784696174,0.001611663994341822,-0.00042887829865156604,-0.0008151984993647259,,,,,36.5,26.0
5.55388847211803,-0.0005320887339314451,-3.3076470533393146e-05,-0.0006304448263756364,,,,,36.5,26.0
5.556389097274319,0.002146966724813039,-0.0019594174474236565,-0.0014096048862097326,,,,,36.5,26.0
5.5588897224306075,-0.00101318918521835,0.0005517966532596073,0.0003909520480589383,,,,,36.5,26.0
5.561390347586896,-7.532124127030542e-05,0.0007327675430328838,0.0006693335742623399,,,,,36.5,26.0
5.563890972743185,0.00017040764941316658,0.001024360256809775,-0.00025804286114021664,,,,,36.5,26.0
5.566391597899475,-9.058917059394161e-05,-0.0012020914548989564,0.0005084964888418177,,,,,36.5,26.0
5.568892223055764,0.0022620235075305178,0.0005671257076019732,0.00036556497159076105,,,,,36.5,26.0
5.571392848212053,0.0016105026377221756,-0.0009398391583526615,0.0014486650132882314,,,,,36.5,26.0
5.573893473368342,0.00020752053176529653,0.0006993062199722871,-3.0261605215521413e-05,,,,,36.5,26.0
5.576394098524631,-0.0011557693312888963,0.001029976514295743,0.0006511389982064367,,,,,36.5,26.0
5.57889472368092,0.00066852563724743,-0.0010512479079218188,-0.0024696946586888597,,,,,36.5,26.0
5.5813953488372094,-0.00015630491140660217,-0.000734476306142449,-3.6680121119706605e-05,,,,,36.5,26.0
5.583895973993498,0.00013836944688212433,-8.23095642705604e-05,-0.00036437028033819426,,,,,36.5,26.0
5.586396599149787,0.0004190234742402253,-0.00016486089622100642,-0.0002926400557375568,,,,,36.5,26.0
5.588897224306076,-0.0007041241247299542,-0.0002611693710390125,0.0005783577635345489,,,,,36.5,26.0
5.591397849462365,0.0011901755623388703,0.0013412287234563704,0.0002678859366560185,,,,,36.5,26.0
5.593898474618655,0.00018434232574002557,0.0010195241790149543,-0.0012838369466403102,,,,,36.5,26.0
5.596399099774944,-0.0002760262394932471,-0.000379929499736551,-0.0009663900703931416,,,,,36.5,26.0
5.598899724931233,0.0012432859273260554,-0.00036037568136939896,3.2955703420883944e-05,,,,,36.5,26.0
5.601400350087522,0.00011390435746816558,-0.0008550427335225414,0.0012648572876720974,,,,,36.5,26.0
5.6039009752438105,0.0010811174521773211,5.3947413083845494e-05,0.0013004438250038164,,,,,36.5,26.0
5.6064016004001,0.00012959343247773147,0.00037010561876215807,0.00025162142714240044,,,,,36.5,26.0
5.608902225556389,-0.0002251616037175285,0.0007385883138712374,0.0013394097238944498,,,,,36.5,26.0
5.611402850712678,-0.0013152431393039833,0.00046863309183653776,-0.0015720614985241517,,,,,36.5,26.0
5.613903475868967,-0.0004226439857004295,-0.0005725653561959691,0.0020296013347428058,,,,,36.5,26.0
5.616404101025256,-0.00076663259264018,-0.0014984914910173574,-0.0002849754906412933,,,,,36.5,26.0
5.618904726181546,-0.00041037765859450073,-0.0015687464143595061,0.0007715657113657479,,,,,36.5,26.0
5.621405351337835,9.755136280198639e-05,0.0010949652590239733,-0.0003893825669125363,,,,,36.5,26.0
5.6239059764941235,-0.0021880761829247146,0.0003166128123364999,0.0005558516625996175,,,,,36.5,26.0
5.626406601650412,7.826659545345685e-05,0.0007411825491035835,0.0007204274455134815,,,,,36.5,26.0
5.628907226806701,-0.0011177417620394491,0.001509084207537565,0.003035654717786046,,,,,36.5,26.0
5.63140785196299,-0.0010259504658503371,-2.5827841161195448e-05,-0.0001051676468153534,,,,,36.5,26.0
5.63390847711928,-0.00022340546804195963,0.0012070005614289712,-0.0008458155372505979,,,,,36.5,26.0
5.636409102275569,-0.0012895667574531536,-0.00045224401955246243,0.0007850064662066348,,,,,36.5,26.0
5.638909727431858,0.000877599116238879,-0.0005301569282337099,-0.0018628598802935697,,,,,36.5,26.0
5.641410352588147,-3.382325300272959e-05,0.0010433191891749388,-0.0002692460762086803,,,,,36.5,26.0
5.643910977744436,-0.0011724054053680489,0.0004424512824904951,-0.0014342981986368113,,,,,36.5,26.0
5.646411602900725,-0.0005899877070354128,0.00013968860831655022,-0.0007080670326775073,,,,,36.5,26.0
5.648912228057014,0.002150377580494359,0.00064181123234884,0.00037751630857775693,,,,,36.5,26.0
5.651412853213303,-0.0001876920542611298,0.0003545003290769203,0.0003234274809894365,,,,,36.5,26.0
5.653913478369592,-0.0003293542894581582,0.0013363394758665738,0.002112929441865695,,,,,36.5,26.0
5.656414103525881,0.00040932590278845444,0.00034830243628644153,0.0024121472337632352,,,,,36.5,26.0
5.658914728682171,0.00019276429191711193,-0.0007816740701324146,-0.0004050623355003023,,,,,36.5,26.0
5.66141535383846,0.002294969345628863,0.00027844429426106287,-0.0015120276974888525,,,,,36.5,26.0
5.663915978994749,-0.0009487502915804178,-0.0002392118534455617,-3.2150805919473466e-06,,,,,36.5,26.0
5.6664166041510375,-0.0012812269136995057,0.0008502976423048809,0.00017527875987980514,,,,,36.5,26.0
5.6689172293073264,0.0017140153277078578,-0.0002176058288248507,-0.0003275395284638346,,,,,36.5,26.0
5.671417854463615,0.001619651434143889,-0.0005278474441750866,0.000762363440241843,,,,,36.5,26.0
5.673918479619905,-0.0016114960032969042,-0.0007390581778442634,0.0007678742033665705,,,,,36.5,26.0
5.676419104776194,-0.00127097602919193,0.0007875284008632448,0.0010797317404803645,,,,,36.5,26.0
5.678919729932483,0.0009304324553078002,-0.0007033708802604338,0.001150452910436469,,,,,36.5,26.0
5.681420355088772,0.00022721084185620274,0.0016677798278349014,-0.00010268626393763481,,,,,36.5,26.0
5.683920980245061,-0.0006116684825100606,-0.0012926565209232048,0.0022813931814201454,,,,,36.5,26.0
5.6864216054013506,8.429845047364611e-05,0.001138403370754856,0.0007333484530296331,,,,,36.5,26.0
5.6889222305576395,-0.0011837404069509662,-0.00214190521182076,0.0011051689959299317,,,,,36.5,26.0
5.691422855713928,0.0006951355641886791,0.000979885142046341,-8.936569691444459e-05,,,,,36.5,26.0
5.693923480870217,0.0003145797573949793,0.001067255776142248,0.0015056195398928576,,,,,36.5,26.0
5.696424106026506,-0.0010480706489835838,-0.002009880748836535,0.000303100518999771,,,,,36.5,26.0
5.698924731182796,-5.6392470262811844e-05,0.0016711916030219805,0.0011864978015247226,,,,,36.5,26.0
5.701425356339085,0.0002686193071342831,0.0008236547696012194,8.514776714980926e-05,,,,,36.5,26.0
5.703925981495374,-0.0014520395954938736,-0.0013136597592959365,-0.00023379460154416746,,,,,36.5,26.0
5.706426606651663,-0.000253719074437793,-0.0014246528524690968,0.0006327144071794759,,,,,36.5,26.0
5.708927231807952,0.00010818809351223501,0.0015219377232354946,0.00010732439429086205,,,,,36.5,26.0
5.7114278569642405,0.0006805189586410848,0.0009273414012062834,-0.0006398254344613124,,,,,36.5,26.0
5.71392848212053,0.0005041347794291844,0.00030458150250167813,0.0003885607565117857,,,,,36.5,26.0
5.716429107276819,-0.0007431326092832072,-0.0002447061247483177,0.0007203289856217287,,,,,36.5,26.0
5.718929732433108,0.0012728280623873162,0.0004029827513098797,0.0009375103287123594,,,,,36.5,26.0
5.721430357589397,0.00045102995035370007,-0.002262306825868545,0.0007277576255080092,,,,,36.5,26.0
5.723930982745686,-0.0006211035288826252,-0.0003302566243483255,-4.4788103512419805e-05,,,,,36.5,26.0
5.726431607901976,-0.0024471194332234183,-0.0002683094945003356,0.00031748412649899914,,,,,36.5,26.0
5.728932233058265,0.0007036211678396221,-0.0012253058221756102,0.0010499618669979737,,,,,36.5,26.0
5.7314328582145535,-0.00012039489800775537,-0.0011183910363963287,0.0012825318966093076,,,,,36.5,26.0
5.733933483370842,-0.0003694779807401653,-0.0027202410558088614,0.0003650839112136845,,,,,36.5,26.0
5.736434108527131,0.0020834948604298246,-0.0015360019790904378,0.0007525118884035836,,,,,36.5,26.0
5.738934733683421,-0.0018340202914528387,-0.00026374570193458475,-0.000376989294415706,,,,,36.5,26.0
5.74143535883971,-0.00017333880783788598,-0.0008032405197041329,-0.00046951391526771374,,,,,36.5,26.0
5.743935983995999,0.0019295348163947566,-0.0024825762406747785,-0.0002845007058081491,,,,,36.5,26.0
5.746436609152288,4.540410890555955e-05,-0.0003778647958013832,0.0011754020433609603,,,,,36.5,26.0
5.748937234308577,0.0014858748656367269,-0.0023633816631063,0.0005329202160381423,,,,,36.5,26.0
5.751437859464866,0.00047846598107507385,8.576709004933066e-06,-0.001187615232659346,,,,,36.5,26.0
5.753938484621155,-0.0007032322554665873,0.001103112650612198,-0.0006940069593757086,,,,,36.5,26.0
5.756439109777444,-0.001644800112147436,0.00021631012530676696,-0.0008904955785044742,,,,,36.5,26.0
5.758939734933733,-0.0007709286098274287,0.0004177326981902605,-0.0010524572161303627,,,,,36.5,26.0
5.761440360090022,0.0005440716277225462,-0.0008631000670297635,-0.000328012819236921,,,,,36.5,26.0
5.763940985246311,-0.0007264466563574741,-0.00014952080560328863,0.000619743252364644,,,,,36.5,26.0
5.766441610402601,0.0003558445987777146,0.00041573703849317605,-0.0005081571321139399,,,,,36.5,26.0
5.76894223555889,-0.0017081178836663975,-0.002504846382983592,0.0023169037141558195,,,,,36.5,26.0
5.771442860715179,-0.0012357730838040656,0.0010051853739614423,-0.001297323576572574,,,,,36.5,26.0
5.7739434858714676,0.001937291621059469,-0.00013864993944449626,-0.00021945860411721452,,,,,36.5,26.0
5.7764441110277565,-0.0014308265072912384,0.0020962455091111487,0.0017326580486327894,,,,,36.5,26.0
5.778944736184046,-0.0005259273133403385,-1.7053999254937863e-05,-0.0008153160776262254,,,,,36.5,26.0
5.781445361340335,3.58946914984706e-05,0.0006229171427699656,-0.0012627571103495786,,,,,36.5,26.0
5.783945986496624,0.0015308556180791987,-2.401632393897279e-06,-0.000724564238714291,,,,,36.5,26.0
5.786446611652913,-0.0005688350360508925,-0.0020141116460201426,0.001210336560504801,,,,,36.5,26.0
5.788947236809202,-0.0003889282654010376,-0.000221667845824535,-0.002945477160157752,,,,,36.5,26.0
5.791447861965492,-0.0008579265933081385,-0.0018218502825225707,-0.002710874211392204,,,,,36.5,26.0
5.793948487121781,0.00010361257559858283,0.0003044922050931009,-0.0010655457097196231,,,,,36.5,26.0
5.7964491122780695,0.0010254159589450048,-0.001326459953192054,0.0008932089325893866,,,,,36.5,26.0
5.798949737434358,-0.0011391135274824184,0.0022044356686876402,-8.448098634360346e-06,,,,,36.5,26.0
5.801450362590647,0.00040659531218780766,0.0005260467436349899,-0.0006270752430266964,,,,,36.5,26.0
5.803950987746936,0.0017702720053692205,-0.0004339735308337417,-0.0002605614219748106,,,,,36.5,26.0
5.806451612903226,-0.0003033291530183882,0.0008024730860604233,-0.0019514448318225192,,,,,36.5,26.0
5.808952238059515,-2.0127998014338993e-05,-0.0019538782808394307,0.00013284791242613067,,,,,36.5,26.0
5.811452863215804,0.000654325613516442,0.003011077315934513,-0.0016882253901017391,,,,,36.5,26.0
5.813953488372093,-5.1894433612090856e-05,-0.00029184602116747696,0.0011671300036437695,,,,,36.5,26.0
5.816454113528382,-0.0004961819279981813,0.0001914061879348588,-0.0009774537627091104,,,,,36.5,26.0
5.818954738684671,-0.0018039495608317344,-0.0014128764791346922,6.010634632729879e-05,,,,,36.5,26.0
5.82145536384096,0.0021234052650122284,1.641437593957999e-05,-0.00023438158644385415,,,,,36.5,26.0
5.823955988997249,0.0005492613176084442,-0.00159437430728939,-0.001490144349740578,,,,,36.5,26.0
5.826456614153538,-0.00019565024805851604,-9.580946985159249e-05,0.0013089155892017262,,,,,36.5,26.0
5.828957239309827,-0.0002169539940988156,-2.4447413709155063e-05,0.0006622740224746834,,,,,36.5,26.0
5.831457864466117,0.0010121961152738512,-0.00014607432088848137,0.0004259517160901941,,,,,36.5,26.0
5.833958489622406,0.0011861801685128482,0.0009677280496304102,0.0002866894858553259,,,,,36.5,26.0
5.836459114778695,-0.0007292302093306921,0.0016400008932568628,0.001093734107561687,,,,,36.5,26.0
5.8389597399349835,-9.88328349735593e-05,-0.0010165738849277127,-0.00027713192018322173,,,,,36.5,26.0
5.841460365091272,5.059816654466773e-05,-0.00028670725542419853,-0.0006250033901368491,,,,,36.5,26.0
5.843960990247561,-0.00021594129941590763,0.0008302945053844955,0.0009529169054469613,,,,,36.5,26.0
5.846461615403851,-0.002005644190511562,0.001318848238660705,0.00020550234097041015,,,,,36.5,26.0
5.84896224056014,-0.0007983918527908994,0.0008811737371456249,-0.0012307327831810248,,,,,36.5,26.0
5.851462865716429,-0.000667151558774044,-0.0021396480515410835,0.0009554277259240727,,,,,36.5,26.0
5.853963490872718,0.0007407752339741022,0.0008712002854116211,0.0011869162699220865,,,,,36.5,26.0
5.856464116029007,-0.001358166851452621,-0.0011334707117023335,-0.00032240661443599364,,,,,36.5,26.0
5.8589647411852965,8.523192226725292e-05,2.919070320767297e-05,-8.379657956280158e-05,,,,,36.5,26.0
5.861465366341585,0.0004040225974386887,-0.0015564304721816015,-0.0006499117040353834,,,,,36.5,26.0
5.863965991497874,3.677990606102913e-05,-0.0005463342549057208,0.0011777538689484834,,,,,36.5,26.0
5.866466616654163,-0.0005252491224854415,-0.0008771902847191638,-0.0009240440015121333,,,,,36.5,26.0
5.868967241810452,-0.0002628938933703716,0.0006117604613102144,0.0010795948333186837,,,,,36.5,26.0
5.871467866966742,0.0009693685822181321,-0.0009496870352177682,-4.5084426903542e-05,,,,,36.5,26.0
5.873968492123031,-0.00017292770996351383,-0.0004380990460347363,0.0005216228586218478,,,,,36.5,26.0
5.87646911727932,-0.0006806728268691962,0.0012313331615179182,-0.0004308198714380483,,,,,36.5,26.0
5.878969742435609,0.0016099331434981364,6.646800012242354e-05,0.001411118733604348,,,,,36.5,26.0
5.881470367591898,0.0005450989822065045,-0.0004039179960512534,-0.0003577486610374077,,,,,36.5,26.0
5.8839709927481865,0.0013613416666346798,0.000581444052655945,0.0011113568882821375,,,,,36.5,26.0
5.886471617904476,-0.00018362959177037837,0.0014567946526149603,0.0013323574914782838,,,,,36.5,26.0
5.888972243060765,-0.0011751296406687752,0.0009220499148665051,0.0003166711866948437,,,,,36.5,26.0
5.891472868217054,0.001498524810055946,0.0004520521010863643,-0.0005344950592213066,,,,,36.5,26.0
5.893973493373343,-9.851945774388605e-05,0.0016264772381213463,0.00038779685351220735,,,,,36.5,26.0
5.896474118529632,-0.00018278331525541975,-0.0011418093600618754,-0.0011166215864866229,,,,,36.5,26.0
5.898974743685922,0.0017479011103535907,-0.0009795162309414367,-0.0008598664797644724,,,,,36.5,26.0
5.901475368842211,-0.001391564646726878,-7.41031084273705e-05,0.0007670942110096587,,,,,36.5,26.0
5.9039759939984995,0.00015876649696864925,-0.0014411379069173256,0.0004051908281250832,,,,,36.5,26.0
5.906476619154788,0.0021982334907674254,0.0009178263935816706,0.001094558900577231,,,,,36.5,26.0
5.908977244311077,-0.0016580971358842607,0.0005076352874100156,0.0010389361341484969,,,,,36.5,26.0
5.911477869467367,0.0014892810060950943,-0.0001585471316681619,0.0015744297154810202,,,,,36.5,26.0
5.913978494623656,-0.001189342729648119,0.00043332840872634815,-0.00014388727676894006,,,,,36.5,26.0
5.916479119779945,-0.00022323049181467635,0.0007586863735159079,-0.0006533559144246899,,,,,36.5,26.0
5.918979744936234,-0.0001799464468127669,0.0013231848274038239,2.2709826912785986e-05,,,,,36.5,26.0
5.921480370092523,0.0008754907728664676,-0.0009003440408253278,7.526106596881878e-05,,,,,36.5,26.0
5.9239809952488125,-0.0002238380496980895,-0.0014029287949381402,-1.0648702662126643e-05,,,,,36.5,26.0
5.926481620405101,1.4146843768262592e-05,0.0003967278823290071,0.0016136348781695365,,,,,36.5,26.0
5.92898224556139,-0.0009373976042959257,-0.000541990742151514,-0.0009466801602882177,,,,,36.5,26.0
5.931482870717679,-0.0005347568546818219,0.0009067878295518623,-0.00082419613500989,,,,,36.5,26.0
5.933983495873968,0.00021867847734225511,-9.349166948325387e-05,0.0007101039840290547,,,,,36.5,26.0
5.936484121030257,-0.0004203395941957787,0.0011346577674505155,-0.00041870708140034663,,,,,36.5,26.0
5.938984746186547,-0.00047221919197994893,-7.108421293863264e-05,0.0005630818906081503,,,,,36.5,26.0
5.941485371342836,-0.0007142312195487756,-0.00015235624951589547,-2.0890756240264615e-05,,,,,36.5,26.0
5.943985996499125,0.0011650673534165461,-0.0005434786146683802,0.0008765194999058274,,,,,36.5,26.0
5.9464866216554135,-0.0009540894016878736,-4.235537635242658e-05,0.001096486819128319,,,,,36.5,26.0
5.948987246811702,0.002001986591363838,0.00043544959483354047,0.0012798833113968516,,,,,36.5,26.0
5.951487871967992,-0.00047459801144966154,0.0005264577801572651,-0.00016798705542086492,,,,,36.5,26.0
5.953988497124281,0.00036631444843391686,7.300258473563309e-06,-0.00022471116808701796,,,,,36.5,26.0
5.95648912228057,-0.00023078160288854898,0.0011058594175914786,-0.000389474382232826,,,,,36.5,26.0
5.958989747436859,0.0005047211841636005,0.000591601765269504,0.0016818431904326804,,,,,36.5,26.0
5.961490372593148,0.0006171509363018251,-0.0001841480556909727,0.0004381810190545948,,,,,36.5,26.0
5.963990997749438,-0.00017237161591509455,0.00024128369752644994,0.0011688563344983936,,,,,36.5,26.0
5.9664916229057265,0.0006535007379178765,-0.0010595195765295553,0.0007813315774906766,,,,,36.5,26.0
5.9689922480620154,0.0005394809465617223,-0.0018175972914684882,0.0008942772555647914,,,,,36.5,26.0
5.971492873218304,-0.001868495179335826,-5.728345339161399e-05,-0.0017159887154581195,,,,,36.5,26.0
5.973993498374593,8.624402856138787e-05,-0.0002534182485724992,0.00015679099048108012,,,,,36.5,26.0
5.976494123530882,-0.00013317931511171863,0.00029325910968539676,-0.0014351281324796509,,,,,36.5,26.0
5.978994748687172,8.58527750353087e-05,0.00025641845249821973,-0.0006632160463785243,,,,,36.5,26.0
5.981495373843461,-0.000431723352423614,-0.0017951718416730517,0.00023565421712030474,,,,,36.5,26.0
5.98399599899975,-0.00038099268957669926,-0.0010442459011178228,-7.558777263852311e-05,,,,,36.5,26.0
5.986496624156039,-0.000937462205714656,0.0004172003397668764,0.0004686564020189438,,,,,36.5,26.0
5.988997249312328,0.0010240799140436754,-0.0018021164718537248,-0.0004417777036584184,,,,,36.5,26.0
5.991497874468617,0.0006425657982667617,-0.00221169837365843,0.00038878482335091103,,,,,36.5,26.0
5.993998499624906,0.0013843937163978332,-0.0021888660642484293,0.0003440090302706232,,,,,36.5,26.0
5.996499124781195,5.844484022734339e-06,0.0013603579798889304,-0.0007778047024930262,,,,,36.5,26.0
5.998999749937484,-9.539069136439612e-05,-7.720706916680983e-05,-0.0008135220122365831,,,,,36.5,26.0
6.001500375093773,-9.513691499782277e-06,0.002215690227861259,0.0025234009913029107,,,,,36.5,26.0
6.004001000250063,-0.0016531387872089143,0.0022265387085911555,-0.000948189484441972,,,,,36.5,26.0
6.006501625406352,0.00018493769067145225,0.0008481447669466087,-0.0004443879278705259,,,,,36.5,26.0
6.009002250562641,-0.0009319909707424984,-0.0015752048954264246,0.00010440051737498354,,,,,36.5,26.0
6.0115028757189295,0.00043152545077543584,-0.0007353901747248134,0.00020287953531446717,,,,,36.5,26.0
6.014003500875218,0.00033393714444235047,-0.0008760454279966714,0.0004891438542903043,,,,,36.5,26.0
6.016504126031507,-0.0006883840535875325,0.0002955373192141577,-0.002161316922216976,,,,,36.5,26.0
6.019004751187797,-0.0015477881315190578,8.498861641727669e-05,-0.0011271907512160116,,,,,36.5,26.0
6.021505376344086,-0.0002572954951012701,0.0005188000955481727,-0.00018217711907301333,,,,,36.5,26.0
6.024006001500375,-0.00026897274059420594,-0.0010799210114903865,0.0004245096529612133,,,,,36.5,26.0
6.026506626656664,0.0006923023236969845,-0.00032325315253239765,-9.900713482211195e-06,,,,,36.5,26.0
6.029007251812953,-0.0019788540680349756,0.002541387107212613,-0.0003987716702452232,,,,,36.5,26.0
6.0315078769692425,-0.0012582351996213023,0.00013036630465114712,0.0008463883057755707,,,,,36.5,26.0
6.034008502125531,-0.0005767575926204797,-7.438939143950994e-05,0.0015794617822191724,,,,,36.5,26.0
6.03650912728182,-0.0003143255208028105,-0.000421427201734758,0.000307224603876071,,,,,36.5,26.0
6.039009752438109,-0.00022528387923856434,-0.00047819047103440633,-0.0016014396246176055,,,,,36.5,26.0
6.041510377594398,0.0007596772732517014,-9.623555327901919e-05,0.0012350651024920147,,,,,36.5,26.0
6.044011002750688,0.0009366916604106005,0.00025187049098393283,-4.724128055791084e-06,,,,,36.5,26.0
6.046511627906977,-0.0005781765710889352,0.0024557923377377016,-0.0003633728341677392,,,,,36.5,26.0
6.049012253063266,-0.00015235144261769586,-0.0010679127946602376,8.490630016619178e-06,,,,,36.5,26.0
6.051512878219555,7.459355722540532e-06,-0.0013176794345697272,-0.0006062382176261386,,,,,36.5,26.0
6.0540135033758435,-0.0020858395796899917,-0.0009730164301782321,0.00030964304020200504,,,,,36.5,26.0
6.0565141285321324,-0.0011396052414368474,0.0012727821761541567,-0.0007038394082141182,,,,,36.5,26.0
6.059014753688422,-0.0008866503663666239,0.0011175620017053007,-0.00016571784844929667,,,,,36.5,26.0
6.061515378844711,-0.0006395055719767279,-0.00011063591157706832,0.0012665552899671477,,,,,36.5,26.0
6.064016004001,0.0004172828095994023,0.0024146455305623783,-0.0007440124937927664,,,,,36.5,26.0
6.066516629157289,-0.0012719663346667791,0.0008725748012033016,-0.00032267487841640364,,,,,36.5,26.0
6.069017254313578,0.0002166779749528496,-0.0015329141677333277,-2.730072264952992e-05,,,,,36.5,26.0
6.071517879469868,-0.00037847505186214064,0.0003972163790151834,-0.0013829191987537884,,,,,36.5,26.0
6.074018504626157,0.0010976948773366248,0.0003536450863201879,0.0019710413328476776,,,,,36.5,26.0
6.0765191297824455,-0.000746667244344424,0.0019382630361504387,0.00041659271258200927,,,,,36.5,26.0
6.079019754938734,-0.0008056101751270906,0.0024871017726284545,0.0003782615160585352,,,,,36.5,26.0
6.081520380095023,-0.0012048942467291083,-0.0012414059470768264,-0.001186508472064249,,,,,36.5,26.0
6.084021005251313,-0.0005593452107193843,0.00025843835965598294,0.0003355309405565695,,,,,36.5,26.0
6.086521630407602,-0.0007615982626312239,-0.00025335696502632913,0.0012603124403798612,,,,,36.5,26.0
6.089022255563891,-0.0006199504999853412,0.00022546374962813788,0.0019767076444890583,,,,,36.5,26.0
6.09152288072018,-0.0010141827598277658,-0.0001733823265995605,-0.0009995049817458734,,,,,36.5,26.0
6.094023505876469,-0.0006855227135739865,-0.0003635112126577865,0.002351678458685631,,,,,36.5,26.0
6.0965241310327585,0.000393468488836766,0.0007715888663895131,0.0017486805110246437,,,,,36.5,26.0
6.099024756189047,-0.0005017815605351016,-0.001627264706775116,-0.0008996520333437906,,,,,36.5,26.0
6.101525381345336,0.0002332849502661973,0.0004461356047117566,0.00033682235333557106,,,,,36.5,26.0
6.104026006501625,-0.00040006963320468554,-0.0006962275406005172,-0.00025315193596141386,,,,,36.5,26.0
6.106526631657914,0.0014664324403684855,0.0005812212278161717,0.0009795751580622628,,,,,36.5,26.0
6.109027256814203,-2.1354457671934147e-05,0.000932718290497435,0.0020609605091096313,,,,,36.5,26.0
6.111527881970493,-0.0009086651807540692,-0.00039983689420694784,0.0010392921011716642,,,,,36.5,26.0
6.114028507126782,0.0018529260977402928,0.0006449296790721491,-0.00038534966335409236,,,,,36.5,26.0
6.116529132283071,-0.0014750377566376703,-0.0003459520947504647,-0.00028695591157191564,,,,,36.5,26.0
6.1190297574393595,-4.073056176554033e-05,0.0005661917849792111,0.0005252876354522188,,,,,36.5,26.0
6.121530382595648,-0.0007977199277274731,-0.00027432182581002144,-1.9718884210325655e-05,,,,,36.5,26.0
6.124031007751938,-0.0004453413643424828,-0.0010281322014200755,-0.00013277728313865412,,,,,36.5,26.0
6.126531632908227,0.00016064621788344213,-0.0005578230973871691,0.0004960440128769807,,,,,36.5,26.0
6.129032258064516,-2.4644149247289864e-05,-0.00019072212274015525,-0.0009870571432887402,,,,,36.5,26.0
6.131532883220805,0.0004957313275185446,-0.0012911264214159487,0.000829794837062466,,,,,36.5,26.0
6.134033508377094,0.000666405305646612,0.0015537811443829372,0.0007690359865687955,,,,,36.5,26.0
6.136534133533384,-0.0005863486920031466,-0.00036266883635266206,0.0002699914777298198,,,,,36.5,26.0
6.1390347586896725,0.0017110419848092495,0.0015084944282118984,0.0008896070329066897,,,,,36.5,26.0
6.141535383845961,-9.818212619282961e-05,0.0013201033239455442,-0.0009574052845155805,,,,,36.5,26.0
6.14403600900225,0.0013098669417097545,-0.00035471709421093804,0.001334660756631266,,,,,36.5,26.0
6.146536634158539,2.2937298132866238e-05,-0.0005681152719174563,0.0013666505855758906,,,,,36.5,26.0
6.149037259314828,-3.4826373291929135e-05,0.0012687772416433533,0.001342308730574442,,,,,36.5,26.0
6.151537884471118,0.00018210371399033647,0.0008569365335830292,-0.0015724705383768412,,,,,36.5,26.0
6.154038509627407,-0.001123395839435641,-0.001794882372672157,0.001096160368101001,,,,,36.5,26.0
6.156539134783696,-0.0012163547879463896,0.002938318882897797,0.001135925255020183,,,,,36.5,26.0
6.159039759939985,0.0012513638627722951,0.0008885113220145988,0.001305747273832641,,,,,36.5,26.0
6.1615403850962736,-0.0006311000888260843,0.0013032931603439298,0.00036321894094793416,,,,,36.5,26.0
6.164041010252563,0.0001966118308632846,0.00045946594983460755,0.000764186616492338,,,,,36.5,26.0
6.166541635408852,-0.0003295381916696109,-0.000503652099205841,-6.843972985864582e-05,,,,,36.5,26.0
6.169042260565141,-0.0009114799212543986,0.0013575925574014797,-5.8433932401995844e-05,,,,,36.5,26.0
6.17154288572143,0.00027564509732605627,-0.001673840963994268,-0.0011642013698410704,,,,,36.5,26.0
6.174043510877719,-0.0001132056353837096,0.0014016470176267232,0.0014371462020605255,,,,,36.5,26.0
6.176544136034009,0.0004644169797335297,0.0007667646085039773,-0.0011883967899230308,,,,,36.5,26.0
6.179044761190298,-0.0009682709753550157,-0.0005794837870190951,0.00010903707181553874,,,,,36.5,26.0
6.181545386346587,-0.00026535529278031784,0.000575739623758264,-0.002249683205060391,,,,,36.5,26.0
6.1840460115028755,-0.0008751097450364499,0.0011304780452239854,-0.0012958537350161016,,,,,36.5,26.0
6.186546636659164,-0.0011556184272705535,0.0009547118261237861,0.0004010315642384877,,,,,36.5,26.0
6.189047261815453,-0.0007795413325167502,-0.0013744598890196504,0.0007052562456935251,,,,,36.5,26.0
6.191547886971743,6.042608203129421e-05,6.615852737367152e-05,-0.0005281740264961454,,,,,36.5,26.0
6.194048512128032,0.0012409553058308253,-0.0008412146366385054,0.0009350673591137758,,,,,36.5,26.0
6.196549137284321,0.0010724028262435793,-0.0010981266515286841,0.0007223173513853442,,,,,36.5,26.0
6.19904976244061,-0.0008583267227854237,0.00022218553530258382,-0.00011716632033578326,,,,,36.5,26.0
6.201550387596899,0.0011579498619324344,-0.00011088849579184432,-0.0008854474001665596,,,,,36.5,26.0
6.2040510127531885,-0.0006936577625139727,-0.0001486119502546603,0.0012856745262577437,,,,,36.5,26.0
6.206551637909477,-0.0016172776772137361,-0.0011947255818247026,-0.00029489996508651016,,,,,36.5,26.0
6.209052263065766,0.00042053184270280806,-0.0009170261908141792,0.0012279402537330897,,,,,36.5,26.0
6.211552888222055,-0.001159253418497474,-0.0005681803637369517,-0.0017397590974796977,,,,,36.5,26.0
6.214053513378344,-0.0010855363180372678,0.0011156747077789356,0.0007100956799348516,,,,,36.5,26.0
6.216554138534634,0.0003386748355871194,1.8810854189005828e-05,0.002742914342869025,,,,,36.5,26.0
6.219054763690923,-0.0024815822898692614,-0.00034242923043542383,6.780295881509774e-05,,,,,36.5,26.0
6.221555388847212,-0.0011508784345133961,-0.0002917365872361192,0.0004680622756206673,,,,,36.5,26.0
6.224056014003501,0.00023699780710588193,0.00040394065395400535,0.0009431155656975744,,,,,36.5,26.0
6.2265566391597895,0.0012601532398896346,-0.000609913763098708,0.00041476485114047134,,,,,36.5,26.0
6.229057264316078,0.00343874450549499,0.0001940342101586035,-0.001072824233640959,,,,,36.5,26.0
6.231557889472368,-0.002210436883378992,5.347844802850602e-05,0.00012169676334524279,,,,,36.5,26.0
6.234058514628657,3.324685866094769e-06,0.00012141145937917225,0.0004939944141555234,,,,,36.5,26.0
6.236559139784946,-0.0002850156755088792,-7.136936930213817e-05,3.6882826678872374e-05,,,,,36.5,26.0
6.239059764941235,-0.0002807493627600774,0.0006545622457815457,0.0006284173423538237,,,,,36.5,26.0
6.241560390097524,-0.0012575394070976163,-0.0006191401330487514,-0.0005091475888687539,,,,,36.5,26.0
6.244061015253814,0.0004654572534554608,0.0013776349307430347,-0.002222599501973152,,,,,36.5,26.0
6.2465616404101025,0.001457456780516392,0.0002717538416680261,0.0005887855209188176,,,,,36.5,26.0
6.249062265566391,-0.0002594083941959726,0.0006139733708578117,-0.001903381126756353,,,,,36.5,26.0
6.25156289072268,0.0011974979364127157,0.0005912753414265549,-0.0012769472163300724,,,,,36.5,26.0
6.254063515878969,0.0021524691656188456,-0.0007923923185516854,0.00059328837436977,,,,,36.5,26.0
6.256564141035259,0.0010299755761537742,-0.0004843419410980175,5.053358854738965e-05,,,,,36.5,26.0
6.259064766191548,0.0017760526709783534,-0.0014768180210839798,0.0006497296164176917,,,,,36.5,26.0
6.261565391347837,0.00045654871702319064,0.0011540977522503588,-0.00020662221391479996,,,,,36.5,26.0
6.264066016504126,-0.0005188378634778941,0.0011837366712754997,-0.001087670975241888,,,,,36.5,26.0
6.266566641660415,-0.00011444700224709915,-0.00024546972491841935,-0.0008447746110334732,,,,,36.5,26.0
6.2690672668167045,0.0011237799290181659,-0.00034216893079953864,0.000731289848671174,,,,,36.5,26.0
6.271567891972993,-0.0007381533009057654,9.94097354522701e-06,-0.0002940149358057426,,,,,36.5,26.0
6.274068517129282,0.0012916269650034603,-0.0009123102248576103,-0.001540004249830075,,,,,36.5,26.0
6.276569142285571,0.0009096705029073659,0.0012256121467819996,-0.0011961343934122704,,,,,36.5,26.0
6.27906976744186,0.0023867376950984704,-0.0008169595091159233,0.0014033183276980726,,,,,36.5,26.0
6.281570392598149,-0.0015773872948894926,0.000678591820283208,-0.0006578799948389712,,,,,36.5,26.0
6.284071017754439,-0.0008031885934038893,-1.5441110712953125e-05,-0.0013949192251014693,,,,,36.5,26.0
6.286571642910728,-0.0014584039867386028,0.0011779118250503603,-0.0003691462875905494,,,,,36.5,26.0
6.289072268067017,-0.0020132388447119975,0.0015285377705352877,0.001404110016612755,,,,,36.5,26.0
6.2915728932233055,-0.0009500289169552528,-0.0017442032643208347,-0.0005429462270365615,,,,,36.5,26.0
6.294073518379594,-0.00038270945291708145,0.0006020183851816642,0.00010922323806442368,,,,,36.5,26.0
6.296574143535884,-0.0015234281498381934,-0.00015867669483467952,-0.0004480374698349529,,,,,36.5,26.0
6.299074768692173,-0.0020468859208631995,0.0001638905912149765,0.0014987902330117007,,,,,36.5,26.0
6.301575393848462,-0.00020198582530630234,-0.0007659253338374888,-0.003119798159052766,,,,,36.5,26.0
6.304076019004751,0.00219441059709639,0.001571239393626456,-0.0005217038665761693,,,,,36.5,26.0
6.30657664416104,-0.00023699132679433295,0.000458320598289608,0.0009135854958230618,,,,,36.5,26.0
6.30907726931733,0.00018954498106073177,0.001080095815867806,0.0013095527556965007,,,,,36.5,26.0
6.3115778944736185,0.0006953378058651573,-0.0008520176743324711,0.000697853236191775,,,,,36.5,26.0
6.314078519629907,-0.0013509769561322828,0.0001462265097138803,0.0008337556780578714,,,,,36.5,26.0
6.316579144786196,0.000695169615820056,0.0010473895722418233,0.0007990104702970114,,,,,36.5,26.0
6.319079769942485,-0.00010365743298312943,-9.421028053019138e-05,0.00014529154719966302,,,,,36.5,26.0
6.321580395098774,0.0017248110646005284,-0.0007326667260891898,-0.00020445171257533015,,,,,36.5,26.0
6.324081020255064,-0.00044316337006623335,0.0004687176690742776,7.752145804961156e-06,,,,,36.5,26.0
6.326581645411353,-0.00047017915576009226,-0.000686530380213792,0.0002654977587386171,,,,,36.5,26.0
6.329082270567642,-0.0001967122476044443,0.000679248916662456,0.00020208485504715778,,,,,36.5,26.0
6.331582895723931,0.002471048343200781,-0.00033973082842217916,-0.00029935841518401955,,,,,36.5,26.0
6.3340835208802195,0.0006170155274427395,-4.2648728115639615e-05,-0.0005328878048233089,,,,,36.5,26.0
6.336584146036509,0.00023428578974315234,0.0009727251926354938,-0.0014584568580069462,,,,,36.5,26.0
6.339084771192798,-0.0001940567444185746,-0.0007527632811519636,-0.0005691353791674249,,,,,36.5,26.0
6.341585396349087,-9.09763728524844e-05,0.00022306899177990304,-0.00037151779329931787,,,,,36.5,26.0
6.344086021505376,0.0014577098085727385,-0.0010737610639352966,0.0015815547443331485,,,,,36.5,26.0
6.346586646661665,-0.00044725904949301107,0.0008866582635323784,0.0011142443626582972,,,,,36.5,26.0
6.349087271817955,-0.0001804573941442446,0.0003373676240163571,0.00030929671740382366,,,,,36.5,26.0
6.351587896974244,0.00041137422745848417,0.0012334126188566544,0.002186260117361323,,,,,36.5,26.0
6.3540885221305325,-0.0005038937711856612,-0.0021661497042029937,-0.0006445401446695118,,,,,36.5,26.0
6.3565891472868215,0.00026938692808705777,0.001128840859991803,6.424555531798701e-05,,,,,36.5,26.0
6.35908977244311,0.00041368660378838867,-0.0010947850750424348,0.00015938512866418484,,,,,36.5,26.0
6.361590397599399,0.0003626015738669382,-0.0017654496794305343,-0.00018567616635785887,,,,,36.5,26.0
6.364091022755689,-0.00011468219111609285,-0.0019181198966813388,-0.001194023752956448,,,,,36.5,26.0
6.366591647911978,-0.0011192828349755135,-0.00048587736489413526,0.0005340695234431478,,,,,36.5,26.0
6.369092273068267,-5.6803832987796854e-05,0.00012819419056341443,-6.682688749582976e-05,,,,,36.5,26.0
6.371592898224556,0.0007704803936918304,0.0002964451254473494,-0.00014519817805335966,,,,,36.5,26.0
6.374093523380845,-0.00017156601263587992,-0.0013827573909090138,0.00043091778287530333,,,,,36.5,26.0
6.3765941485371345,0.00044371339091042847,-0.0009955965569941815,0.001367575247364889,,,,,36.5,26.0
6.379094773693423,-0.00030813693673778026,0.0007205617548926787,-0.0009273009152891363,,,,,36.5,26.0
6.381595398849712,-0.0017391367775907642,0.002063609617591365,0.0007790017076380588,,,,,36.5,26.0
6.384096024006001,-0.0006713781414996441,0.00023068267554628486,-0.0006429208062534956,,,,,36.5,26.0
6.38659664916229,-0.0021511430470588537,-0.001448715043664063,0.00019280390828316053,,,,,36.5,26.0
6.38909727431858,-0.00013592827826310196,0.0008321256068315761,-0.00018852318073587875,,,,,36.5,26.0
6.391597899474869,0.0012590985482320654,-0.0010627549184716995,-0.0017480953079218593,,,,,36.5,26.0
6.394098524631158,-0.0009189211391152642,0.0003106526206180603,-0.000517385005434118,,,,,36.5,26.0
6.396599149787447,-0.0008805977141175499,-0.0014010816964135338,-0.0019546536585681815,,,,,36.5,26.0
6.3990997749437355,-0.001253407772355553,-0.0010477415037348037,0.0012019752709337376,,,,,36.5,26.0
6.401600400100024,0.0008282657320909875,0.0012475419828333967,0.0008663966900386268,,,,,36.5,26.0
6.404101025256314,3.3924072342775415e-05,-0.001094023680681263,-0.00011633112782613617,,,,,36.5,26.0
6.406601650412603,0.0007794868552931505,-0.0013762837969401942,-0.0006160366403380395,,,,,36.5,26.0
6.409102275568892,-3.105392262414702e-05,0.000707325321814499,0.0024346293116894765,,,,,36.5,26.0
6.411602900725181,0.0004149212849266219,0.0009911767180037748,0.0009699952255279569,,,,,36.5,26.0
6.41410352588147,-0.002115129736126007,0.0005255475088560685,0.001155912033061474,,,,,36.5,26.0
6.41660415103776,-0.00045391498354859725,0.0006095952779546167,0.0010150737183079546,,,,,36.5,26.0
6.4191047761940485,-0.0020913682379026326,0.0014664970208852868,0.0013208200250917127,,,,,36.5,26.0
6.421605401350337,-0.0007642355890131733,-0.0009876414594289199,0.0020484835947290627,,,,,36.5,26.0
6.424106026506626,-0.0002385040932547295,0.0010424794233099915,-0.0005082844700241426,,,,,36.5,26.0
6.426606651662915,-0.00033605652191091227,0.00031928556828183944,0.0010088530633928776,,,,,36.5,26.0
6.429107276819205,-0.0010460219979172918,-0.0002381395254186668,-0.0016967162474570724,,,,,36.5,26.0
6.431607901975494,-0.0010843645461264097,-0.000915284654309206,-0.002425401036652634,,,,,36.5,26.0
6.434108527131783,-0.0004220879909797627,-0.00042455794771391553,-2.1615138310406255e-05,,,,,36.5,26.0
6.436609152288072,0.0010069048129342079,-0.0025332788620568932,-0.0005855644564636422,,,,,36.5,26.0
6.439109777444361,0.0007251645844831081,0.0012000861625820745,8.546896320201656e-05,,,,,36.5,26.0
6.44161040260065,0.0016338534106669056,-0.0008143074341591402,-0.0007240740889362765,,,,,36.5,26.0
6.444111027756939,0.00044317235797801987,-0.00029032849650838846,0.0004128016154305703,,,,,36.5,26.0
6.446611652913228,-0.0005953420306934827,-3.9298739207763654e-05,0.0008168109905835398,,,,,36.5,26.0
6.449112278069517,0.0010524985754172822,0.0002796813804885013,0.001969828894577069,,,,,36.5,26.0
6.451612903225806,0.0007160487409961425,0.0009174266415571957,-9.694409166482705e-05,,,,,36.5,26.0
6.454113528382095,-0.002005417949584032,-0.0022826378133976163,-0.000884395526391915,,,,,36.5,26.0
6.456614153538385,1.5384552227741153e-05,0.0008006654395828795,3.958803782354895e-05,,,,,36.5,26.0
6.459114778694674,0.00024395785725992306,-0.0003104619129715243,9.031972055869894e-05,,,,,36.5,26.0
6.461615403850963,-0.0014361424703646657,-2.4221159721290153e-05,0.0002800533466080874,,,,,36.5,26.0
6.4641160290072515,0.001324170644648975,0.0009337989735968351,-0.0003326431465271219,,,,,36.5,26.0
6.46661665416354,0.00020023390479759255,1.1585109886906035e-05,-0.000490386534797753,,,,,36.5,26.0
6.46911727931983,-0.001193554768085214,0.0008246383846994782,-0.00011084803414302282,,,,,36.5,26.0
6.471617904476119,0.0010919402715526933,0.0019951104222206235,0.000590036924658008,,,,,36.5,26.0
6.474118529632408,0.0010002536186773264,0.00040662249920632394,0.0012922277736234042,,,,,36.5,26.0
6.476619154788697,4.186930254788651e-05,0.0011006882254264271,0.0010863141813879816,,,,,36.5,26.0
6.479119779944986,0.0013941935161180096,0.0001732078324595542,0.001347210391516313,,,,,36.5,26.0
6.481620405101276,0.0012290496729590386,0.00021393718627966396,-0.0008071953397844591,,,,,36.5,26.0
6.4841210302575645,0.0003879167247074413,0.000996550145477941,-0.0006677658930542003,,,,,36.5,26.0
6.486621655413853,0.0008026454511616225,0.0010996989758124717,-0.0019227342587055162,,,,,36.5,26.0
6.489122280570142,-0.00013006981901999664,0.0002894918359948031,-1.4034237102754241e-05,,,,,36.5,26.0
6.491622905726431,0.0012891522085029835,-0.0007885016648523849,0.0007714728004908498,,,,,36.5,26.0
6.49412353088272,-0.000999672770272041,0.0005259895081554472,-0.0011324085710939212,,,,,36.5,26.0
6.49662415603901,-0.0001418894769441533,-0.0018735413568799744,-0.0017095657760533489,,,,,36.5,26.0
6.499124781195299,-0.0008066026002706572,-0.0011249145336543562,-0.0013594065528657732,,,,,36.5,26.0
6.501625406351588,-0.0013615776071833612,-2.5388118594012608e-06,-0.0007891942931080802,,,,,36.5,26.0
6.504126031507877,-0.0008991115052142552,0.001083807086546372,-0.0005211630386574382,,,,,36.5,26.0
6.5066266566641655,9.64333379190185e-05,-0.001014912998911571,0.0009232910775311456,,,,,36.5,26.0
6.509127281820455,-0.0001263078218824365,-0.0014687181877096848,-0.00202010847904896,,,,,36.5,26.0
6.511627906976744,0.001629473917301024,-0.0019394552545506393,0.00025218042320821073,,,,,36.5,26.0
6.514128532133033,3.375565803337736e-05,-0.0027826044942643423,-0.000551337166237483,,,,,36.5,26.0
6.516629157289322,0.0006912256449707299,0.0007954039955659885,0.0004259976155947916,,,,,36.5,26.0
6.519129782445611,5.742817957833986e-05,0.002264601324283464,0.0007933868732738313,,,,,36.5,26.0
6.521630407601901,0.0014573096717963954,8.557620213695058e-05,-0.0011371795175694952,,,,,36.5,26.0
6.52413103275819,0.00020171557608075365,0.0011093925889000338,-0.0015369552910281968,,,,,36.5,26.0
6.5266316579144785,0.0007415099648036072,0.0004466677743785967,-0.001160901642811675,,,,,36.5,26.0
6.529132283070767,-0.00027090806001497247,-0.0015345750025442604,0.002348085075473149,,,,,36.5,26.0
6.531632908227056,-0.0008442968795729017,0.0002715856044302254,-0.00035035377256301066,,,,,36.5,26.0
6.534133533383345,-0.0003233111513916947,0.0012562316546530438,-0.0015156034893961945,,,,,36.5,26.0
6.536634158539635,0.00046952019929689845,-0.00012027117905337303,-0.0011298016083959713,,,,,36.5,26.0
6.539134783695924,0.0009349610284006806,-0.002364845613578726,0.0004309860251254164,,,,,36.5,26.0
6.541635408852213,0.0008358420717281578,0.00029952851093539764,0.00026354432079697974,,,,,36.5,26.0
6.544136034008502,0.0010056294457604063,0.00016398281769353933,-0.0001096207442350633,,,,,36.5,26.0
6.546636659164791,-5.470524884991621e-05,0.0005778555806756747,-0.0005714529191772199,,,,,36.5,26.0
6.54913728432108,-1.8717924134767063e-05,-0.0010628017536671074,-0.0005614625415753524,,,,,36.5,26.0
6.551637909477369,0.00262839735950692,-0.0010616574008907554,-5.934255665691411e-05,,,,,36.5,26.0
6.554138534633658,0.0023714196141079815,-0.0005076729538484007,-0.0006579862792246693,,,,,36.5,26.0
6.556639159789947,0.0008294663510950848,-0.00012094686400451107,0.0006249342689310321,,,,,36.5,26.0
6.559139784946236,0.0006755062138554712,-0.00027405103108999796,-0.0018464212880012962,,,,,36.5,26.0
6.561640410102526,-0.0005560588345232975,-0.0019407912381258165,0.00037404918827040084,,,,,36.5,26.0
6.564141035258815,6.310094510766757e-05,0.00032233540445791257,0.00015747241898825425,,,,,36.5,26.0
6.566641660415104,-0.0017585872425559803,-0.0003901447807531073,-0.0009699750535946514,,,,,36.5,26.0
6.569142285571393,-0.0018177956449515575,-0.000727104550394598,-0.001301996359929626,,,,,36.5,26.0
6.5716429107276815,0.0009025353428007295,0.0004845584810552075,-0.0002456828318205285,,,,,36.5,26.0
6.574143535883971,-0.0019396651775545964,0.0007589595616435023,0.0014134133960858684,,,,,36.5,26.0
6.57664416104026,0.0003771714346762504,0.0013356749376230218,-0.0003121511030670338,,,,,36.5,26.0
6.579144786196549,0.0009902083563671424,-0.0007129246279553525,-0.000236883631022128,,,,,36.5,26.0
6.581645411352838,8.126792141941148e-06,0.001613483211423124,0.0009985894896105195,,,,,36.5,26.0
6.584146036509127,-0.0027544134822056914,-0.0019118728461818306,5.644572497055308e-05,,,,,36.5,26.0
6.586646661665416,0.0003182646079880478,-0.0006180307445308329,0.00028089844830484254,,,,,36.5,26.0
6.589147286821706,-0.0002995517231349888,0.0007744541770303647,-0.0020480734452624633,,,,,36.5,26.0
6.5916479119779945,0.0015629510362550878,-0.0006622913002594918,-0.00017835895158703025,,,,,36.5,26.0
6.594148537134283,-0.00018953770628412907,0.0007502700665769538,-0.0011496908098042715,,,,,36.5,26.0
6.596649162290572,0.0012693072357682566,0.003068815312884549,0.0014666447698452683,,,,,36.5,26.0
6.599149787446861,0.0008849326224728776,-0.0013538367855565122,0.002120102197392322,,,,,36.5,26.0
6.601650412603151,-0.00025426443036836343,-0.0010894357984317087,-0.002097736987176383,,,,,36.5,26.0
6.60415103775944,-0.0006385025950917517,0.0022842187442505364,0.0010564051690917118,,,,,36.5,26.0
6.606651662915729,3.892304309045761e-05,0.0007694544419771967,-0.0003006787456157081,,,,,36.5,26.0
6.609152288072018,0.0015221014062957278,-0.00010211572418819224,0.00015488746340087926,,,,,36.5,26.0
6.611652913228307,-0.0009459181502979181,0.0006625402270666545,-0.0007871538341258605,,,,,36.5,26.0
6.614153538384596,0.0012229872440101875,-0.00039658501701125755,0.0006192679385960678,,,,,36.5,26.0
6.616654163540885,-0.0003064097354661578,0.0005814331939338992,-0.0004436331662615108,,,,,36.5,26.0
6.619154788697174,-0.00011910343362949185,-0.00039844944301045844,0.00023004680305172863,,,,,36.5,26.0
6.621655413853463,-0.00035297228865469174,0.0012082236407704742,0.0004806036729507506,,,,,36.5,26.0
6.624156039009752,-0.00032167501050497677,0.0001316547199879582,0.0001934644924439702,,,,,36.5,26.0
6.626656664166041,-0.0010184897838422852,-3.3366306243073224e-05,-0.001048530357515133,,,,,36.5,26.0
6.629157289322331,0.0006379438314472859,0.0009343084699248952,0.0004972023051378979,,,,,36.5,26.0
6.63165791447862,0.00022110802654306256,0.0010200728699864567,-0.0015203774629330502,,,,,36.5,26.0
6.6341585396349085,0.0003581659847447974,0.00014944841116914446,-0.00010816720841729633,,,,,36.5,26.0
6.636659164791197,-0.0010154539681207588,-0.0008861786834625299,9.014349062961199e-05,,,,,36.5,26.0
6.639159789947486,-0.0001712043457909473,0.0017673948909696015,-0.0005656481227741028,,,,,36.5,26.0
6.641660415103776,0.0010328676743396245,0.00021298287433351362,-0.0005724377595804252,,,,,36.5,26.0
6.644161040260065,-0.00025472004899224857,-0.0004702202016539429,-1.021971396924603e-05,,,,,36.5,26.0
6.646661665416354,0.0015331870346767644,0.0015765532443411635,0.0007250167330079275,,,,,36.5,26.0
6.649162290572643,-0.0011231827701926828,0.0005313808097105682,-0.00020549001737116452,,,,,36.5,26.0
6.651662915728932,-0.0003922348263078856,0.0006635470891587772,-1.591199739447835e-05,,,,,36.5,26.0
6.6541635408852216,-0.001641956026470352,-0.00035630453291561403,-0.0011562594324281414,,,,,36.5,26.0
6.6566641660415105,0.0006096879494898188,0.00011741761768600444,0.0019587894266221957,,,,,36.5,26.0
6.659164791197799,-0.0018232955374000073,4.000411917796162e-06,0.00040243778790403597,,,,,36.5,26.0
6.661665416354088,0.0007242577188914099,-0.00014023334221324718,-0.0006830051600297634,,,,,36.5,26.0
6.664166041510377,0.0009328454430147917,-0.0001910714918421214,0.0010565560331776197,,,,,36.5,26.0
6.666666666666666,-0.0011601500808282633,0.0006927445624607247,-0.0007116330244269235,,,,,36.5,26.0
6.669167291822956,-6.032403755164898e-05,0.0005182809852590732,-0.0006174388850742188,,,,,36.5,26.0
6.671667916979245,-0.0004472402342313888,-9.230664811828331e-06,-0.001305349114106952,,,,,36.5,26.0
6.674168542135534,0.00034047588333569465,-0.0006740316875075405,0.000342609674275289,,,,,36.5,26.0
6.676669167291823,0.0011500759752193603,0.0006922938929361486,0.0011892630569121084,,,,,36.5,26.0
6.6791697924481115,-0.001659594485607589,0.0011112070625646031,0.0008977287598939927,,,,,36.5,26.0
6.681670417604401,0.0003152102367044529,-0.0008320593806698027,0.0007663811620331653,,,,,36.5,26.0
6.68417104276069,0.0018785003620853248,0.0005060469469730675,-0.00021084044414782364,,,,,36.5,26.0
6.686671667916979,0.0007713339766343505,-0.000670077035248718,-0.001430244352238277,,,,,36.5,26.0
6.689172293073268,0.001620931291856876,0.0006382335840474101,0.0015029045555462392,,,,,36.5,26.0
6.691672918229557,0.000492448177206986,-0.001152020241795717,-0.0006941444494080489,,,,,36.5,26.0
6.694173543385847,0.0019313664138641416,0.0006429050243775099,0.002177775136922619,,,,,36.5,26.0
6.696674168542136,-0.0012164548084359673,0.0005440340831399937,0.0009946021480750575,,,,,36.5,26.0
6.6991747936984245,-0.00024773491492849294,-0.0011155226752163523,-0.0005429630452195969,,,,,36.5,26.0
6.701675418854713,-0.00039285529315413417,0.0007648488166544511,-4.7790482581152815e-05,,,,,36.5,26.0
6.704176044011002,0.0006196976028112224,-0.0008875981890071014,0.0025789701712229875,,,,,36.5,26.0
6.706676669167291,-0.0017101726696607256,-0.00014428057165755348,-0.0009742704806155781,,,,,36.5,26.0
6.709177294323581,-0.0006923594261587164,0.0008879564763526035,-0.00039052634355703724,,,,,36.5,26.0
6.71167791947987,-0.00037143394769269646,0.0006155541001147464,-6.8774556041676e-05,,,,,36.5,26.0
6.714178544636159,0.0017546002181761649,0.00040535238334078955,0.0005482772928531149,,,,,36.5,26.0
6.716679169792448,0.002105483358535005,6.823371652312059e-05,0.0011406514055772431,,,,,36.5,26.0
6.719179794948737,0.0009151936470764732,-0.0015777734999174531,0.0006782385962784908,,,,,36.5,26.0
6.721680420105026,-0.00011446743823442393,-0.0016152278529639563,0.0007636467648388667,,,,,36.5,26.0
6.724181045261315,-0.0018836714027116162,-0.000607989885118654,-0.00039367486484356243,,,,,36.5,26.0
6.726681670417604,0.0009232119095138722,0.00021592772214292598,0.0013070265915236057,,,,,36.5,26.0
6.729182295573893,-0.001041039820630804,0.001168745757032492,0.00110535241164285,,,,,36.5,26.0
6.731682920730182,0.002442661970484141,-0.00027970573686258434,0.000814598843016363,,,,,36.5,26.0
6.734183545886472,0.0006133630000401272,0.00012049790602738716,0.0005774104580902189,,,,,36.5,26.0
6.736684171042761,0.0013688953309817075,-0.0016741780564461495,-0.0004328027696879934,,,,,36.5,26.0
6.73918479619905,-0.0017266367381101112,0.0005169506893041295,0.00046994874250884654,,,,,36.5,26.0
6.7416854213553385,0.00020796260732714868,0.0009760649396217409,-0.0007609370435275542,,,,,36.5,26.0
6.7441860465116275,-0.0018392736713631294,0.0001930112545648554,-0.0017207454649825623,,,,,36.5,26.0
6.746686671667917,0.001083290801745072,-0.0009653956680310943,-0.001541465091348939,,,,,36.5,26.0
6.749187296824206,0.000402901363229529,0.00013893733238349353,-0.0015807464722262818,,,,,36.5,26.0
6.751687921980495,5.866203505724782e-05,8.089124530726132e-05,0.000984917924777894,,,,,36.5,26.0
6.754188547136784,-0.00010200304520077118,0.0011869199729463193,0.0002668903276506565,,,,,36.5,26.0
6.756689172293073,-0.0009551139850901372,0.0008202236169245879,9.527095254293523e-06,,,,,36.5,26.0
6.759189797449362,-0.0003165982285859187,-4.179702435888325e-05,0.001350540854437634,,,,,36.5,26.0
6.761690422605652,-0.00032521909601903557,-6.249369494674408e-05,-0.0010565199427514792,,,,,36.5,26.0
6.7641910477619405,-0.00032151121030968294,0.0005079573611666688,-0.0007904058893054558,,,,,36.5,26.0
6.766691672918229,-0.0004155422532104668,0.00025324275625528624,0.002290550031429077,,,,,36.5,26.0
6.769192298074518,-6.35295318948588e-05,0.0003619058168052355,6.520540614596401e-05,,,,,36.5,26.0
6.771692923230807,-0.0001989247266522364,-0.0014452429793367226,-0.000735205127940918,,,,,36.5,26.0
6.774193548387097,0.0009014342428766268,-3.3301723324924545e-05,-0.00022877101484042347,,,,,36.5,26.0
6.776694173543386,-0.0008097722638762027,0.00024923933284342784,0.0002674370396124031,,,,,36.5,26.0
6.779194798699675,-0.0003562676193189883,7.181122039452675e-05,-0.0009875665555253166,,,,,36.5,26.0
6.781695423855964,-0.00166171794654858,-0.00013442198524373408,-0.00041520726665672937,,,,,36.5,26.0
6.784196049012253,-0.000852434037610509,0.0004012659293403473,-0.0011383522754400653,,,,,36.5,26.0
6.786696674168542,-0.0003343749726767219,-0.00018910581223772756,0.0002979513855641239,,,,,36.5,26.0
6.789197299324831,0.00041480724957702983,-0.0005175934528675263,0.0020792109157198456,,,,,36.5,26.0
6.79169792448112,-0.0006461613519375953,-0.0008061690995844017,0.0006652467119247095,,,,,36.5,26.0
6.794198549637409,-0.000634501045443291,-0.00102864177756389,-0.0008699865637607792,,,,,36.5,26.0
6.796699174793698,0.0004726736310709526,9.974443326385933e-05,-0.0003954093294595301,,,,,36.5,26.0
6.799199799949987,0.0006822031002951561,-0.0006946832270757547,-0.0014472215437140866,,,,,36.5,26.0
6.801700425106277,0.0010288596503202291,0.0010205221916019355,-0.0005372516142198659,,,,,36.5,26.0
6.804201050262566,-0.0011866070756457396,-0.0003638986892770794,6.278001708819419e-05,,,,,36.5,26.0
6.8067016754188545,0.0008667938234335502,-0.0016745179819427005,-0.00020199699368342913,,,,,36.5,26.0
6.809202300575143,0.0011746905929061516,0.002228468259078408,-0.0009785317793004917,,,,,36.5,26.0
6.811702925731432,0.00019056007419419754,-0.0008659391203709579,-0.0009197965322834752,,,,,36.5,26.0
6.814203550887722,-0.00041752744713259994,-0.0014729838844358765,-0.0021165152800274025,,,,,36.5,26.0
6.816704176044011,0.0018895017906383677,0.0004935880382481884,0.00039387373371575275,,,,,36.5,26.0
6.8192048012003,0.0006848362457590261,-0.0014008227409232034,0.0008948293320307674,,,,,36.5,26.0
6.821705426356589,0.0008204015858251082,-0.0007530707445760352,-0.0015947648569478736,,,,,36.5,26.0
6.824206051512878,-0.001337891076517811,0.0002422521094689611,0.0015552039711460312,,,,,36.5,26.0
6.8267066766691675,-0.0016144622530209639,-0.00255119782566994,-0.0020823692430363737,,,,,36.5,26.0
6.829207301825456,-0.000835196521202882,0.0009289175670234686,-6.570496516443921e-05,,,,,36.5,26.0
6.831707926981745,-0.0004519542553772505,-0.0021590067625763556,0.0006920029594358223,,,,,36.5,26.0
6.834208552138034,-9.193024987400026e-05,-0.00015015720217380845,-1.0595746302442848e-05,,,,,36.5,26.0
6.836709177294323,-0.0012529022671277027,0.00025424500804095614,-0.0017112864291321135,,,,,36.5,26.0
6.839209802450612,0.001560241267825543,-0.004451837749509364,0.00020195491184079028,,,,,36.5,26.0
6.841710427606902,-0.000430015644208595,0.0008343239074047371,-0.0008127824814353706,,,,,36.5,26.0
6.844211052763191,-0.0005254737216702534,-0.00014094444497945275,0.0016905350816554879,,,,,36.5,26.0
6.84671167791948,-0.0011068948079458725,-0.0007380645622453918,0.0021152157855043167,,,,,36.5,26.0
6.849212303075769,-0.0008623475294803661,-0.0006452961461741725,0.0003809320996126905,,,,,36.5,26.0
6.8517129282320575,0.0002945903270253458,0.000917728859368359,0.0008067719271370203,,,,,36.5,26.0
6.854213553388347,-0.0015697721492172743,-0.0011579558910887633,-0.0010913314522503037,,,,,36.5,26.0
6.856714178544636,-0.00028114096150046554,0.0004900069992280065,-0.0032461114119559558,,,,,36.5,26.0
6.859214803700925,0.00011425965898327151,-0.0019214307248009942,-0.0001207725801438866,,,,,36.5,26.0
6.861715428857214,0.00033244713247351033,-0.0006965813472823866,-0.0021958018635693842,,,,,36.5,26.0
6.864216054013503,0.00029871040229898123,0.00027661645975415986,0.0011625917404406712,,,,,36.5,26.0
6.866716679169793,-0.0007625641847264744,-0.0013399470375723298,0.0008465546261727309,,,,,36.5,26.0
6.869217304326082,0.0009224480238451607,-0.0016026236180617733,0.000823883780918481,,,,,36.5,26.0
6.8717179294823705,0.0016273031920229202,0.0011246374967345798,-8.397530389862832e-05,,,,,36.5,26.0
6.874218554638659,0.00010555355267197678,0.00029763116394687585,-0.0017718161084806685,,,,,36.5,26.0
6.876719179794948,-0.0013330143049714877,0.001664734199210502,0.00018639467303855503,,,,,36.5,26.0
6.879219804951237,-0.00033544207305026574,0.0008038313540673554,0.0007672544351657655,,,,,36.5,26.0
6.881720430107527,0.0005887519653072291,0.0016221316649033457,0.0004236799790971571,,,,,36.5,26.0
6.884221055263816,-0.0012641143421059642,0.0010300450671209267,0.0005211809427224316,,,,,36.5,26.0
6.886721680420105,0.0004663921637509154,0.0008237648733195084,-2.4111299899380073e-05,,,,,36.5,26.0
6.889222305576394,0.00176453226500347,-0.0007763233547870554,0.000528267471647869,,,,,36.5,26.0
6.891722930732683,0.002045223892071709,-0.0002550050847127751,-0.0003893378397771285,,,,,36.5,26.0
6.894223555888972,-0.0008356643961552439,-0.0010139352028959625,0.0007773504845243511,,,,,36.5,26.0
6.896724181045261,0.00020909250548336786,0.0008156484016602004,-0.0005619443202013489,,,,,36.5,26.0
6.89922480620155,-9.734156856114891e-05,0.0004704547877241576,-0.0001040181573321983,,,,,36.5,26.0
6.901725431357839,-0.0005616585274128086,-0.0002482490820781776,-0.0007592024838172888,,,,,36.5,26.0
6.904226056514128,-0.0015449796515812522,0.0012305118796020079,0.0026835729640271606,,,,,36.5,26.0
6.906726681670418,0.0014701074122432602,0.00015196536420337042,-0.0006211818559453419,,,,,36.5,26.0
6.909227306826707,-0.0011853365436250507,2.262973016915013e-05,-0.0010132364531456803,,,,,36.5,26.0
6.911727931982996,-0.00022226742170417527,0.0016288885202563877,-0.00045622272949557646,,,,,36.5,26.0
6.9142285571392845,-0.00283479025417835,0.0009271909526726437,-0.0002727497388097437,,,,,36.5,26.0
6.916729182295573,0.0006026268034230855,-0.0010800031290076242,-0.00048630978717670574,,,,,36.5,26.0
6.919229807451863,0.00117287877409267,-0.000991069685410866,-0.000835784435494085,,,,,36.5,26.0
6.921730432608152,0.000331513706353811,-0.001057988385913514,-0.0008218682489354508,,,,,36.5,26.0
6.924231057764441,-0.0002446765072404504,0.0001292482342585397,0.0007093771011443294,,,,,36.5,26.0
6.92673168292073,0.0005308314887445646,0.0003140598365484684,-0.0009928788383687893,,,,,36.5,26.0
6.929232308077019,0.00010516891357505796,-0.0010596243736880652,0.0011157206898042026,,,,,36.5,26.0
6.931732933233308,-0.0006955793132126806,0.0009998201872282687,0.0008215111206032788,,,,,36.5,26.0
6.9342335583895975,-0.00064369663220017,0.00114452241286848,3.919517257651503e-05,,,,,36.5,26.0
6.9367341835458864,-2.61463381227355e-05,-0.0006714501646903464,0.00045306178442384786,,,,,36.5,26.0
6.939234808702175,-6.130354872429531e-05,0.0005284958764786371,0.00010630802077957745,,,,,36.5,26.0
6.941735433858464,5.5581101081090555e-05,0.0005964810275857494,0.0032976937163364138,,,,,36.5,26.0
6.944236059014753,-0.0003342123379616982,-0.0007660014943675621,-0.0016859189550784094,,,,,36.5,26.0
6.946736684171043,0.0015641953743594085,-0.0002319926352899851,0.0010969577150350702,,,,,36.5,26.0
6.949237309327332,0.0010383424079937356,-0.0008773802131515517,-0.00040515684904139974,,,,,36.5,26.0
6.951737934483621,0.0005534581601652677,0.0009995382090806975,8.924887583397279e-06,,,,,36.5,26.0
6.95423855963991,0.0017385421486199233,-0.00010591494269217502,-0.00013381793539197606,,,,,36.5,26.0
6.956739184796199,0.0010002217797713138,1.0985197237198446e-05,-0.0006140879143867027,,,,,36.5,26.0
6.959239809952488,-0.00017440881030202397,-0.0014444033072919917,0.0005604583576058988,,,,,36.5,26.0
6.961740435108777,0.0005717291627625426,-0.0004504272444878485,0.0015630942298019523,,,,,36.5,26.0
6.964241060265066,0.0011021029402286003,-0.0015929096674001633,-0.0002029248285066024,,,,,36.5,26.0
6.966741685421355,0.0015801796386662736,-0.0006470699326473259,0.0007414805137179492,,,,,36.5,26.0
6.969242310577644,-0.0009830769061134374,-0.0013057407982742266,0.00027207438807399343,,,,,36.5,26.0
6.971742935733933,-0.0013189315156242236,-0.000939143165701943,-0.0013408219244913043,,,,,36.5,26.0
6.974243560890223,0.002270904318266486,-0.0011050611728458486,0.0004483195870070746,,,,,36.5,26.0
6.976744186046512,-0.0006657603340885771,-0.00016440641462246055,-0.00021543191512434182,,,,,36.5,26.0
6.9792448112028005,-0.000470486938416922,-0.000810075621648028,-0.00026954025320658073,,,,,36.5,26.0
6.981745436359089,-0.0003053610620666776,-0.0013733985237692555,0.0004334265159501762,,,,,36.5,26.0
6.984246061515378,-0.00018945609669611773,-5.743202734765472e-05,0.0007223784187420068,,,,,36.5,26.0
6.986746686671668,-0.00038414420197623755,0.0015615452257777742,0.0005623163546425924,,,,,36.5,26.0
6.989247311827957,0.0009740693808965255,0.001609621905504486,0.001961078088673618,,,,,36.5,26.0
6.991747936984246,-0.0005574517663460185,-0.0008013082676807364,0.001286011807400547,,,,,36.5,26.0
6.994248562140535,0.0011776448597265422,-3.2706490799156824e-05,-3.983807299036008e-05,,,,,36.5,26.0
6.996749187296824,-0.0007527810634197904,-0.0005395871880271476,-1.9638727087246533e-06,,,,,36.5,26.0
6.9992498124531135,0.0010554132064889742,-0.0007160865058479126,0.00064592547386656,,,,,36.5,26.0
7.001750437609402,0.0020035320387721415,0.0011629210730328048,0.0012229319248225191,,,,,36.5,26.0
7.004251062765691,0.0011250065241966126,0.0005763433200753849,-0.0012382580285263411,,,,,36.5,26.0
7.00675168792198,0.001476868462623934,-0.0009760908601744165,-0.000584950135365682,,,,,36.5,26.0
7.009252313078269,0.002447610702541351,0.0002914008277264813,0.0001965709631367155,,,,,36.5,26.0
7.011752938234558,0.000447993313485062,-0.0005241095693605797,0.00019643688761090448,,,,,36.5,26.0
7.014253563390848,-0.001410220774234421,0.0002091640385023852,0.0008905787762738479,,,,,36.5,26.0
7.016754188547137,-0.0008967315042927862,-0.0004659160645059125,0.00042277642571729283,,,,,36.5,26.0
7.019254813703426,0.0007075072015533763,0.00114863416824973,-0.0012853417369487646,,,,,36.5,26.0
7.0217554388597145,0.00027718000846855683,0.0009219057149635868,0.0014256873200105258,,,,,36.5,26.0
7.024256064016003,0.0005633324241508332,-0.001154862956471558,-0.00016472834440353404,,,,,36.5,26.0
7.026756689172293,0.00046943488281765716,-0.0003011477715989625,0.00010903510059535457,,,,,36.5,26.0
7.029257314328582,0.0013745042909376283,-0.0010511037784703874,0.00024132492367372974,,,,,36.5,26.0
7.031757939484871,-0.000360652386023166,-0.0006483361351454438,-0.0012707575030370133,,,,,36.5,26.0
7.03425856464116,-0.0002285066553601045,0.0001706383207796539,-0.0009633935523159453,,,,,36.5,26.0
7.036759189797449,0.0014084286175964026,0.0008653199338504458,0.0005990892553530929,,,,,36.5,26.0
7.039259814953739,0.0005443872168104818,-0.001001257564815779,-0.0010996927232090955,,,,,36.5,26.0
7.0417604401100276,0.0012676985872512295,-0.00014283818679724114,-0.00038418888925518694,,,,,36.5,26.0
7.0442610652663165,-0.0006659557205815116,0.0013630163181303123,-0.0011950253521849801,,,,,36.5,26.0
7.046761690422605,-0.0015379970472137118,-0.0001393449538253269,0.0008043674802591104,,,,,36.5,26.0
7.049262315578894,-0.0005427699324463064,0.00040964803708365026,-0.0011296313126512958,,,,,36.5,26.0
7.051762940735184,0.00027669248190476857,-0.000529645949086086,-0.00038674198644571414,,,,,36.5,26.0
7.054263565891473,-0.00033072223129248666,0.0006870665598064494,-0.0005943243822989322,,,,,36.5,26.0
7.056764191047762,0.00045424013568929537,-0.0003383673973857107,0.0006635914428266156,,,,,36.5,26.0
7.059264816204051,0.0016806528737224773,-0.000810780602709821,0.0010348345796453873,,,,,36.5,26.0
7.06176544136034,-0.0001595458183643631,-0.00041515251911760005,0.0005546133279546492,,,,,36.5,26.0
7.064266066516629,-0.0014746019932868496,0.0016059451027604509,-0.0005692913962495859,,,,,36.5,26.0
7.066766691672918,-0.0006138138661715377,0.0006159482720386037,-0.00038124305016596364,,,,,36.5,26.0
7.069267316829207,-0.0002725074625661607,-0.00021294248448512385,0.0012121624359669322,,,,,36.5,26.0
7.071767941985496,-0.00015811646407762822,-0.001541347615472132,-0.0006403175468836539,,,,,36.5,26.0
7.074268567141785,-0.0008657434518029181,-0.0008696378343517639,0.00020961820396145285,,,,,36.5,26.0
7.076769192298074,0.0007004022674575355,-0.00030331449197316544,-0.0009231879092216143,,,,,36.5,26.0
7.079269817454364,0.001233057661257742,0.0010531493128788153,0.0001994517179120399,,,,,36.5,26.0
7.081770442610653,0.0001975413647740587,0.0007896258543068757,-0.0007158317131772044,,,,,36.5,26.0
7.084271067766942,-0.0019827282684706992,0.001856837899045607,-0.00011572637519453664,,,,,36.5,26.0
7.0867716929232305,0.0015632032125378285,0.0011919695504233802,-0.000516327500936255,,,,,36.5,26.0
7.089272318079519,0.0012620622733013824,0.0006362196074755889,0.00037557191701629054,,,,,36.5,26.0
7.091772943235809,-7.675012128558375e-07,-0.0008620971594259919,0.001909825847073427,,,,,36.5,26.0
7.094273568392098,0.0009825047977018615,0.0009901555189659238,0.0017877479037938016,,,,,36.5,26.0
7.096774193548387,0.001574069939106308,-0.00037450719652429326,0.0011173261593061567,,,,,36.5,26.0
7.099274818704676,0.0002811156041842363,-0.0024439284939188764,0.0016292829419791894,,,,,36.5,26.0
7.101775443860965,-1.2276808206850502e-05,-4.582988931360948e-05,0.001081446489498837,,,,,36.5,26.0
7.104276069017254,-0.000762062098142032,-0.0005709444727786535,0.0012695231375306705,,,,,36.5,26.0
7.1067766941735435,0.0014843264304189327,0.0001394537467759768,0.0002524441907065978,,,,,36.5,26.0
7.109277319329832,-0.002802229280367752,-0.00028340888229324185,0.00046385266532335766,,,,,36.5,26.0
7.111777944486121,-8.367773215088383e-05,0.0013269842888320813,-0.0012313647041878773,,,,,36.5,26.0
7.11427856964241,3.76903425885663e-05,-0.0015038618060439649,-0.00143141337109568,,,,,36.5,26.0
7.116779194798699,-0.0010793498341356898,0.0014713020338043854,0.0008936706782850257,,,,,36.5,26.0
7.119279819954989,0.0016325543785720735,-0.0009887526501698046,-0.0021257308459832498,,,,,36.5,26.0
7.121780445111278,0.0005633373002412913,0.0007021637137841067,-0.00012954031526445838,,,,,36.5,26.0
7.124281070267567,0.00013777223600106944,0.002597722336636876,-0.0006423636390528605,,,,,36.5,26.0
7.126781695423856,-0.0004593361631743399,0.00011772855523340149,-0.0008246067172770765,,,,,36.5,26.0
7.1292823205801445,-2.6873436271050825e-05,-0.001193147964097761,0.0005973002304022573,,,,,36.5,26.0
7.131782945736434,0.00048469245241967014,0.0005103157072604478,9.479604450379599e-05,,,,,36.5,26.0
7.134283570892723,0.0009869088365604363,0.0017684630454803598,0.0008496364058254264,,,,,36.5,26.0
7.136784196049012,-0.001522662556251729,-0.0004163197269591453,0.0012030735705252506,,,,,36.5,26.0
7.139284821205301,-0.0004831910539745196,0.0009028279179921162,0.00018136413137031878,,,,,36.5,26.0
7.14178544636159,0.00039306578228640043,0.0005050515839250614,0.0002986066966816471,,,,,36.5,26.0
7.144286071517879,-0.0003595416468985359,0.0009771586446431296,-0.0007936836020542708,,,,,36.5,26.0
7.146786696674169,0.0010318426598047617,-0.00029229377231616133,0.0007041625742204609,,,,,36.5,26.0
7.149287321830458,0.00023555109112933205,0.00018500218692802867,0.0007034145347140629,,,,,36.5,26.0
7.1517879469867465,-0.0026606603494811875,-0.0006162960653646787,-9.500562641778904e-05,,,,,36.5,26.0
7.154288572143035,-0.0005838952901701974,-0.00047377356663360254,-0.0020517846236942487,,,,,36.5,26.0
7.156789197299324,0.0004206261798545226,0.001187454103095274,-0.0016484799505036261,,,,,36.5,26.0
7.159289822455614,-0.0009337391973858334,0.0011344230306128307,-7.865137677056839e-05,,,,,36.5,26.0
7.161790447611903,0.000482844886105092,-0.0005949864374865071,0.001951051489523478,,,,,36.5,26.0
7.164291072768192,0.002016731431417167,0.0010276794444468264,-0.00010885646280866249,,,,,36.5,26.0
7.166791697924481,-0.0013105762423798917,-0.00034207871113387477,0.0005851956010153305,,,,,36.5,26.0
7.16929232308077,-0.0008086453937062899,0.00023259018615566553,-0.0005437865619979078,,,,,36.5,26.0
7.1717929482370595,2.6766446354251633e-06,-0.00014668902040511264,-0.001464844882697204,,,,,36.5,26.0
7.174293573393348,-0.0005478110016346965,-1.3176859846016457e-05,-0.00030521462560154463,,,,,36.5,26.0
7.176794198549637,0.0005655309438989377,0.0011479407727816478,0.0016904670157643258,,,,,36.5,26.0
7.179294823705926,2.2883584850834907e-05,-0.00018578796059945168,0.0017956942935846724,,,,,36.5,26.0
7.181795448862215,-0.000865186552722522,0.0007233169614203559,5.8055148613165935e-05,,,,,36.5,26.0
7.184296074018504,0.0006802609624666675,-0.00028422052794841644,0.00017007623734199433,,,,,36.5,26.0
7.186796699174794,0.0005219554818557907,0.0007118067283592533,-0.0006343513794204375,,,,,36.5,26.0
7.189297324331083,-0.0003873482420864463,8.927102432536366e-05,0.0007586995579444894,,,,,36.5,26.0
7.191797949487372,-0.0011500509098185765,0.0012788872375205146,-0.0004667823887218774,,,,,36.5,26.0
7.1942985746436605,0.0016634536274546096,-0.0011564469911715949,-0.0009512880563171205,,,,,36.5,26.0
7.196799199799949,0.0002995373008693303,0.00041747401389764284,0.00041168972748588194,,,,,36.5,26.0
7.199299824956239,0.0015688673689841122,-0.0006017423305748568,-0.0007079249135121996,,,,,36.5,26.0
7.201800450112528,0.0006738546582437622,0.0003052733531810118,0.0011166153142806456,,,,,36.5,26.0
7.204301075268817,-0.00036128367279174154,0.00027815388209175235,0.0007129212102024532,,,,,36.5,26.0
7.206801700425106,0.0009655867445313265,0.0021668878300492305,0.000802845675459431,,,,,36.5,26.0
7.209302325581395,0.0016097307577795008,0.0016892695703221556,-0.00047281707232710226,,,,,36.5,26.0
7.211802950737685,0.000942025233104584,-0.0006283728331658139,0.0004910142703775487,,,,,36.5,26.0
7.2143035758939735,-0.0006843144817667847,-0.0012999622572991555,0.0014875240383473,,,,,36.5,26.0
7.216804201050262,-0.0008283590899430711,0.0018048047486761286,0.0007436733389104259,,,,,36.5,26.0
7.219304826206551,-5.570890190517786e-06,0.0027806972087177704,0.0001464751171881237,,,,,36.5,26.0
7.22180545136284,0.00011340014094349519,-0.0009008200390892665,-0.0007400398853536167,,,,,36.5,26.0
7.22430607651913,-0.0013348522921176804,-0.0002990341167483188,-0.0006790303059106524,,,,,36.5,26.0
7.226806701675419,0.0015105943853909482,-8.270229162746393e-05,-0.0016690697441244648,,,,,36.5,26.0
7.229307326831708,0.0006759029467748419,-0.0006880191982443197,-0.000934785431600576,,,,,36.5,26.0
7.231807951987997,-0.0006933725523015365,-0.0009844442721688234,-0.0017285754534222123,,,,,36.5,26.0
7.234308577144286,-0.0004308460720049735,0.0007425456732339294,0.00019817619662387747,,,,,36.5,26.0
7.236809202300575,0.0002965718164961794,0.001376213524763315,-0.0002650182791752836,,,,,36.5,26.0
7.239309827456864,-0.0009819793687748234,0.0005440185439383217,0.00020707077002229775,,,,,36.5,26.0
7.241810452613153,-0.0003043935025405328,0.0019928724791212584,-0.0013372566005175805,,,,,36.5,26.0
7.244311077769442,0.00041831578398964436,0.0010707900540763513,0.0008186341968308082,,,,,36.5,26.0
7.246811702925731,-0.0006234190035597504,0.0011447582316525887,-0.0008502765004588154,,,,,36.5,26.0
7.24931232808202,0.0006354345897139261,0.0003795176426549999,-0.00017271735118945257,,,,,36.5,26.0
7.25181295323831,0.000783168225054588,0.00010944734295360144,0.00037126965551365185,,,,,36.5,26.0
7.254313578394599,0.0015858196784876428,0.00044250545372722587,-0.0009783993938819765,,,,,36.5,26.0
7.256814203550888,-0.0006382541510165665,-0.0001620364900232994,0.00017624113172225165,,,,,36.5,26.0
7.2593148287071765,-0.0011128735203597025,-0.0001766416271658858,-0.00016795048645363043,,,,,36.5,26.0
7.261815453863465,5.919901601236087e-05,-0.0010611669378629786,0.0010179616027255667,,,,,36.5,26.0
7.264316079019755,0.0015188057564048164,0.0008413866809556837,0.00028315772136494393,,,,,36.5,26.0
7.266816704176044,-0.0002035968266573873,-0.000358977491366553,-0.0005910023801742749,,,,,36.5,26.0
7.269317329332333,0.0004524277972295334,-0.0011208615345952395,-0.0004573374237764761,,,,,36.5,26.0
7.271817954488622,-0.0016832184375745664,-0.0003209095869765849,-0.0005686668188090702,,,,,36.5,26.0
7.274318579644911,0.001387314434526808,-0.0007983723757885422,0.0002186872077587318,,,,,36.5,26.0
7.2768192048012,0.00020944961859885308,-0.00041197494032984357,0.0012244008888877098,,,,,36.5,26.0
7.2793198299574895,0.001480823935352183,0.0006973678431218619,-0.0018974468856063221,,,,,36.5,26.0
7.281820455113778,0.0016914138185513234,0.001020348586122439,0.0010037761274464137,,,,,36.5,26.0
7.284321080270067,0.0004909661034654996,-0.00039877717471819353,0.001356837497804538,,,,,36.5,26.0
7.286821705426356,0.0013821477574531193,-0.0004845963609026302,-0.0014690569093277028,,,,,36.5,26.0
7.289322330582645,0.0008657142554188345,-0.00037784956441911613,0.00031402591351514293,,,,,36.5,26.0
7.291822955738935,-0.0002467245202751751,-0.00013007144634456233,0.0009723285672886033,,,,,36.5,26.0
7.294323580895224,0.00016044837606676935,0.0005817919416225882,0.0020411004049599255,,,,,36.5,26.0
7.296824206051513,-0.0008111888203161321,4.374050007425946e-05,0.0012762149894672554,,,,,36.5,26.0
7.299324831207802,0.00037928768426883036,-0.00021715042954066562,-0.000693651839635457,,,,,36.5,26.0
7.3018254563640905,-0.0006024860316078215,-0.00011764460936825532,0.000887126228038854,,,,,36.5,26.0
7.30432608152038,-0.0002889980236057386,-0.0011476067162737235,-0.0008498695438285213,,,,,36.5,26.0
7.306826706676669,0.001434485950369825,0.000794065088770655,-0.001833500785211068,,,,,36.5,26.0
7.309327331832958,-0.0011609346746196156,0.0008953164679717426,0.0013173629768629602,,,,,36.5,26.0
7.311827956989247,-0.0002080809308357104,0.0016483424546790129,-0.0005800781280338795,,,,,36.5,26.0
7.314328582145536,0.0002679065919432736,-2.443780173996481e-06,-0.0004756838018998326,,,,,36.5,26.0
7.316829207301825,-0.0002600029907248277,0.00012098438783314316,0.0019124769605995023,,,,,36.5,26.0
7.319329832458115,0.001421311218861627,-0.0006620082288920735,0.0005312126068412623,,,,,36.5,26.0
7.3218304576144035,-0.0008625572546522988,6.959801891107249e-05,-0.0015363321503845475,,,,,36.5,26.0
7.3243310827706924,0.0003375951812136016,0.0011071451237757057,0.0008616937125720233,,,,,36.5,26.0
7.326831707926981,-0.00027138789058472207,1.736152523299242e-05,-0.0009399480096903325,,,,,36.5,26.0
7.32933233308327,-0.0006335294293313977,-0.000509466676754674,0.0012570555222909487,,,,,36.5,26.0
7.33183295823956,0.0006038530581480973,0.0002828446430949719,-0.0005209724789777997,,,,,36.5,26.0
7.334333583395849,3.4218117442390736e-05,-0.0008204860128425836,-0.0015158676519407565,,,,,36.5,26.0
7.336834208552138,0.00032339564999514406,0.0009115986152124634,-8.686262341023867e-05,,,,,36.5,26.0
7.339334833708427,0.003280346460626374,0.001737275952099759,-0.0009447671366568574,,,,,36.5,26.0
7.341835458864716,-0.0012335394857711803,-0.000859683712523344,-9.088163733361846e-05,,,,,36.5,26.0
7.3443360840210055,0.0015172798888433646,-0.0005128247526980129,-8.348254314865718e-06,,,,,36.5,26.0
7.346836709177294,0.00028995680318287526,0.0013445086595380083,0.0020617977606550786,,,,,36.5,26.0
7.349337334333583,-0.00015729256346675425,0.0011585421195317498,0.0022535842554340887,,,,,36.5,26.0
7.351837959489872,0.00046531660182828075,0.001438233398704691,0.001869369962150221,,,,,36.5,26.0
7.354338584646161,0.0018484050031901083,-0.0007948475866410879,0.0005046994353441042,,,,,36.5,26.0
7.35683920980245,-0.0012236797882051835,-1.4375593396517492e-05,-0.0005786761218391461,,,,,36.5,26.0
7.35933983495874,0.00022402391008883926,-0.001101120666616817,-0.0006726972938023767,,,,,36.5,26.0
7.361840460115029,0.00010113050072459436,0.0007546314913788904,-0.0014825004292229559,,,,,36.5,26.0
7.364341085271318,0.0007340295866415955,0.0010087014206784086,-0.0011779769290240377,,,,,36.5,26.0
7.3668417104276065,0.000309215601053578,6.387463373345801e-05,0.0010711788264463427,,,,,36.5,26.0
7.369342335583895,0.0006810981852145646,0.0002082064066453305,0.00046197708234421795,,,,,36.5,26.0
7.371842960740185,8.028895745497057e-05,-0.0011008302339381394,-0.0005264128041023472,,,,,36.5,26.0
7.374343585896474,0.00034653307233861415,-0.0011495090664771965,-0.0008169979671283899,,,,,36.5,26.0
7.376844211052763,0.00014139379017136757,-0.001432870618361175,-0.00020921935548974538,,,,,36.5,26.0
7.379344836209052,-0.00048072114926156815,-0.0008684372911206429,-0.0009164644947149468,,,,,36.5,26.0
7.381845461365341,7.74285226212352e-05,0.00022347100229758968,0.0007010019228622993,,,,,36.5,26.0
7.384346086521631,-0.0014468192692850108,0.0010184231341669088,0.0003953792449098092,,,,,36.5,26.0
7.3868467116779195,-0.0005483535725956112,0.0009976072125091058,-0.0005186970259476768,,,,,36.5,26.0
7.389347336834208,-0.0010655715324484063,-0.0006755487555520966,0.00015861400712380202,,,,,36.5,26.0
7.391847961990497,-0.0010320176899856163,-0.000231692373813544,-0.001190639376913156,,,,,36.5,26.0
7.394348587146786,-0.00012822036711443094,-0.0007182314616906708,-0.00032242786241882035,,,,,36.5,26.0
7.396849212303076,-0.0012192162719613115,0.00028994040540712484,-2.572664391542113e-05,,,,,36.5,26.0
7.399349837459365,-0.0017396010222991375,-0.0007111054645104303,0.00035351172347725243,,,,,36.5,26.0
7.401850462615654,-0.0018858964097158645,-0.0018467065892290118,-0.0012025886898719225,,,,,36.5,26.0
7.404351087771943,-0.0006342216372134786,-0.00021889053281637244,0.00042371153137204696,,,,,36.5,26.0
7.406851712928232,-0.0014716325363879873,-0.00015327048410987014,0.0007534576906160834,,,,,36.5,26.0
7.4093523380845205,-0.0008451347880715913,0.0005772281581616456,0.0007227302892738796,,,,,36.5,26.0
7.41185296324081,0.001702784078406244,0.0017122434836767256,-0.00023265326055568628,,,,,36.5,26.0
7.414353588397099,0.0005958900330426916,-0.0012971227813703453,0.0010276254051329785,,,,,36.5,26.0
7.416854213553388,-0.001839727349856074,0.0006768012581135464,-0.0005896480726982273,,,,,36.5,26.0
7.419354838709677,-0.0007876156736406033,-0.00020010140162598784,0.0008943725515704003,,,,,36.5,26.0
7.421855463865966,-0.0013415858221414224,-0.0005968928462461091,-0.0004671982055075788,,,,,36.5,26.0
7.424356089022256,-0.00018119195328418828,0.0009855436999215992,-0.001272456586861575,,,,,36.5,26.0
7.426856714178545,-0.000618464597014107,0.0005630483518350201,0.0013919774082554823,,,,,36.5,26.0
7.4293573393348336,-0.0011138759768269204,-5.770476637736419e-05,-0.00044818846488791205,,,,,36.5,26.0
7.4318579644911225,0.0014467504825816755,0.001277800388044247,1.407992633747992e-05,,,,,36.5,26.0
7.434358589647411,0.00171386051020161,6.302897085783108e-05,0.0007742373993463423,,,,,36.5,26.0
7.436859214803701,0.0002011132246002654,0.0013622056416113994,-0.001071338577288708,,,,,36.5,26.0
7.43935983995999,-0.001005033695544419,-0.0008255858672310218,0.0019736217571087785,,,,,36.5,26.0
7.441860465116279,0.00056705068363178,-0.0007756799350513174,0.000422808829096913,,,,,36.5,26.0
7.444361090272568,-0.0013825886690811238,-0.0007445815458152625,0.00045263805308160324,,,,,36.5,26.0
7.446861715428857,0.0006189936722111393,-0.0007383483056696334,-0.0008864128974589667,,,,,36.5,26.0
7.449362340585146,0.0002754695959484755,-0.00013409181564556845,0.0006516771408658512,,,,,36.5,26.0
7.4518629657414355,-0.0018050987737355118,0.00024346054068907438,0.0010751517172881767,,,,,36.5,26.0
7.454363590897724,0.0002416998899587622,-0.0008194290815221461,-0.0013855085699707962,,,,,36.5,26.0
7.456864216054013,0.0001021372820613974,-0.001430160845560476,-0.0007458285644502247,,,,,36.5,26.0
7.459364841210302,0.0005430385775519013,-0.001886523648650472,-0.001240451403556436,,,,,36.5,26.0
7.461865466366591,-0.00040316936444890475,0.00014577206255298177,0.00036466052752173316,,,,,36.5,26.0
7.464366091522881,0.0007690852949602112,0.0004979992355195097,0.0031186550400236056,,,,,36.5,26.0
7.46686671667917,0.0016536681667926737,0.0008895286427155001,-0.000719228797325918,,,,,36.5,26.0
7.469367341835459,0.0010923923977379387,0.001345675460477939,-0.0008274073438711511,,,,,36.5,26.0
7.471867966991748,-0.0005151438134144409,-0.0007145028811882448,0.0010123064957160424,,,,,36.5,26.0
7.4743685921480365,0.0012276771785280033,0.0010520762505737188,0.0008653377264655685,,,,,36.5,26.0
7.476869217304326,0.0012085599238497052,-0.0010172451273526648,-0.000433013322216666,,,,,36.5,26.0
7.479369842460615,-0.0009406114949998281,0.0010318145677288269,-0.0005699019705712158,,,,,36.5,26.0
7.481870467616904,-0.0016490973586159024,0.0009674640840802108,-0.0004286920405651599,,,,,36.5,26.0
7.484371092773193,-0.00035870243719481585,-0.001187306134619232,0.0007978293056521679,,,,,36.5,26.0
7.486871717929482,0.0021072684455877002,-0.0006385147649631831,0.0006214208556475856,,,,,36.5,26.0
7.489372343085771,0.0003616417002636843,-0.00033638369458095373,0.001370988297282053,,,,,36.5,26.0
7.491872968242061,-0.00045488376183311753,0.001796523504095669,0.0008993123507449884,,,,,36.5,26.0
7.4943735933983495,0.0001162324975437109,0.0008890195660096397,-0.0008635880609018129,,,,,36.5,26.0
7.496874218554638,0.00024117236513396644,-0.0017053730517421878,0.00017018479303254752,,,,,36.5,26.0
7.499374843710927,0.0007925402757240963,0.0005820754403615601,0.0006787465523302525,,,,,36.5,26.0
7.501875468867216,-7.448236771404744e-05,-0.0006614399117644538,-0.00012358768685473588,,,,,36.5,26.0
7.504376094023506,-0.001978659764329262,-0.002536243825353331,0.00015374388249554858,,,,,36.5,26.0
7.506876719179795,-7.674354491051726e-05,-0.0005870409183596214,-0.00048140440289394406,,,,,36.5,26.0
7.509377344336084,-8.070063268050977e-05,0.0005217016989848914,-0.0011183209918733557,,,,,36.5,26.0
7.511877969492373,0.00048282470010887574,0.00167925935482637,0.001312781579457787,,,,,36.5,26.0
7.514378594648662,0.00013912665680332917,-0.0022958989757422394,-0.00018152777547865212,,,,,36.5,26.0
7.516879219804951,-0.00045713926603104985,-0.0017083790875637816,0.0010545853714280498,,,,,36.5,26.0
7.51937984496124,0.0006970184680141805,-0.0006989807926376667,-0.001543480745970254,,,,,36.5,26.0
7.521880470117529,0.0015318670762419888,0.0005836493300630226,0.0008962641042671867,,,,,36.5,26.0
7.524381095273818,-0.00024908677671815885,0.0021966085454422054,-0.001579231437907815,,,,,36.5,26.0
7.526881720430107,0.0002291788677868498,-0.000951556450920368,0.0007490792149975744,,,,,36.5,26.0
7.529382345586397,0.0009305716822589515,0.0015713491701050953,-0.000731446948805799,,,,,36.5,26.0
7.531882970742686,-0.0013294958285815519,-0.0005984601250362401,-0.0001363026792772499,,,,,36.5,26.0
7.534383595898975,-0.00021635340232289187,-0.00037755041913195705,0.0011616925727590017,,,,,36.5,26.0
7.536884221055264,0.0008961360376858745,0.0009549831875952698,0.0015157510559560715,,,,,36.5,26.0
7.5393848462115525,0.0006457640818693738,1.4298477385395974e-05,0.0006416667951944298,,,,,36.5,26.0
7.541885471367841,-0.0008685701464643094,-1.552553588379713e-05,0.00014707225646724365,,,,,36.5,26.0
7.544386096524131,0.0009215618652720659,0.0008989792401607077,0.00016824044440403162,,,,,36.5,26.0
7.54688672168042,0.0012653868220021426,-0.00023210108812868178,-8.809493646148812e-05,,,,,36.5,26.0
7.549387346836709,-0.0017088714116306814,0.0009263486444474564,0.001768592349317594,,,,,36.5,26.0
7.551887971992998,-0.001185032714011204,6.077452035051573e-05,0.00028487576126255963,,,,,36.5,26.0
7.554388597149287,-0.0007286339744458592,0.0013053678977767668,-0.0009499678995903825,,,,,36.5,26.0
7.556889222305577,0.0006995187307904089,0.001017918981197416,-0.00042019687937754475,,,,,36.5,26.0
7.5593898474618655,6.418366717986152e-05,0.0007414471772822462,-0.0008866686437272299,,,,,36.5,26.0
7.561890472618154,-0.0004215324758648685,-0.00047166698789938023,0.0009478760756115549,,,,,36.5,26.0
7.564391097774443,-0.0014047481681729443,-0.0013996259574385172,0.00028324567987899447,,,,,36.5,26.0
7.566891722930732,0.0020611106485260914,0.0002929901811838207,-0.00038909221292448204,,,,,36.5,26.0
7.569392348087022,0.0014825032870067572,-7.636154466084038e-05,0.00033130514098563777,,,,,36.5,26.0
7.571892973243311,-0.0014031366931192973,-0.0005641503781021204,0.0007288638106463573,,,,,36.5,26.0
7.5743935983996,0.0005760513037254579,0.0005695530273016603,0.0018780777189950414,,,,,36.5,26.0
7.576894223555889,0.0009536192032052125,-0.0010813557440393672,0.0006391675333612041,,,,,36.5,26.0
7.579394848712178,-0.00018130922451641275,-0.0023314057053973884,0.0006409041035780354,,,,,36.5,26.0
7.5818954738684665,-0.00035543184846194184,-0.0014688829937671757,-0.00036458869155095414,,,,,36.5,26.0
7.584396099024756,-0.0011342388730904527,0.0003959991083912872,-0.0007598180899097535,,,,,36.5,26.0
7.586896724181045,-0.00042028568937333316,0.0005987866905455008,-0.0002601519615537023,,,,,36.5,26.0
7.589397349337334,-0.0006753453896141656,0.0006506002076292053,0.0010621178560852437,,,,,36.5,26.0
7.591897974493623,-0.0005038017744579316,-0.0008405283123113611,-4.9336342976122265e-05,,,,,36.5,26.0
7.594398599649912,0.0010945780832659264,-0.0016759507169458255,0.00014970121400489654,,,,,36.5,26.0
7.596899224806202,-0.00011270649620829964,0.001924286448518284,0.00040962653343316267,,,,,36.5,26.0
7.599399849962491,0.000583439966717256,0.0005158496978941966,-4.66427177623307e-05,,,,,36.5,26.0
7.6019004751187795,-0.0013654066690074302,2.602145166747222e-05,0.0004615604473187028,,,,,36.5,26.0
7.604401100275068,-0.001172930284290133,-0.001512268297826524,-0.00019628512019362703,,,,,36.5,26.0
7.606901725431357,0.0006001378356523918,-0.00015423426318243648,-0.0009165920054286131,,,,,36.5,26.0
7.609402350587647,-0.0006853870957791052,0.00023282659496758157,0.0008150742549660809,,,,,36.5,26.0
7.611902975743936,-0.0008364179250195822,0.00031948010559719936,0.0004280982953024449,,,,,36.5,26.0
7.614403600900225,-0.0018363206825101309,0.0009400294593328402,9.586583406128406e-05,,,,,36.5,26.0
7.616904226056514,5.789411192763227e-05,0.0018219262487398312,0.0001278565923469156,,,,,36.5,26.0
7.619404851212803,4.497759632378499e-05,-0.0003332769920018126,-0.0005066496514924681,,,,,36.5,26.0
7.621905476369092,0.0003986068861197352,-0.0010310127950547798,-0.0009416848781750186,,,,,36.5,26.0
7.6244061015253815,-0.000678857651820563,-0.0002904643082928849,2.095938743608697e-05,,,,,36.5,26.0
7.62690672668167,-0.0011526277742123024,0.0003004748787249717,0.0015998194149951567,,,,,36.5,26.0
7.629407351837959,0.0008684377117900413,0.0009394950273045426,-0.0011890491849178232,,,,,36.5,26.0
7.631907976994248,-0.001030476354400489,-0.0007492719789805519,6.137932986306897e-06,,,,,36.5,26.0
7.634408602150537,-0.00013786243674526814,0.0009912702650786526,-0.0007837040828420561,,,,,36.5,26.0
7.636909227306827,0.00020824250443226582,-0.00048221790545719973,-0.0016186801676953732,,,,,36.5,26.0
7.639409852463116,-0.0007317446133963948,-0.0005235654182804677,-0.0003073973226004429,,,,,36.5,26.0
7.641910477619405,0.0017787086162652842,0.0003081747826680464,0.0008997792394209918,,,,,36.5,26.0
7.644411102775694,0.001192014367622393,0.00031230299436017166,0.0004577788955983371,,,,,36.5,26.0
7.6469117279319825,0.0015210565543455582,0.00026849079995325774,0.003026189017846007,,,,,36.5,26.0
7.649412353088272,-1.7661658692522417e-05,0.00042785753383091786,0.0013764756812228618,,,,,36.5,26.0
7.651912978244561,-0.001947732919656193,0.00012104406213292561,0.0007071722915645783,,,,,36.5,26.0
7.65441360340085,-0.0007042303166997174,-7.990654218356191e-05,0.0007503818700533289,,,,,36.5,26.0
7.656914228557139,-0.00130568244523984,-0.0013312346912937964,-0.00023926382750967662,,,,,36.5,26.0
7.659414853713428,0.0006027946754598173,-0.00038237793854326826,-0.0012919592232173138,,,,,36.5,26.0
7.661915478869717,-0.0006945393044933092,0.0006806600272578527,-0.0007446174531792407,,,,,36.5,26.0
7.664416104026007,0.0014626369447712606,-0.0010588889012103496,0.0006115879535435598,,,,,36.5,26.0
7.6669167291822955,0.0009972527984067866,0.00035538915392758754,-0.0012140993467474116,,,,,36.5,26.0
7.669417354338584,-0.0018418782233932522,0.0012529402325159,-0.0018663899893296212,,,,,36.5,26.0
7.671917979494873,-0.0027490363471818786,-0.0009266934309171005,0.0012201239803558315,,,,,36.5,26.0
7.674418604651162,-0.0010268176864928753,0.0008043571384910402,-0.0011024834119326048,,,,,36.5,26.0
7.676919229807452,-0.00022012582144590581,-0.0006010221002243232,0.0015524231326711835,,,,,36.5,26.0
7.679419854963741,0.00031582050891460015,0.0013613569916460446,0.000247157953291885,,,,,36.5,26.0
7.68192048012003,-0.0001433329934023156,0.0006919587645669947,-0.00034770097556390195,,,,,36.5,26.0
7.684421105276319,0.0005702511104590692,-0.0008799372888786784,-0.0017770226722709506,,,,,36.5,26.0
7.686921730432608,-0.0001763887608653091,0.00021789612073926218,-0.0008321573576565425,,,,,36.5,26.0
7.689422355588897,0.00019951698288209982,-0.0008737713181384949,-0.0010889416671876707,,,,,36.5,26.0
7.691922980745186,-0.0012559496826937125,0.0008267594275052897,0.0004741332153175044,,,,,36.5,26.0
7.694423605901475,0.0002658470518020916,-0.0009962737792480912,-0.0009039029278661603,,,,,36.5,26.0
7.696924231057764,-0.0005839659236675027,-0.0008009857416839387,0.0010675822668305922,,,,,36.5,26.0
7.699424856214053,0.0012302791661474104,0.0012163337725292725,0.00011327647628626292,,,,,36.5,26.0
7.701925481370343,-0.0011612031268011993,-6.568078879216466e-05,0.00010117270814089873,,,,,36.5,26.0
7.704426106526632,-9.860634989888078e-05,-0.0008656807053599667,-0.0007797006908248986,,,,,36.5,26.0
7.706926731682921,-0.002045450974443907,-0.0019385912828166763,0.0005843537127691996,,,,,36.5,26.0
7.7094273568392095,-0.0009977330150443503,0.0005075007877818725,-0.0012447837197552612,,,,,36.5,26.0
7.7119279819954984,-0.0010658709933041932,0.00030779019000807823,0.0003864864191363263,,,,,36.5,26.0
7.714428607151787,-0.0005724045155878773,-0.0013768821755582614,-0.0004296967417382084,,,,,36.5,26.0
7.716929232308077,-0.000893179828485275,-0.00121345566532227,-0.0008979513734875026,,,,,36.5,26.0
7.719429857464366,-0.0018533386210091334,0.0005839906847338232,0.00024493739248783523,,,,,36.5,26.0
7.721930482620655,-0.0006635759702041254,0.000930190558981013,0.0008156744708845005,,,,,36.5,26.0
7.724431107776944,0.0003186876168809307,-0.0007391727624216321,0.0005943011533048041,,,,,36.5,26.0
7.726931732933233,-0.0016774240578880822,-0.0003002844709503589,-0.0008033959440973358,,,,,36.5,26.0
7.729432358089523,0.0013991604570506267,-0.0012137112646931005,-0.0012395563553724977,,,,,36.5,26.0
7.7319329832458115,0.00010362096477576479,-0.000247763310583473,0.00017688335648977893,,,,,36.5,26.0
7.7344336084021,-0.00011666558015326829,0.0003974640998067915,-0.0012954009015020138,,,,,36.5,26.0
7.736934233558389,4.3979924539182286e-05,-0.0010744105508151938,-0.001835530285578736,,,,,36.5,26.0
7.739434858714678,-0.0016971771543369892,-0.0016155371847162575,-0.0003558096046597724,,,,,36.5,26.0
7.741935483870968,-0.0012857764292150849,0.00019039732727933783,0.00017537988324716725,,,,,36.5,26.0
7.744436109027257,0.0007702108025614516,0.000994852642536984,-0.0006471783182208445,,,,,36.5,26.0
7.746936734183546,0.00017199109379140894,0.0005061041433415843,0.0022078483393319854,,,,,36.5,26.0
7.749437359339835,0.002806162561772136,0.001673480340440189,-0.00020776361322843087,,,,,36.5,26.0
7.751937984496124,0.0004580115721549704,0.0008157000907310195,-0.0012498843959171135,,,,,36.5,26.0
7.7544386096524125,-0.0010542358410866772,-0.0008737719377348488,0.00015670383017500538,,,,,36.5,26.0
7.756939234808702,0.00018252969394586706,0.000790546113233601,-0.0006965733015218903,,,,,36.5,26.0
7.759439859964991,-0.0002600882339098664,-0.001972793797786439,0.0012313954813097095,,,,,36.5,26.0
7.76194048512128,0.0014086185764109976,-1.6269505265452283e-05,-0.0011047995052018357,,,,,36.5,26.0
7.764441110277569,0.00024376360237151097,0.00026132079221278696,-5.768528417401051e-05,,,,,36.5,26.0
7.766941735433858,-0.00040697660654346425,0.001151216786400645,0.0019312633741646254,,,,,36.5,26.0
7.769442360590148,0.0005703233540933575,2.9608781625048863e-05,0.002095955008305238,,,,,36.5,26.0
7.771942985746437,-0.0006094649589274605,-0.00073634634917595,-0.0006003263825776946,,,,,36.5,26.0
7.7744436109027255,0.0004940477496098919,0.000945094246949212,0.00230913965258609,,,,,36.5,26.0
7.776944236059014,-0.000639879509997325,0.0016570458754229045,-0.0021679169546861147,,,,,36.5,26.0
7.779444861215303,-0.00032619224247266775,-0.0012963894729874574,0.0016150904300664985,,,,,36.5,26.0
7.781945486371593,0.001452579137505016,0.0003449819406061848,0.0014775759336278784,,,,,36.5,26.0
7.784446111527882,0.0006084666353207588,-0.000263056641141829,0.00031813746236940716,,,,,36.5,26.0
7.786946736684171,-0.002611430133940119,-0.0002981417739491038,0.0015584183803003186,,,,,36.5,26.0
7.78944736184046,-0.00022274823257617166,6.478329268996666e-05,-0.001313364925472967,,,,,36.5,26.0
7.791947986996749,-0.0001556727059875858,0.0010044503465087872,-8.60514643278324e-05,,,,,36.5,26.0
7.794448612153038,0.0003907937398061063,0.0011290696034617115,-0.001620732524981441,,,,,36.5,26.0
7.796949237309327,-0.0016442745766778932,0.00022530156337956044,0.00088300584530248,,,,,36.5,26.0
7.799449862465616,-0.0023961399284556225,-0.00032170513818770004,0.001378246733886666,,,,,36.5,26.0
7.801950487621905,-0.0005977505544376426,0.0012463960608017832,-0.002333206314499585,,,,,36.5,26.0
7.804451112778194,0.0008722628324790734,0.000580566140032643,0.0004697457921129763,,,,,36.5,26.0
7.806951737934483,0.0004311211692980727,-0.0002617278988894793,-0.00038512141071513214,,,,,36.5,26.0
7.809452363090773,-0.001317659220497344,0.0008409327487774568,-0.00048115688098072397,,,,,36.5,26.0
7.811952988247062,0.0007544712503166831,-0.0009052649661350759,0.0010581754962832458,,,,,36.5,26.0
7.814453613403351,-0.001808152113561194,-0.0008721973948863979,0.0008161900874346698,,,,,36.5,26.0
7.81695423855964,-0.0001431554859755768,-0.002467252382891734,0.00025548077520856833,,,,,36.5,26.0
7.8194548637159285,1.4780696442178733e-05,0.0007582142602572078,-0.0005560098790571125,,,,,36.5,26.0
7.821955488872218,-0.0008200226962509364,0.0003814275372505719,-7.356805223452057e-05,,,,,36.5,26.0
7.824456114028507,0.0005518700072684808,-0.0008680705676444091,0.0002726659541452276,,,,,36.5,26.0
7.826956739184796,0.0007167982958177515,0.0004463547686784924,9.196955864980713e-05,,,,,36.5,26.0
7.829457364341085,-1.9949155638420932e-05,0.0009972578986901018,-0.00037706186835783257,,,,,36.5,26.0
7.831957989497374,0.00031203529109648644,-0.00030235022358214586,0.001226912479030173,,,,,36.5,26.0
7.834458614653663,0.0016356964525871358,-9.596490131660488e-05,0.0009103313493641868,,,,,36.5,26.0
7.836959239809953,-0.002094382717646017,0.0012538329722619793,-3.249725236824651e-05,,,,,36.5,26.0
7.8394598649662415,0.001926932834179715,0.0003545367381165128,-0.0005555415033172195,,,,,36.5,26.0
7.84196049012253,-0.0015356744580335916,-0.0006121555115112062,0.00012304493408490108,,,,,36.5,26.0
7.844461115278819,-0.0005767465682279219,0.0001317773841449104,-0.0008323224753450998,,,,,36.5,26.0
7.846961740435108,1.8346082416875743e-05,-0.0003743923366145827,0.0006526810795431067,,,,,36.5,26.0
7.849462365591398,0.0010673188189743391,-0.001466027520894856,9.947204637034284e-05,,,,,36.5,26.0
7.851962990747687,-0.000818899919488462,-0.0010664846479754861,-0.000705736959730317,,,,,36.5,26.0
7.854463615903976,0.00023228876961021433,0.0009380046222047111,-7.911517188583729e-06,,,,,36.5,26.0
7.856964241060265,-0.0007696975865293204,-0.0009007576621597474,0.0005111216479999905,,,,,36.5,26.0
7.859464866216554,0.0009407359893628794,-0.001783688166275107,0.0013981714478927024,,,,,36.5,26.0
7.861965491372843,-0.00028710300295560693,0.002332810268130535,0.0009190159605187556,,,,,36.5,26.0
7.864466116529132,2.999694502483473e-05,0.0028693658237931158,-8.83999430825456e-05,,,,,36.5,26.0
7.866966741685421,0.00013445993357845385,0.0011777849960340357,-0.003077351785430737,,,,,36.5,26.0
7.86946736684171,-9.446356498267053e-05,-0.001700289244568313,-0.0014494287629625792,,,,,36.5,26.0
7.871967991997999,0.0002796034703832401,-0.0007277680110078145,-0.00018173852172282176,,,,,36.5,26.0
7.874468617154289,0.0006892151470171336,0.0002038753493235058,0.0016385834636752,,,,,36.5,26.0
7.876969242310578,0.001903222499013988,-0.0011195529831112383,6.181857463131964e-05,,,,,36.5,26.0
7.879469867466867,7.212843448927497e-05,0.0009119684915208547,-0.0017264393871650658,,,,,36.5,26.0
7.8819704926231555,5.20512275563582e-05,0.0006989759671344073,0.00016580386388071028,,,,,36.5,26.0
7.884471117779444,-0.00070073882363747,0.0009703010189939683,0.0003679426269850086,,,,,36.5,26.0
7.886971742935733,-0.00023608018632246516,-0.00029378598422087886,0.001933738300148907,,,,,36.5,26.0
7.889472368092023,0.00048370499333823865,-0.0003904485424296594,0.0006386337381626247,,,,,36.5,26.0
7.891972993248312,0.0006264034619646857,-0.0005696929015254413,-0.0007439450836630253,,,,,36.5,26.0
7.894473618404601,0.00022513836084888598,-0.0012958338231327303,0.0010030302988268051,,,,,36.5,26.0
7.89697424356089,0.0003124849655338139,-0.0005017867626400689,0.0009550171696857553,,,,,36.5,26.0
7.899474868717179,0.00023909166985945662,0.0005950181010536777,0.00022305043899190343,,,,,36.5,26.0
7.9019754938734685,-0.0012103427018838014,-2.180376822210804e-05,-0.0017614243343537879,,,,,36.5,26.0
7.904476119029757,-0.0015228089116604575,0.0010537741751267293,-0.0009897351284875522,,,,,36.5,26.0
7.906976744186046,0.0021623742503183545,0.0005979509977553187,0.00148270018560287,,,,,36.5,26.0
7.909477369342335,-0.000237814186290978,-0.0011455971294104333,-0.00018383220548355637,,,,,36.5,26.0
7.911977994498624,0.00011453797577156842,0.0007130508321533376,-0.00023696358197272354,,,,,36.5,26.0
7.914478619654914,-0.0007017678937072717,0.00015657802341841133,-0.0004299406857463198,,,,,36.5,26.0
7.916979244811203,0.0006104060504590936,-0.00031128906203379435,-0.0009502797831873429,,,,,36.5,26.0
7.919479869967492,-0.00010273729510958518,-0.0010209338244146701,-0.00030496941806784346,,,,,36.5,26.0
7.921980495123781,-0.0003136184119328441,-0.000896679880265168,0.00048461620189241153,,,,,36.5,26.0
7.92448112028007,0.001370516827548845,-0.0012180257114418622,-0.001044723201857572,,,,,36.5,26.0
7.9269817454363585,-0.0008882802906240807,1.412401525609844e-05,-0.0011796077917056497,,,,,36.5,26.0
7.929482370592648,-0.0007856210655188503,0.0005292230314574113,0.00029506837404815703,,,,,36.5,26.0
7.931982995748937,-0.001319949122112662,2.4813776758658223e-05,-0.0024294638015439733,,,,,36.5,26.0
7.934483620905226,0.0004602429836525723,0.0002649366950697857,0.0012879045659488467,,,,,36.5,26.0
7.936984246061515,-0.00014637319420784776,0.0007084595532366424,-0.001149997898004206,,,,,36.5,26.0
7.939484871217804,-0.0006032627083155632,-0.0013772851675525417,8.440903158707941e-05,,,,,36.5,26.0
7.941985496374094,0.00032186359758596084,-0.0013799290507454903,0.0012567464264329807,,,,,36.5,26.0
7.944486121530383,0.00026114944872219207,0.00048296589416800133,0.00010108798615266145,,,,,36.5,26.0
7.9469867466866715,-2.6765959509253252e-05,-0.0014438472492927974,0.0003173138581676037,,,,,36.5,26.0
7.94948737184296,0.0003356901327402037,-0.0005310804746346692,0.0010449922405072185,,,,,36.5,26.0
7.951987996999249,0.0010865347248999247,0.0007692437061403294,0.0011653982580781515,,,,,36.5,26.0
7.954488622155539,-0.0009274086785159319,-5.521547121601113e-05,-0.0013416458550600697,,,,,36.5,26.0
7.956989247311828,-0.0003377435426483064,0.0017519418411747658,-0.0017058165496905632,,,,,36.5,26.0
7.959489872468117,-0.0011984384543733927,-0.0022889162302862395,0.0009826585056482943,,,,,36.5,26.0
7.961990497624406,0.0021038085237889198,0.0018405251076019072,-0.0010073031870480756,,,,,36.5,26.0
7.964491122780695,0.002396921777026674,-0.0007493089696947998,0.0005097248576505657,,,,,36.5,26.0
7.966991747936984,0.0007703155654580073,0.0022891691263495447,-0.001777105244145255,,,,,36.5,26.0
7.969492373093273,-0.0010806195166414823,-0.000664543221852446,0.0010880607698791815,,,,,36.5,26.0
7.971992998249562,-0.0006276285780255634,0.0008513868464450114,0.0004899682272433224,,,,,36.5,26.0
7.974493623405851,-0.00033785184382494586,0.00024140381322572985,0.0008611046322487869,,,,,36.5,26.0
7.97699424856214,0.001710048732918055,-0.00021840691393029888,-0.0013127510885982145,,,,,36.5,26.0
7.979494873718429,0.0005333524852897748,-0.0005823386990946016,0.0012036756163824808,,,,,36.5,26.0
7.981995498874719,0.0003725587988418075,-0.0008503892019738647,-0.0006465658328355634,,,,,36.5,26.0
7.984496124031008,0.00011898544777541279,0.0018787428376823814,-0.0014682123241101432,,,,,36.5,26.0
7.986996749187297,0.00030440416275467083,-0.0002657042786926808,-0.0010069133764815399,,,,,36.5,26.0
7.9894973743435855,-0.0012647430220121994,-0.0008851343839349508,-0.0003275272639760995,,,,,36.5,26.0
7.991997999499874,0.0012950948494597268,-0.001228223129265978,0.0008544913437082184,,,,,36.5,26.0
7.994498624656164,0.0011025262211842076,0.0002773378139069061,0.0014966118072489403,,,,,36.5,26.0
7.996999249812453,-0.00042610687393300587,0.00016991537713731788,-0.0008393098110824187,,,,,36.5,26.0
7.999499874968742,0.0010979532185717916,-0.0005662175929556976,0.0010971876362418232,,,,,36.5,26.0
8.002000500125032,-0.0004015482834700004,0.0017422849861904854,0.00035188054085435056,,,,,36.5,26.0
8.00450112528132,-0.0005582944997616,-0.0015057331334913265,0.0006825802488795919,,,,,36.5,26.0
8.00700175043761,-0.00017354516195230995,-0.00033569420180133464,0.0002612168796048005,,,,,36.5,26.0
8.009502375593899,-0.0010767119070930592,-0.0005096455426733382,-0.0007279502269500282,,,,,36.5,26.0
8.012003000750187,0.0004517914208533023,0.00021757252442147036,0.00038246606532462855,,,,,36.5,26.0
8.014503625906476,0.00046209906741273386,0.0004766244348713323,0.0003347907541489209,,,,,36.5,26.0
8.017004251062765,0.001092944971612966,-0.001863677047320249,-0.0001686875957366755,,,,,36.5,26.0
8.019504876219054,-0.00101665309596521,0.00047764005645981224,-0.0011330749572884585,,,,,36.5,26.0
8.022005501375343,-0.0005394563801704987,1.5870974584468963e-05,0.000841582767221168,,,,,36.5,26.0
8.024506126531632,0.0010015901432501003,0.0006410845757408138,0.00028638669767723295,,,,,36.5,26.0
8.027006751687923,0.002106737058070806,0.000777616009743758,0.0017174826373595898,,,,,36.5,26.0
8.029507376844212,-0.0011708699136240923,0.00029406459465805963,0.0004104006250392454,,,,,36.5,26.0
8.0320080020005,0.0004314949731356022,-0.0009775895420274436,0.001141320618434721,,,,,36.5,26.0
8.03450862715679,-0.0014022711119210174,0.00021379475815517602,0.00027126568650747616,,,,,36.5,26.0
8.037009252313078,-0.0005313486503794573,-0.000501305170450152,-0.001225405088751735,,,,,36.5,26.0
8.039509877469367,-0.0008683528884715654,-0.0005087110417050189,-0.00019797007167646254,,,,,36.5,26.0
8.042010502625656,0.0001680705282791856,-0.001784519976776977,-0.00016113365701148796,,,,,36.5,26.0
8.044511127781945,-0.0013174602388046368,-8.92923914441522e-06,0.0005911225057469717,,,,,36.5,26.0
8.047011752938234,0.0016651403613848466,0.0006934761692903034,9.974718957087467e-05,,,,,36.5,26.0
8.049512378094523,-0.0019346387327472047,0.0010425588072632106,-0.0012504839202188988,,,,,36.5,26.0
8.052013003250812,0.00042160283891138,-0.0010772464219975146,0.000862773509033958,,,,,36.5,26.0
8.054513628407102,-0.0011767993076822185,-0.00014568029397709836,0.001273977299887063,,,,,36.5,26.0
8.057014253563391,0.0010099945241260626,1.005890260020505e-05,0.00045335333312181305,,,,,36.5,26.0
8.05951487871968,-8.559285622577218e-05,-0.0009971244698424454,0.0013656457373168278,,,,,36.5,26.0
8.062015503875969,-0.00011266558656236009,-0.0006913817977604508,-0.0024030572216581724,,,,,36.5,26.0
8.064516129032258,-0.00010451397597142277,0.0009933698132866915,-0.0008537422235735428,,,,,36.5,26.0
8.067016754188547,0.000307416496882743,-0.0017285854916982985,0.000761075112475816,,,,,36.5,26.0
8.069517379344836,-0.0009651566676415626,-9.456590427580437e-06,0.0017313033188392432,,,,,36.5,26.0
8.072018004501125,0.0004804886722753465,-0.0015744017597059767,-0.0008304778976451901,,,,,36.5,26.0
8.074518629657414,-0.00043503874251371783,-0.0006164070101290231,0.00026422611169474796,,,,,36.5,26.0
8.077019254813703,-0.0010570408137696935,-5.40077974007362e-05,-0.0013412551382608368,,,,,36.5,26.0
8.079519879969991,-0.0001336033663132961,0.00014496998601882816,0.0012693335588784844,,,,,36.5,26.0
8.082020505126282,-0.000927846843103511,0.001256335415640136,-0.002214815273820525,,,,,36.5,26.0
8.084521130282571,-0.001096131343489181,-6.050066701165353e-06,0.0009665031165358502,,,,,36.5,26.0
8.08702175543886,-0.001020826766857351,-0.0005730170850463911,0.0007040231161103571,,,,,36.5,26.0
8.089522380595149,0.001275221841295115,-0.0004350556921105545,0.00046166863134490413,,,,,36.5,26.0
8.092023005751438,0.00018216891002222668,0.0007727756527355223,-0.0006493351037193674,,,,,36.5,26.0
8.094523630907727,-4.6533836724947795e-05,-0.0002912792801070093,0.0010810378234324012,,,,,36.5,26.0
8.097024256064016,0.0003405021224750054,0.0009660473587805524,-0.0013044790364508396,,,,,36.5,26.0
8.099524881220304,0.00016451064328511185,0.0014652999461693043,-0.00033566378175701995,,,,,36.5,26.0
8.102025506376593,-0.00022348886534978758,-0.0014862581616327088,-9.307104524924083e-05,,,,,36.5,26.0
8.104526131532882,-0.0024946033385037356,0.00010005772726065402,0.0007555531029294959,,,,,36.5,26.0
8.107026756689173,-0.0009126295415342316,0.000221933038065772,0.00134157841702321,,,,,36.5,26.0
8.109527381845462,0.0007222755260959223,0.00033983310736684756,-0.0002139470535597627,,,,,36.5,26.0
8.11202800700175,-0.0017384298167996968,-0.00023267343564305047,-4.096812820026086e-05,,,,,36.5,26.0
8.11452863215804,0.0008131020110823192,0.0009086961424506044,-0.00040780838342867375,,,,,36.5,26.0
8.117029257314329,0.0005322914224047478,8.999643815620565e-07,-0.0015723255356574813,,,,,36.5,26.0
8.119529882470617,-6.35054446208235e-05,0.0003798005352740092,0.0016946179836664515,,,,,36.5,26.0
8.122030507626906,0.00039285167681803586,3.2895328189771836e-05,-0.0013870939652594594,,,,,36.5,26.0
8.124531132783195,-0.0009059162112192111,0.00195920466516138,-5.382081287017069e-05,,,,,36.5,26.0
8.127031757939484,-0.000818666901522295,-8.292324376412067e-05,0.00039859357050446256,,,,,36.5,26.0
8.129532383095773,0.0005472379491130106,-0.0015258067987163014,0.0022872290238881115,,,,,36.5,26.0
8.132033008252062,-0.000374500920107265,-0.0011847079783583797,0.0004883398050135031,,,,,36.5,26.0
8.134533633408353,-0.0005697252611048994,0.0002737672184647748,0.000877258855084497,,,,,36.5,26.0
8.137034258564642,-0.0012116581095844472,0.0009471265713295277,-0.00025419941827574974,,,,,36.5,26.0
8.13953488372093,0.0016477040934285315,0.0005248569236048651,0.0005113500671936652,,,,,36.5,26.0
8.14203550887722,0.00035119028628221254,-0.0024511270117259757,-0.0016038219199548287,,,,,36.5,26.0
8.144536134033508,-0.0012420954933605602,-0.000488714728521324,0.0006457347890548042,,,,,36.5,26.0
8.147036759189797,-0.0004838869745619796,0.0010848403902087632,0.001360195918214551,,,,,36.5,26.0
8.149537384346086,-0.0016793994020194466,-0.0014818144879734981,0.00012146503396160465,,,,,36.5,26.0
8.152038009502375,9.127132969819514e-05,-0.0002458085265511323,-0.00018679539446511063,,,,,36.5,26.0
8.154538634658664,6.022171641230139e-05,0.002032013778159292,0.0004065155429314572,,,,,36.5,26.0
8.157039259814953,0.0014549825425814364,0.000553714251162703,-0.001732338934055066,,,,,36.5,26.0
8.159539884971242,-4.585283884241613e-05,0.00019272559086627058,-0.00044436056279201057,,,,,36.5,26.0
8.162040510127532,0.0012655220951110406,-0.00013226873183706355,-0.0015506198211746535,,,,,36.5,26.0
8.164541135283821,-0.00029997539947424547,-0.0004615625989031383,0.001381409072520688,,,,,36.5,26.0
8.16704176044011,-0.0032858844370401525,-0.00207103716062373,-0.00023865480425482047,,,,,36.5,26.0
8.1695423855964,-0.0012234938774284057,0.0015808504666335855,-0.0011548676770084683,,,,,36.5,26.0
8.172043010752688,-0.0001459038817732044,0.0004752716593804306,0.0007560920076444871,,,,,36.5,26.0
8.174543635908977,9.508403948735566e-05,0.00014284241728635858,-0.0019206194189721724,,,,,36.5,26.0
8.177044261065266,-5.6904559251587595e-05,0.0007849420605384394,-0.00011268172692039974,,,,,36.5,26.0
8.179544886221555,-0.0002260464546321748,-0.0008738453195564108,0.0009658195264259069,,,,,36.5,26.0
8.182045511377844,-8.04581118482646e-05,0.00013768510926180047,-0.0002260716062650862,,,,,36.5,26.0
8.184546136534133,-0.00021819849443623614,-0.00035436004984812385,0.001568527111340647,,,,,36.5,26.0
8.187046761690423,0.00027517565659065463,0.0005277505461166237,-0.0008896715657032944,,,,,36.5,26.0
8.189547386846712,0.00014401335125525168,0.00090479507010026,-5.808825487015342e-05,,,,,36.5,26.0
8.192048012003001,0.0005657815622160203,-0.0010183023016590812,-3.5112533086572835e-05,,,,,36.5,26.0
8.19454863715929,-0.0010604012042016062,0.0002814193948766821,-0.0009443360526424637,,,,,36.5,26.0
8.197049262315579,0.0009732538051294878,-2.5013215355668973e-05,-0.0010025893553108605,,,,,36.5,26.0
8.199549887471868,-0.0005705764291326269,0.0007381975000111697,0.000499227311652889,,,,,36.5,26.0
8.202050512628157,0.000321414757869125,-7.144722839013049e-05,0.000875320856334265,,,,,36.5,26.0
8.204551137784446,0.0008798148783977573,-0.0010272541794246132,0.0008417597026339005,,,,,36.5,26.0
8.207051762940734,0.00040614292867973003,-0.001259956058133766,-0.0001164907364726037,,,,,36.5,26.0
8.209552388097023,0.0008592038133950923,-0.0006641774019179048,-0.0003901594156305611,,,,,36.5,26.0
8.212053013253312,0.0005226732635376657,-0.00032041379615616993,0.0006463840346096796,,,,,36.5,26.0
8.214553638409603,-0.0001343658274825987,-0.001297225120568624,0.0002581450054805043,,,,,36.5,26.0
8.217054263565892,0.0007707231170299596,0.0011302371197324972,0.0005209683110947277,,,,,36.5,26.0
8.21955488872218,-0.0006554368130010128,0.000625258045183334,-0.0009890589811326273,,,,,36.5,26.0
8.22205551387847,0.0007656018843385106,0.00018847006476998553,-0.0022460420725363963,,,,,36.5,26.0
8.224556139034759,-0.00010153460502582547,-0.0008736192188490915,-0.0011941598396802266,,,,,36.5,26.0
8.227056764191047,-0.0005538923299157,0.0002729356429851664,0.0002648070064320044,,,,,36.5,26.0
8.229557389347336,-0.0002629947987892978,-0.0003584559964686825,-0.0015948841565688922,,,,,36.5,26.0
8.232058014503625,-0.0011785307022712877,0.0008247878543390139,-0.00017778679278463694,,,,,36.5,26.0
8.234558639659914,0.0012725491543585578,0.0003246476734092698,-0.0004665855975986973,,,,,36.5,26.0
8.237059264816203,0.0005495085369596342,-0.001235174423718318,-0.0005549990117649085,,,,,36.5,26.0
8.239559889972494,5.0624962217898684e-05,0.00023369102751775092,-0.0015559583505275183,,,,,36.5,26.0
8.242060515128783,0.0021342671227686386,-0.002117728039621748,-0.0017219734559987539,,,,,36.5,26.0
8.244561140285072,-0.001471416396835936,-0.0005128630916232214,0.0005677850086458548,,,,,36.5,26.0
8.24706176544136,0.0011108537006110316,-5.811785010947192e-05,-0.0009575849695288893,,,,,36.5,26.0
8.24956239059765,0.0023738654793543203,0.0020547733704439175,0.0005315416139168267,,,,,36.5,26.0
8.252063015753938,3.4683615094481154e-05,0.0005670950843231564,-0.00017128328863266044,,,,,36.5,26.0
8.254563640910227,0.0015185740138626664,-0.0002139162810084364,-0.0010601773357230013,,,,,36.5,26.0
8.257064266066516,0.00042615615826136605,0.0006824363559391025,-0.0007304373662965322,,,,,36.5,26.0
8.259564891222805,0.0001578135870302675,-0.00020402789416850697,-0.0013841774804189797,,,,,36.5,26.0
8.262065516379094,0.0012031234072916515,1.064506383243486e-05,2.1395601909616375e-05,,,,,36.5,26.0
8.264566141535383,-0.0014029116049457137,-0.0003157006382306545,-1.4218657119323448e-05,,,,,36.5,26.0
8.267066766691674,2.9062555331102318e-05,0.0016080565527308835,0.0022196031358575076,,,,,36.5,26.0
8.269567391847962,0.0005253656246065956,0.0006782649505787733,-0.0015873486400718698,,,,,36.5,26.0
8.272068017004251,1.97355371899487e-05,-0.0005621015738892115,-0.00011781134128675763,,,,,36.5,26.0
8.27456864216054,0.0011097643620349607,0.00010242965119542054,0.0020621064349734854,,,,,36.5,26.0
8.27706926731683,0.0006154446005964508,-0.0005667992629696302,0.0014175913969288936,,,,,36.5,26.0
8.279569892473118,0.0009442197947473641,0.00026678027404878604,0.00022916837584196605,,,,,36.5,26.0
8.282070517629407,-0.0008759884947420807,-0.0008191106963442553,-0.0007059574737913283,,,,,36.5,26.0
8.284571142785696,0.001058982642462896,0.0007162311870936156,-0.0005946055595445867,,,,,36.5,26.0
8.287071767941985,0.0013546795068577707,-0.000315434406163164,-0.0010064396688256026,,,,,36.5,26.0
8.289572393098274,-0.0007839086683306295,0.0013967022867585068,0.001418896130678667,,,,,36.5,26.0
8.292073018254563,0.00021069343492073617,2.394790321585939e-05,-0.000555967066216194,,,,,36.5,26.0
8.294573643410853,0.00251508825315926,-0.0013250468086284663,-0.0015847312653526993,,,,,36.5,26.0
8.297074268567142,0.0004818911470009534,0.00031037694216400075,-0.0018174670866138375,,,,,36.5,26.0
8.299574893723431,0.00018729012039447816,-0.002567090940177182,0.0012446436124563553,,,,,36.5,26.0
8.30207551887972,0.0012439975755723412,0.0003280739908494877,-0.0015309637951395761,,,,,36.5,26.0
8.304576144036009,0.00038790166284891135,-0.00027922610294629514,-0.0013072287117749366,,,,,36.5,26.0
8.307076769192298,-0.0008966847942873427,-0.0009178739259721777,0.00046894310006532185,,,,,36.5,26.0
8.309577394348587,-0.00020915321258961159,-0.0013475005717039686,0.0014931980141372487,,,,,36.5,26.0
8.312078019504876,-0.00046439898953535256,-0.00025855823639313655,-0.0008711087447075784,,,,,36.5,26.0
8.314578644661164,0.0008552053146432411,0.000888073404069039,-0.0014163800754172836,,,,,36.5,26.0
8.317079269817453,0.0013717225618406622,0.0017347951542059307,-0.001141603531974349,,,,,36.5,26.0
8.319579894973744,-0.0005518101918742864,0.002558395445631122,7.022451540854651e-06,,,,,36.5,26.0
8.322080520130033,-0.0017197625482914167,8.443343990081519e-05,-0.001178921709484852,,,,,36.5,26.0
8.324581145286322,-0.001000592620427357,-0.0002775120057345515,0.0002304580633918107,,,,,36.5,26.0
8.32708177044261,0.0013997891198148863,0.0014873409819702059,0.00035801263334343184,,,,,36.5,26.0
8.3295823955989,0.00013954034246981171,-0.0010898875799128453,0.0003262849066042518,,,,,36.5,26.0
8.332083020755189,-0.0002944833849268015,0.0006277967910517823,-0.0007153900274734317,,,,,36.5,26.0
8.334583645911477,0.001007082550157962,4.793182366285961e-05,0.000800041401814251,,,,,36.5,26.0
8.337084271067766,-0.0007389213193597646,0.0005926147711527306,0.0009311907702565549,,,,,36.5,26.0
8.339584896224055,-0.0007394776523091727,0.0006516324300714994,0.0004961413696325486,,,,,36.5,26.0
8.342085521380344,-0.0006692866044494495,0.0006828616897555606,-0.0009772012976039617,,,,,36.5,26.0
8.344586146536633,-0.0013314970992946889,0.0002382188699603781,-0.0009560696405615059,,,,,36.5,26.0
8.347086771692924,0.0006863786868563015,0.00038895827398590673,0.001131441182798095,,,,,36.5,26.0
8.349587396849213,-0.0009421043139239746,-1.4381416913999689e-05,-0.0007262913483487579,,,,,36.5,26.0
8.352088022005502,0.0004854152900120794,-0.00022645422916860525,0.0004449567731968245,,,,,36.5,26.0
8.35458864716179,-0.0018514185778335376,0.00022410566341130663,0.0015472510514747966,,,,,36.5,26.0
8.35708927231808,-0.000910593078092741,0.0003003517085826452,7.419730334376919e-05,,,,,36.5,26.0
8.359589897474368,0.00163863357446307,-0.0004962539287639218,0.00048525208873489674,,,,,36.5,26.0
8.362090522630657,0.0008759789629958689,0.0004631886871490089,0.0005292168794128522,,,,,36.5,26.0
8.364591147786946,0.0005965708352054513,0.000256305152136342,-0.000469759588912639,,,,,36.5,26.0
8.367091772943235,-0.0003828143849785569,-0.0014148608521334645,-0.0011977762839107274,,,,,36.5,26.0
8.369592398099524,0.00045503081273006027,-0.0008074745299696771,5.877757483939418e-05,,,,,36.5,26.0
8.372093023255815,-9.084351835363229e-05,0.00025032894310379717,0.0004897892888874599,,,,,36.5,26.0
8.374593648412104,-0.001048619351454673,-0.0012335421244007486,-0.0008558964554888251,,,,,36.5,26.0
8.377094273568392,0.0005554251513626495,-0.0006780517080734965,0.000971729307296188,,,,,36.5,26.0
8.379594898724681,0.00011062349351512733,0.00022619765082489233,-0.0003346656720144096,,,,,36.5,26.0
8.38209552388097,0.0004969667127260871,0.0003017730260206009,-1.865785519546654e-05,,,,,36.5,26.0
8.38459614903726,0.0008469774617733243,-0.000595545752787369,-0.0002118515734245765,,,,,36.5,26.0
8.387096774193548,-2.4085090010018387e-05,0.0020959427260445426,0.0002193968738719548,,,,,36.5,26.0
8.389597399349837,0.00011223537348405207,-0.00021073816943590576,0.0011277713738211063,,,,,36.5,26.0
8.392098024506126,-0.0007951911701926696,0.00012050795513652859,0.002046316958097809,,,,,36.5,26.0
8.394598649662415,-0.00024261960542308373,-0.0014279595719026892,0.0022751017906507158,,,,,36.5,26.0
8.397099274818704,0.002046188638551158,-0.0003102610713852477,0.0008875486087519916,,,,,36.5,26.0
8.399599899974994,-0.00024998413403630665,0.0005138443388769451,0.0006317751058071207,,,,,36.5,26.0
8.402100525131283,-0.0004667258979059885,5.720632820963463e-05,0.000244899831700425,,,,,36.5,26.0
8.404601150287572,0.0022855527865381737,-0.0010815984220368519,0.0008780996649582943,,,,,36.5,26.0
8.407101775443861,-0.0012535534867795736,0.0007717836339450832,-0.0004930013836346108,,,,,36.5,26.0
8.40960240060015,-0.0012833825454756176,0.0009144646872798732,0.0021090961216315494,,,,,36.5,26.0
8.412103025756439,0.00017822460717713268,-0.0010403501523023675,0.0005129802232620404,,,,,36.5,26.0
8.414603650912728,-0.0002859955618476143,-0.0002194765515311623,0.0017656194947476783,,,,,36.5,26.0
8.417104276069017,0.0017826909277042695,-0.001074384822606152,0.000778537547884834,,,,,36.5,26.0
8.419604901225306,0.0012682304126605,0.0008531350813493181,0.0001996301370791625,,,,,36.5,26.0
8.422105526381594,-0.0006832518884491415,-0.0012184399909705424,-0.00034517472138330456,,,,,36.5,26.0
8.424606151537883,-0.00017339315693058779,0.00027201646246699523,-7.005540530384503e-05,,,,,36.5,26.0
8.427106776694174,-0.0006310925665463791,-0.001681880606850795,0.0003195027308578763,,,,,36.5,26.0
8.429607401850463,0.0007836418284223206,-0.0020217321697943284,0.0002881646190903073,,,,,36.5,26.0
8.432108027006752,-0.0013749465934609717,-0.0001874403049577275,-0.0005101020703802838,,,,,36.5,26.0
8.43460865216304,0.00010434387747861813,0.0004406972407167835,0.0004736437738654384,,,,,36.5,26.0
8.43710927731933,0.00015726713516933162,0.0009888598521149035,-0.0006293045764253115,,,,,36.5,26.0
8.439609902475619,-0.000651719934128717,0.001307551071696177,0.00048469631668256587,,,,,36.5,26.0
8.442110527631908,-0.0005865339733671055,-1.0330508410706743e-05,0.00013174264844843927,,,,,36.5,26.0
8.444611152788196,0.002291330357807491,-0.0003428623361611027,0.00241108750922655,,,,,36.5,26.0
8.447111777944485,-0.001211112426697314,0.0014845781661633997,-0.0007886193850753225,,,,,36.5,26.0
8.449612403100774,-0.0010557696754861915,-0.0001282742412332429,0.0009173661794955649,,,,,36.5,26.0
8.452113028257065,8.66870636921102e-05,0.00039726686653254154,-0.00046011096251983506,,,,,36.5,26.0
8.454613653413354,-0.00200244970193376,0.0005218245472517254,0.0005097369123771567,,,,,36.5,26.0
8.457114278569643,-4.5300305506310764e-05,6.015417966662696e-06,0.0006566501679948641,,,,,36.5,26.0
8.459614903725932,-0.001116858276321262,-0.000370923510979912,0.0005744010620358589,,,,,36.5,26.0
8.46211552888222,-0.0018409966167633642,0.0013272893615974616,-0.0006569156351480753,,,,,36.5,26.0
8.46461615403851,-0.001743928847348548,0.00131620738806112,-0.0021576608989327764,,,,,36.5,26.0
8.467116779194798,0.0005265515153400794,0.0008635941034303667,-0.0012168253386272054,,,,,36.5,26.0
8.469617404351087,-0.0022307918501838953,4.384151946137595e-05,0.0016022948342606972,,,,,36.5,26.0
8.472118029507376,-0.002036740665034664,-0.0006452662583348779,-0.0003673257370652282,,,,,36.5,26.0
8.474618654663665,0.0006385272925816969,-0.0015301666557288058,0.0005867679199822235,,,,,36.5,26.0
8.477119279819954,-0.0009849386463591614,0.0004710482692244243,-0.00010892751039479745,,,,,36.5,26.0
8.479619904976245,-0.002063177504395059,-4.076903489424836e-05,0.0015309728253982374,,,,,36.5,26.0
8.482120530132534,-0.0010542635489986319,-0.0006691951094503573,-0.0009855789893798118,,,,,36.5,26.0
8.484621155288822,-0.0006846898786076433,-0.0007387603011229271,0.00010804395033989988,,,,,36.5,26.0
8.487121780445111,-0.001798413486658832,-0.0008924698921854824,0.0009028347904124883,,,,,36.5,26.0
8.4896224056014,-0.0008667367336203422,-0.00020130690394301536,0.0015245558645176792,,,,,36.5,26.0
8.49212303075769,0.00013056180087589784,0.0013874857382850034,0.0014095537403093514,,,,,36.5,26.0
8.494623655913978,0.00014166333597161505,-7.102298791755181e-05,-4.536766190036784e-05,,,,,36.5,26.0
8.497124281070267,-0.0005586706094668548,-0.0005681874187127284,-5.9351464263565195e-05,,,,,36.5,26.0
8.499624906226556,0.0016954736968995067,-0.001494524314474172,-0.0002287142299351588,,,,,36.5,26.0
8.502125531382845,-0.0004254403208472582,-0.0002939091467033009,1.1362284286038024e-06,,,,,36.5,26.0
8.504626156539135,-0.0006028843380178323,0.00010993956650248147,0.0005001516264125827,,,,,36.5,26.0
8.507126781695424,0.0014355698482605922,-0.0011953486876574613,0.0010934586784929722,,,,,36.5,26.0
8.509627406851713,-0.0004296484263565616,0.0010111172365123453,-1.103657491027352e-06,,,,,36.5,26.0
8.512128032008002,0.0007564699062724819,0.00012012859790001621,-0.00019826792092777714,,,,,36.5,26.0
8.514628657164291,0.0010186630243333326,-0.0004046804779807355,0.0008273922582376018,,,,,36.5,26.0
8.51712928232058,0.00042917472713294413,0.0015312172019682326,-0.000327791147459564,,,,,36.5,26.0
8.519629907476869,-0.0013297077536087343,0.00019035712746265653,0.0005701764190533237,,,,,36.5,26.0
8.522130532633158,-0.00014680697284145985,0.0011806177921153387,0.0001864843896364015,,,,,36.5,26.0
8.524631157789447,-0.001247510068795062,-0.0009537011205729767,-0.0007705832978163617,,,,,36.5,26.0
8.527131782945736,-0.0011572519287074007,8.781248156299241e-05,6.440923095866892e-05,,,,,36.5,26.0
8.529632408102024,0.00010463831278246132,0.0012164382728466101,0.0008289689638719212,,,,,36.5,26.0
8.532133033258315,-0.0012520039302219526,4.82720985444019e-05,-7.124295918727683e-05,,,,,36.5,26.0
8.534633658414604,0.0008980554757977789,0.00043333015507509204,0.00032335210103514743,,,,,36.5,26.0
8.537134283570893,0.000571469496481046,0.0008539567591892368,0.00015507850514896967,,,,,36.5,26.0
8.539634908727182,0.0005235938830100431,-0.0012404960981877858,0.0009318699718624185,,,,,36.5,26.0
8.54213553388347,0.0004312998865680271,0.0006793684338109978,-0.0012236391084746025,,,,,36.5,26.0
8.54463615903976,0.0004953500694904078,0.0008441212327316782,-0.0008154164288009939,,,,,36.5,26.0
8.547136784196049,0.00029382523068667533,0.0023749329344864736,-0.0011971656601441928,,,,,36.5,26.0
8.549637409352338,-0.00022583167120847206,8.217107569456701e-05,0.0005809703428271136,,,,,36.5,26.0
8.552138034508626,0.001102603903345778,0.0003254026308860602,0.00029428261160348426,,,,,36.5,26.0
8.554638659664915,-3.824929045015865e-05,0.0004290074710607385,-0.0007185830932132941,,,,,36.5,26.0
8.557139284821204,0.0032095325757214746,-0.00025757619465656563,-0.0004914152492399565,,,,,36.5,26.0
8.559639909977495,-0.00029969012517109503,0.0007482563815027614,-0.0003226257918416414,,,,,36.5,26.0
8.562140535133784,2.8105293716073818e-05,0.0007325239190300465,-0.001031967439106039,,,,,36.5,26.0
8.564641160290073,0.0015724197663246028,-0.0002297198243559946,-0.0006437248441279835,,,,,36.5,26.0
8.567141785446362,-0.0016627842667936161,-0.0016296108769769935,0.0004064215767809795,,,,,36.5,26.0
8.56964241060265,-0.0009690796680193788,0.001164511740738154,-0.0003996604297209329,,,,,36.5,26.0
8.57214303575894,0.00011575437126636789,-0.0007390393915789764,-4.3119055204154614e-05,,,,,36.5,26.0
8.574643660915228,0.0006078164414735329,0.00044074782208618625,0.000674944883579448,,,,,36.5,26.0
8.577144286071517,-0.0019955672661294624,-0.00010539970255730176,-0.0010215121655108626,,,,,36.5,26.0
8.579644911227806,0.0014184459927884996,-0.0001455641385118501,0.0006866293787997635,,,,,36.5,26.0
8.582145536384095,-0.002307985147253061,-0.0021110633250947075,0.0006131655037337869,,,,,36.5,26.0
8.584646161540386,0.00012934723752291606,0.0014730926346925618,-0.0014493374988893627,,,,,36.5,26.0
8.587146786696675,0.0015882957072860093,0.0005431528433738619,-0.001022884204864059,,,,,36.5,26.0
8.589647411852964,-0.0005051753184779725,0.0020159987366932647,-0.0008575935036513169,,,,,36.5,26.0
8.592148037009252,-0.000182654300508811,0.0004436698569620172,-0.0001404792772309802,,,,,36.5,26.0
8.594648662165541,-0.0003713640040756387,-0.0006454377533196421,0.00021806305123084577,,,,,36.5,26.0
8.59714928732183,-0.0007314140762643486,0.0008571214955331106,-0.0010131777160557684,,,,,36.5,26.0
8.59964991247812,-0.00047945314808037903,-0.0020996075603424776,0.001262842085221961,,,,,36.5,26.0
8.602150537634408,-0.001593895886138117,-0.0004873787287855937,-0.001198011963227792,,,,,36.5,26.0
8.604651162790697,0.0011744597070327514,-0.0006160342951915248,-0.0004757806189083549,,,,,36.5,26.0
8.607151787946986,0.0009190467308796915,-0.0009651381419408759,2.266706671854671e-05,,,,,36.5,26.0
8.609652413103275,-0.0011896018885181707,-0.0013392266103625296,0.00044077251432820614,,,,,36.5,26.0
8.612153038259565,-0.0006161583655080801,-0.0008970762205122408,-0.002622318801508921,,,,,36.5,26.0
8.614653663415854,0.00039687828045953724,0.0019541915551312336,0.00022817734707960595,,,,,36.5,26.0
8.617154288572143,0.00014179680240297257,-0.0014871339521417095,-0.0011651237484015633,,,,,36.5,26.0
8.619654913728432,-0.0008492315426260574,-0.00028818071991398213,-0.0006973472768418183,,,,,36.5,26.0
8.622155538884721,0.000221694166963762,-0.0017307049132547414,-0.0004454239623018439,,,,,36.5,26.0
8.62465616404101,-0.00042102516915209945,0.0010538300164311945,0.002044935363577899,,,,,36.5,26.0
8.627156789197299,-0.0005628087011975552,-0.0002930996533172199,-0.0009171380752885541,,,,,36.5,26.0
8.629657414353588,1.9011302093395344e-05,2.5320264752067235e-05,-5.21108301112778e-05,,,,,36.5,26.0
8.632158039509877,-0.002291334576487226,0.0005171977983333645,0.0010366895932042595,,,,,36.5,26.0
8.634658664666166,-0.00015751932991116637,3.813975289261579e-05,-0.0011850277892790325,,,,,36.5,26.0
8.637159289822455,-0.0008988553109464739,0.00012055420035801902,9.424179711176251e-05,,,,,36.5,26.0
8.639659914978745,0.0003650053570857743,-0.0008013517587749658,9.823857038581992e-05,,,,,36.5,26.0
8.642160540135034,-0.0009046973355647148,4.941297534200173e-05,0.00013007322808557321,,,,,36.5,26.0
8.644661165291323,0.0002785195408211639,0.00045923002478502075,-0.0022937019965601014,,,,,36.5,26.0
8.647161790447612,-0.00025983115460600066,-0.0005100873605431508,-0.0014813268686511922,,,,,36.5,26.0
8.6496624156039,0.0013365154119696948,-0.00030106166971314186,0.0004334392802752218,,,,,36.5,26.0
8.65216304076019,-0.000998447471416291,-0.00028142922183333987,0.0004267021374849,,,,,36.5,26.0
8.654663665916479,0.0013715075397903193,0.0015183734745368392,0.00015098423395383688,,,,,36.5,26.0
8.657164291072768,-0.0009229799762305491,-0.0011012856956959744,-0.0007812168234205848,,,,,36.5,26.0
8.659664916229056,-0.001226802418907174,0.0005850986979951267,-0.00045720199540228936,,,,,36.5,26.0
8.662165541385345,0.0014265517596659136,0.0001591111525330562,9.37284405069444e-05,,,,,36.5,26.0
8.664666166541636,-0.00037745886525379646,0.0004608713165234258,-1.0900701325655428e-05,,,,,36.5,26.0
8.667166791697925,0.0014060525397106137,-0.001134733771730932,-0.0008146839042279183,,,,,36.5,26.0
8.669667416854214,-0.001641508071961386,0.0013451559178113718,0.0004081771379630673,,,,,36.5,26.0
8.672168042010503,-0.000610933381005013,-0.0005215593534372812,-6.4244444207548e-05,,,,,36.5,26.0
8.674668667166792,0.0011104829433566316,0.0015879163225851086,0.0003021715694650612,,,,,36.5,26.0
8.67716929232308,0.0006115564904247032,-0.0016111626425796674,-0.00075676399298647,,,,,36.5,26.0
8.67966991747937,0.0002683992033944075,-0.00010828141038799869,-0.0005393783053633676,,,,,36.5,26.0
8.682170542635658,0.0013341791030566379,-0.00011874721107546885,0.000720751944477975,,,,,36.5,26.0
8.684671167791947,8.305760240818082e-05,0.0007125180775256636,0.00013628039742722548,,,,,36.5,26.0
8.687171792948236,0.0001225449010071709,-0.00011756129756631928,0.000527544886775403,,,,,36.5,26.0
8.689672418104525,-0.0018997605059600834,-0.0014406226231507408,-0.0005484264339153982,,,,,36.5,26.0
8.692173043260816,-0.0022333538043445194,0.0016806327311559427,0.0003706499215414907,,,,,36.5,26.0
8.694673668417105,-0.0011967765198170727,-0.0004949177563471433,0.00034978435354757046,,,,,36.5,26.0
8.697174293573394,0.00031741016102330625,-0.0012993061402571087,-0.0005965466966688651,,,,,36.5,26.0
8.699674918729682,-0.0003804752468445928,-0.001179196153555671,-0.0005625565307431775,,,,,36.5,26.0
8.702175543885971,0.0008632960337258556,0.000693831443224789,-0.0005281678806266864,,,,,36.5,26.0
8.70467616904226,0.000864093903311503,-0.0006300183502862829,0.0004078431286287375,,,,,36.5,26.0
8.70717679419855,-0.0008699292579357227,-0.000564980048651985,0.0002859946280606569,,,,,36.5,26.0
8.709677419354838,4.302633394151983e-05,-0.0018868262176063263,0.0014867527941336228,,,,,36.5,26.0
8.712178044511127,-0.00026569377614742645,-0.00031325856981728403,-0.001376597084495607,,,,,36.5,26.0
8.714678669667416,-0.00013539366022225416,-0.0007936654463691495,-0.0007778911875871538,,,,,36.5,26.0
8.717179294823707,0.001093418595227062,0.0010335028926324126,0.0006239770176378409,,,,,36.5,26.0
8.719679919979995,0.000356825767577301,-0.0018513193668648988,-0.0017326299508693898,,,,,36.5,26.0
8.722180545136284,0.0008217558827109063,-0.0003249364226345068,0.0006215630723546364,,,,,36.5,26.0
8.724681170292573,-0.0004027710483221024,6.587516824524776e-05,-0.0016193086963996457,,,,,36.5,26.0
8.727181795448862,0.0009028364423916301,-5.203525022133263e-06,-5.632175127973561e-05,,,,,36.5,26.0
8.729682420605151,-0.0003791666967345571,0.00066640851601203,-0.0005392667026080999,,,,,36.5,26.0
8.73218304576144,0.001429363276870883,-0.0005068153444546049,-1.1566913381917979e-05,,,,,36.5,26.0
8.734683670917729,-0.001316964176689702,0.0003474182364799545,-0.0003552154225044143,,,,,36.5,26.0
8.737184296074018,0.0006994662255283079,0.0006983278122748984,3.533739878778691e-05,,,,,36.5,26.0
8.739684921230307,-0.00042408601733967647,0.0006246325390451311,0.002607561375535217,,,,,36.5,26.0
8.742185546386596,8.291591959913655e-05,-0.0014794420258673643,0.0008800836183400238,,,,,36.5,26.0
8.744686171542886,0.0006179152614694721,0.0003542942700273211,-0.0005704587833873448,,,,,36.5,26.0
8.747186796699175,0.00145298521399589,-0.0010748152006881434,0.0009144391031091837,,,,,36.5,26.0
8.749687421855464,-0.00030175452567116263,-6.689312197458222e-05,-8.586875159805648e-06,,,,,36.5,26.0
8.752188047011753,-0.001162616206550389,-0.0001336574930652196,-0.0015045349691577056,,,,,36.5,26.0
8.754688672168042,-0.0009728577115221301,-0.0011509876297015238,-0.0006324196234704943,,,,,36.5,26.0
8.75718929732433,1.1094768198321079e-05,-0.0005996549645128151,-0.00039822429477690897,,,,,36.5,26.0
8.75968992248062,0.0010911573988545073,-0.0017672379968456517,0.0018869128187877667,,,,,36.5,26.0
8.762190547636909,0.00012026468392611261,-8.707754275208615e-05,0.000458600252962628,,,,,36.5,26.0
8.764691172793198,0.00025623128263523254,0.001707799806196897,0.0006484340709921057,,,,,36.5,26.0
8.767191797949486,0.00018392554611140017,0.0003041576582606914,-0.0007617116752591081,,,,,36.5,26.0
8.769692423105775,-0.00048381409220712654,0.0010204941613546554,-0.0006926010564967508,,,,,36.5,26.0
8.772193048262066,0.0017860446890286918,-0.0009393994775167245,-0.00016145449720112543,,,,,36.5,26.0
8.774693673418355,0.0007120227926930054,0.0019774783278542108,0.0014907004518010553,,,,,36.5,26.0
8.777194298574644,-0.0013868690124012762,0.00035887813676374684,0.0007285518272891711,,,,,36.5,26.0
8.779694923730933,-0.0005339360100955537,0.0007717199946161413,0.0006341966457082778,,,,,36.5,26.0
8.782195548887222,-7.277104551295281e-05,0.00048475420436711335,-0.0007181183257425279,,,,,36.5,26.0
8.78469617404351,-0.0001653667733166124,0.0015847545692006275,-0.00047853743185493367,,,,,36.5,26.0
8.7871967991998,0.00014749885399094827,-0.0003706132736466256,-0.0003829861499126831,,,,,36.5,26.0
8.789697424356088,-0.0007657159341748964,-0.0008437078125554518,-0.00043514909155677347,,,,,36.5,26.0
8.792198049512377,-0.00030141673696836555,-0.00014751363372729741,0.0005594737576235235,,,,,36.5,26.0
8.794698674668666,0.0012081493538514774,0.0009399551664745612,-0.0006390532684897617,,,,,36.5,26.0
8.797199299824957,-0.0009340036590246953,-0.0003487244581627969,0.0009906019820103958,,,,,36.5,26.0
8.799699924981246,0.001384998832717821,0.0014439506780257975,-0.0022340813812289284,,,,,36.5,26.0
8.802200550137535,-0.00017425537312507853,0.00020681650734677304,1.652876455163363e-05,,,,,36.5,26.0
8.804701175293824,-0.0005017657474296387,-0.0007810240772937758,-2.7685129141674612e-05,,,,,36.5,26.0
8.807201800450112,-7.625706414407799e-06,0.00030422694779299193,-0.0011157145490316145,,,,,36.5,26.0
8.809702425606401,-0.0003609526805640659,-0.00047140422337691264,0.00020629150239335055,,,,,36.5,26.0
8.81220305076269,-0.0006272615825435402,-0.0012349021505262364,-0.000992217914813551,,,,,36.5,26.0
8.81470367591898,0.00042562222281596285,-0.0006850615608587242,0.0012100542601170433,,,,,36.5,26.0
8.817204301075268,-0.002160623766057749,-0.0008586758303036259,-0.001611557299470327,,,,,36.5,26.0
8.819704926231557,-0.00047370036842954644,0.0013307293380038937,0.0004461709438205434,,,,,36.5,26.0
8.822205551387846,-0.0004573719698732529,0.0006960446422980621,-0.0004904093168558169,,,,,36.5,26.0
8.824706176544137,-0.0004219226427594721,0.0008682102511341661,-0.00019493284905240982,,,,,36.5,26.0
8.827206801700425,0.0006665099888322631,-0.0013358598904994847,-0.0006461721200214619,,,,,36.5,26.0
8.829707426856714,0.0008270098925482817,0.001616686906455153,-0.00048205844292747475,,,,,36.5,26.0
8.832208052013003,-0.0016366802679203736,0.0012801907710542615,0.000546785127310539,,,,,36.5,26.0
8.834708677169292,0.0006598338264947048,0.0009434909765854035,-0.0005485460427997088,,,,,36.5,26.0
8.837209302325581,0.0007722937100862079,0.0014969154508650802,0.0003113826894843793,,,,,36.5,26.0
8.83970992748187,-0.0013426419383967007,-0.00024038546925069497,0.0004672626681495276,,,,,36.5,26.0
8.842210552638159,0.0004281638551381923,-0.0007404370529028099,-0.001434676621085806,,,,,36.5,26.0
8.844711177794448,-0.0005160975268415002,0.0005675989628284607,0.0012323825190596026,,,,,36.5,26.0
8.847211802950737,0.0008143685996383581,-0.0002846398694074695,-4.593482399807881e-05,,,,,36.5,26.0
8.849712428107027,-0.001900023341834743,0.0002704409389651292,-0.00019599320041824422,,,,,36.5,26.0
8.852213053263316,0.001854706758127638,0.0013806619545364634,-0.0001023437429569228,,,,,36.5,26.0
8.854713678419605,0.0013990505300809288,0.0022102780326971002,-9.013654560309738e-05,,,,,36.5,26.0
8.857214303575894,0.0004389651188124882,-0.0002812860624387101,-0.0006862729095292874,,,,,36.5,26.0
8.859714928732183,-0.00019467410175616026,-0.0010194132759917777,-0.0005952085178765511,,,,,36.5,26.0
8.862215553888472,0.0009373657433854528,-0.0008612168166373703,0.00043330945812470727,,,,,36.5,26.0
8.86471617904476,0.0006105455977192907,-0.0009698579402658266,0.0008233402227666747,,,,,36.5,26.0
8.86721680420105,0.0011306319663755388,0.0009287511746050331,-2.670810969268705e-05,,,,,36.5,26.0
8.869717429357339,0.0004718605620628604,-1.0739102625235587e-05,-0.0019981059400426115,,,,,36.5,26.0
8.872218054513628,-0.0004380548293049377,0.0009087212007715631,0.0001367147662179468,,,,,36.5,26.0
8.874718679669916,0.0001746963457921898,-0.001384454875423194,-0.0003464816824598154,,,,,36.5,26.0
8.877219304826207,0.000698551651517521,-0.0006729402460288578,-0.00012783376066261083,,,,,36.5,26.0
8.879719929982496,0.00041652278675060944,-0.0006048947703654193,0.0009190217590906753,,,,,36.5,26.0
8.882220555138785,7.90434598976382e-05,-0.0006170094413020925,6.268822232010039e-05,,,,,36.5,26.0
8.884721180295074,0.0004304620377385705,0.0009278669285441389,-0.00019018420633953363,,,,,36.5,26.0
8.887221805451363,0.0013097819817343517,-0.0015741954941915178,-0.0004827887333403134,,,,,36.5,26.0
8.889722430607652,0.00031190560234162944,-0.00044244591864782114,-0.001498730481414985,,,,,36.5,26.0
8.89222305576394,-0.0013229599990529502,0.0009986218504419466,0.0004364087552632634,,,,,36.5,26.0
8.89472368092023,-0.00043282522780440573,-0.00018725560061881398,0.0007451951589905569,,,,,36.5,26.0
8.897224306076518,-0.0009019089097559547,-0.0010676082903266753,0.00014086693037213897,,,,,36.5,26.0
8.899724931232807,-0.000196970130417852,0.00026429081498162817,0.0013499835422187839,,,,,36.5,26.0
8.902225556389096,-0.0008412964877103299,0.0006383875612121878,0.0008161788361099113,,,,,36.5,26.0
8.904726181545387,2.4884515185243886e-05,-0.0005222697436467126,0.0009708788179828223,,,,,36.5,26.0
8.907226806701676,0.0014894445774674468,-0.0007594044716784953,0.0005322167588590756,,,,,36.5,26.0
8.909727431857965,-0.0008635748134635776,-0.0011147063338179661,0.000810423129079035,,,,,36.5,26.0
8.912228057014254,-0.0006559428418857133,0.00044858979118941184,-0.00020451427237835543,,,,,36.5,26.0
8.914728682170542,0.0008956394668555662,0.0016381980586303595,-0.0002407350050132082,,,,,36.5,26.0
8.917229307326831,-0.0010342190199895504,0.00035487801487149167,0.0004566614809217321,,,,,36.5,26.0
8.91972993248312,0.0001117634872569439,0.00014884798085658881,0.001237680698624438,,,,,36.5,26.0
8.92223055763941,-0.0009339027666018313,0.001705033199912684,-0.0011403015903835385,,,,,36.5,26.0
8.924731182795698,0.00043333374876963694,0.0006539152248133619,0.0002719494722211361,,,,,36.5,26.0
8.927231807951987,0.0010465741023316865,-0.00039732794460259135,1.4676762410616185e-05,,,,,36.5,26.0
8.929732433108278,-0.0012858373662815792,0.00012196037732333973,-0.0010568591491690543,,,,,36.5,26.0
8.932233058264567,0.0009109065011619064,-0.0010472819904520608,0.00033375618559751326,,,,,36.5,26.0
8.934733683420855,-0.0008579987375047128,-0.0010645721300045026,1.7285921865449918e-05,,,,,36.5,26.0
8.937234308577144,0.0003215687582063642,-0.0008437399152361396,0.00010212187452924814,,,,,36.5,26.0
8.939734933733433,-0.0007437072959896913,-0.0007843447516764745,-0.0006087800455877093,,,,,36.5,26.0
8.942235558889722,-0.0012438137805112597,-0.00011061102150840262,-4.428586326710638e-05,,,,,36.5,26.0
8.944736184046011,-0.0003206280877192265,0.0007760339497963963,-0.000517643262517919,,,,,36.5,26.0
8.9472368092023,-0.0006573362494594838,0.000811248901794511,0.0017861948265420111,,,,,36.5,26.0
8.949737434358589,2.3045464704699404e-05,0.0005085865691997844,-0.0001844449696703254,,,,,36.5,26.0
8.952238059514878,-0.0003229489539329396,-5.3588208226156874e-05,-0.00021726435982885776,,,,,36.5,26.0
8.954738684671167,0.0005774001049618608,0.001540039337527467,0.0006310499258584254,,,,,36.5,26.0
8.957239309827457,0.0003526824634736971,0.0006861320824327685,-0.0006567132417792788,,,,,36.5,26.0
8.959739934983746,-2.7970935703687155e-05,0.000328853276724004,0.0002990887793927255,,,,,36.5,26.0
8.962240560140035,-0.00011868816000674169,-0.0006022707065416711,0.0005895066135711811,,,,,36.5,26.0
8.964741185296324,-0.0006769524344390015,0.0015130116242646977,0.0015808467143781375,,,,,36.5,26.0
8.967241810452613,0.00047694310329115744,9.381783600061596e-07,0.0007796242243059922,,,,,36.5,26.0
8.969742435608902,-0.0008974117863022429,-4.718977130707841e-06,-0.00028129126789134206,,,,,36.5,26.0
8.97224306076519,0.0012180485507286432,9.631670831056008e-05,0.001183988368561557,,,,,36.5,26.0
8.97474368592148,0.0005253591916233293,0.0006537171228544913,-0.00039480041104960657,,,,,36.5,26.0
8.977244311077769,0.0014607010023792535,0.0013275976050860323,0.0017107827893278462,,,,,36.5,26.0
8.979744936234058,0.000372293351312464,-0.000991844497456223,-0.0001831781718620198,,,,,36.5,26.0
8.982245561390348,-0.0011407739688062018,0.0017591443681060162,0.002004110755806126,,,,,36.5,26.0
8.984746186546637,0.0005417183072900229,-0.0016206949585027529,-0.00016639375854781785,,,,,36.5,26.0
8.987246811702926,-0.00028573498975060943,-0.0008858615795691501,-0.0003461887629605578,,,,,36.5,26.0
8.989747436859215,-0.0008612650262204319,-0.0003016051402657883,-0.0008097785893835982,,,,,36.5,26.0
8.992248062015504,-0.0003539253515699751,-0.002080710805702069,0.002989185506116135,,,,,36.5,26.0
8.994748687171793,-0.0009037465821440215,-0.0005028386060945623,-0.00184263891704468,,,,,36.5,26.0
8.997249312328082,0.0010957341186635795,-0.0011405022394079618,0.0008798494724447963,,,,,36.5,26.0
8.99974993748437,0.0004924705709039997,0.0019693789626431986,0.00020056220689637893,,,,,36.5,26.0
9.00225056264066,0.00011372683219053958,-0.0008882610574347677,-0.000991887927168134,,,,,36.5,26.0
9.004751187796948,-0.0004288741401458877,0.0035167751345260745,0.00012304649680670184,,,,,36.5,26.0
9.007251812953237,0.0016877614591751895,0.0008432901366129347,-0.0005637019220684129,,,,,36.5,26.0
9.009752438109528,-0.000735426013812028,-0.00020882287402062836,-0.0006514400922685906,,,,,36.5,26.0
9.012253063265817,-0.00019564474490995685,-0.000540903158166575,0.0001551712343911512,,,,,36.5,26.0
9.014753688422106,-0.0006515877554056097,0.001672243590973571,0.0007298767565742238,,,,,36.5,26.0
9.017254313578395,0.0002365865544034184,7.334936559056541e-05,-0.001031217433536574,,,,,36.5,26.0
9.019754938734684,-0.002047141106629487,0.0011773753932286422,0.0005284800048538147,,,,,36.5,26.0
9.022255563890972,0.001618160849162664,-0.0006130893300022819,0.0009897928219531394,,,,,36.5,26.0
9.024756189047261,-0.00028142965244834777,-6.026382499528984e-05,0.0005873148408517489,,,,,36.5,26.0
9.02725681420355,0.000287861658878647,0.0012926723111492313,-0.0009120310057920424,,,,,36.5,26.0
9.02975743935984,0.0012157765759127275,-9.722856719717369e-06,-0.0008893584530477587,,,,,36.5,26.0
9.032258064516128,-0.000615912611047688,0.001097870517146046,0.0009182714023480527,,,,,36.5,26.0
9.034758689672417,-0.0025055576548282422,0.0005229166501789297,0.0009727857693982742,,,,,36.5,26.0
9.037259314828708,-0.0002646276813255184,-0.0013782924671793312,0.0008245630445136644,,,,,36.5,26.0
9.039759939984997,-0.000284156366700495,0.0006749246030612522,0.0010348876222250312,,,,,36.5,26.0
9.042260565141286,-0.000496819232796454,-0.0001713340965020238,0.001229548588560848,,,,,36.5,26.0
9.044761190297574,0.0013200351533208048,-0.0012062540430066878,0.001285133180226968,,,,,36.5,26.0
9.047261815453863,-0.0012918785442706273,-0.0006215696650958369,-0.001590122203753784,,,,,36.5,26.0
9.049762440610152,-9.056596345443953e-05,-0.0011543592537247066,0.00239284647068727,,,,,36.5,26.0
9.052263065766441,0.0003800392987933263,-0.001905073871150599,0.0004360248771207218,,,,,36.5,26.0
9.05476369092273,-0.0010856320329449111,1.2132537421629607e-05,-0.0006363655932132851,,,,,36.5,26.0
9.057264316079019,0.0013408262256844215,-0.00064100653147473,-0.00038408114121408604,,,,,36.5,26.0
9.059764941235308,0.0015867797254198006,0.0006374002821679886,0.0010015916610749815,,,,,36.5,26.0
9.062265566391599,-0.0006608387942595613,0.0010312517289197973,0.0008738443006593483,,,,,36.5,26.0
9.064766191547887,0.000283808406189976,-0.0008767542698076272,0.0005150090311287348,,,,,36.5,26.0
9.067266816704176,0.0004911836252250943,0.0005832830170361048,-0.000259834420322187,,,,,36.5,26.0
9.069767441860465,0.0002549619761472146,7.52405766809565e-05,0.002170283412597529,,,,,36.5,26.0
9.072268067016754,-0.00041937099753742253,0.0003022009556553839,0.0010426620619424592,,,,,36.5,26.0
9.074768692173043,-0.0008754750879145793,4.320545101136984e-05,-0.00016290579720891913,,,,,36.5,26.0
9.077269317329332,-0.0010792196434570196,-0.00012932456355044106,8.62096574225994e-05,,,,,36.5,26.0
9.07976994248562,6.106106423409535e-05,0.0004461385529486395,-0.00019054535013546739,,,,,36.5,26.0
9.08227056764191,-0.00026967638273279446,-0.0002760325747788081,-0.0014398884157644698,,,,,36.5,26.0
9.084771192798199,0.0003452555300624454,-0.00023358088973591144,0.00035604684983408494,,,,,36.5,26.0
9.087271817954488,0.0020140251147066504,-0.0010687783110320196,0.0008125105314085007,,,,,36.5,26.0
9.089772443110778,0.0007937529714358747,0.0003519070496937564,0.00035190571205496893,,,,,36.5,26.0
9.092273068267067,0.00021593429490851122,0.0023619936956417314,-0.0010959943839049346,,,,,36.5,26.0
9.094773693423356,-0.000450322732596862,0.0009330804985879453,-0.0017810752986302265,,,,,36.5,26.0
9.097274318579645,0.0013356764703128998,0.0003326829554601251,0.0004835516412285612,,,,,36.5,26.0
9.099774943735934,-0.002678760466058048,0.0009394652017444506,0.0002792100121240489,,,,,36.5,26.0
9.102275568892223,-0.000677511780828184,0.00021839441166088467,0.002663654751617797,,,,,36.5,26.0
9.104776194048512,-0.0004432999629315648,-3.7909123600637055e-05,0.0003473141242659057,,,,,36.5,26.0
9.1072768192048,-0.0014527814685617554,3.112030008403256e-05,0.0015167926695696722,,,,,36.5,26.0
9.10977744436109,0.0002246516638667864,-0.00031672361214327,-0.0003376506803318497,,,,,36.5,26.0
9.112278069517378,-0.0004589105898925697,-3.424580476367137e-05,-0.001006219489572066,,,,,36.5,26.0
9.114778694673667,-0.0003676779807924706,0.002295391740261057,-0.00023490304476466976,,,,,36.5,26.0
9.117279319829958,-0.0003278332566453484,-0.0006654498541922841,0.001214700486732846,,,,,36.5,26.0
9.119779944986247,0.0013688121397711465,0.0026291560039037195,0.0002220652974674808,,,,,36.5,26.0
9.122280570142536,0.0004536609593620405,0.001382970181700337,-0.0006804625958033401,,,,,36.5,26.0
9.124781195298825,-0.0007233246877462489,-0.0021549668897138815,-0.0008305613280211504,,,,,36.5,26.0
9.127281820455114,-0.0016897899471567904,-0.000320659399934041,-2.3421501188652906e-06,,,,,36.5,26.0
9.129782445611403,0.0010331685693695425,-0.0007700257946992033,0.00026045870114709175,,,,,36.5,26.0
9.132283070767691,0.0008908238870662483,0.0015040788640959916,0.0002538448513835392,,,,,36.5,26.0
9.13478369592398,-0.0004601764133463473,-0.000771596633578332,-0.001682234095619364,,,,,36.5,26.0
9.13728432108027,-0.00036599759211383616,-0.00020013442341858142,0.0003559883809228167,,,,,36.5,26.0
9.139784946236558,-0.0013199296727040505,-3.0329987294894478e-06,-1.2233245783862541e-05,,,,,36.5,26.0
9.142285571392849,0.00023897985915884731,4.3688226668109655e-05,-1.379812571843945e-05,,,,,36.5,26.0
9.144786196549138,0.002157807953612003,0.00025334368039358945,0.001334915065170609,,,,,36.5,26.0
9.147286821705427,-0.0009811546931313211,0.0001489166715299457,0.00017504385541907157,,,,,36.5,26.0
9.149787446861716,-0.0005842534207383121,-0.0010913514006675603,-0.0014744182108743116,,,,,36.5,26.0
9.152288072018004,-0.0027776823261042288,-0.0014131929400725625,0.00021486944143359426,,,,,36.5,26.0
9.154788697174293,0.0015621147379056512,0.001039099572525099,0.0014836564949101895,,,,,36.5,26.0
9.157289322330582,0.00023682969109223208,0.0021612676753275913,0.00021654604685113625,,,,,36.5,26.0
9.159789947486871,0.0004561934587579571,0.0012636959883329149,0.0008578925479218171,,,,,36.5,26.0
9.16229057264316,-0.0004300587133706899,0.0016608054453286338,0.001141587604710161,,,,,36.5,26.0
9.164791197799449,-0.001975648120422878,0.00015283247479208568,-5.6895996269091154e-05,,,,,36.5,26.0
9.167291822955738,-0.0007203350238027204,-0.0002777128248164603,0.0008483700127331612,,,,,36.5,26.0
9.169792448112029,-0.00014321155153755705,0.0009443090418695554,0.0015224381201346473,,,,,36.5,26.0
9.172293073268317,-0.0008125283261973828,-0.0006465920599464909,-0.0003680902894202355,,,,,36.5,26.0
9.174793698424606,0.0017988298446901362,0.0005244825834982317,0.0012192806062717324,,,,,36.5,26.0
9.177294323580895,0.0011309871995565182,0.00018201336857649503,0.0014947039699981434,,,,,36.5,26.0
9.179794948737184,-0.0017324963531165334,0.0008466507172865156,0.0011756935381813764,,,,,36.5,26.0
9.182295573893473,0.000559203658704502,-0.0001727132026913127,0.001518120988247737,,,,,36.5,26.0
9.184796199049762,0.00020764147584535335,-0.00038525098236203597,-0.00010402281182526988,,,,,36.5,26.0
9.18729682420605,-0.0009292391397776961,-0.001750532095465051,5.9628981859671284e-05,,,,,36.5,26.0
9.18979744936234,0.0005035000427095812,0.0014347060849758855,0.0005132684078183531,,,,,36.5,26.0
9.192298074518629,-0.0015593157620888208,-0.001093449980399423,0.0008179168712152165,,,,,36.5,26.0
9.19479869967492,-0.00035277547026989605,-0.0006242804888847935,-5.595552374830462e-05,,,,,36.5,26.0
9.197299324831208,-0.001643414350961862,0.0008552810005832993,0.00028868990206840816,,,,,36.5,26.0
9.199799949987497,0.001091656227256145,0.00017061818158995402,-0.0006579748198458989,,,,,36.5,26.0
9.202300575143786,0.0002189840980807276,0.0001733149741726531,0.0007240126460238892,,,,,36.5,26.0
9.204801200300075,-0.0006893398431500561,0.00011722992803486877,0.0006658912609694884,,,,,36.5,26.0
9.207301825456364,-0.0008976890818658671,-0.0017461658047967863,-0.0008064852383635584,,,,,36.5,26.0
9.209802450612653,-0.0002003040875313524,0.0003823373605267876,-0.00013035380492263515,,,,,36.5,26.0
9.212303075768942,0.00014060521664699613,-0.0008802620153946421,-0.001216954933288695,,,,,36.5,26.0
9.21480370092523,-0.0003775909888127875,-0.0005791519765004881,-0.0018510391571558565,,,,,36.5,26.0
9.21730432608152,-0.0010557936256471343,0.0008544733085621141,0.0003792730354122828,,,,,36.5,26.0
9.219804951237808,-0.0019549436773970636,0.0008702935606269847,0.0006342957391170939,,,,,36.5,26.0
9.222305576394099,0.0011363211669835765,-0.001701592002479129,0.0023215160080798194,,,,,36.5,26.0
9.224806201550388,-0.001291321666897742,9.049736429642144e-05,9.749822148697947e-05,,,,,36.5,26.0
9.227306826706677,-0.0014594189019797195,-0.0008258766586273908,-0.00023748520320597988,,,,,36.5,26.0
9.229807451862966,0.00012778496123988563,6.344534537579284e-05,-2.5825407052026665e-05,,,,,36.5,26.0
9.232308077019255,-0.00017981404919139375,-0.0001801416740132773,-0.0004096450519589861,,,,,36.5,26.0
9.234808702175544,0.00023576452693590833,-0.000580602633223148,-0.00022473905048405623,,,,,36.5,26.0
9.237309327331833,-0.0006644096152854709,0.000572392565835036,-0.002064409528194249,,,,,36.5,26.0
9.239809952488121,-0.0008114490147889326,0.0011334165646448124,0.0009927767843104912,,,,,36.5,26.0
9.24231057764441,-0.00039048899714776733,-0.0009759713813547687,-0.00024340759404182775,,,,,36.5,26.0
9.2448112028007,0.0004155994993289791,-0.0005407999736234814,0.00045314559123078895,,,,,36.5,26.0
9.247311827956988,-0.001230357143472089,0.000218519963033104,-0.0020731528072669503,,,,,36.5,26.0
9.249812453113279,-0.0010456966264247144,-0.0015817979165528497,0.0008297282584395164,,,,,36.5,26.0
9.252313078269568,0.0017068051910947236,0.0011893157669113853,-0.0006971152652360975,,,,,36.5,26.0
9.254813703425857,-0.0002262912736254782,-0.0003143352177882234,0.0002456572948537587,,,,,36.5,26.0
9.257314328582146,-0.0004862167288974733,0.0007571048130179493,-0.0009938493333739383,,,,,36.5,26.0
9.259814953738434,0.00014516232152491097,-0.0006012983731788597,0.001836230534065495,,,,,36.5,26.0
9.262315578894723,-1.5901910930311988e-05,0.0030393705971032917,-0.0002541913806978694,,,,,36.5,26.0
9.264816204051012,0.0007926753754711302,0.0015107637346498785,0.0008215291889401919,,,,,36.5,26.0
9.267316829207301,-0.0004256315799776707,0.0003863276797068009,0.0014660569647271344,,,,,36.5,26.0
9.26981745436359,0.000577187514825888,0.001173914791990966,0.001127500835282259,,,,,36.5,26.0
9.272318079519879,-0.0007227317786477881,-0.00020237182496114236,0.0008624283868999333,,,,,36.5,26.0
9.27481870467617,0.0011898731748895112,0.0012559184601627375,0.0002609669133506607,,,,,36.5,26.0
9.277319329832459,0.0004783105178747392,0.000973098559807061,-0.00011358815402907356,,,,,36.5,26.0
9.279819954988747,-8.275804640270851e-05,-0.0014829807576365599,-0.0007481771143708982,,,,,36.5,26.0
9.282320580145036,-0.0015924630814499673,-0.0003633963416450428,-0.001411204776854238,,,,,36.5,26.0
9.284821205301325,-0.001230756360474424,0.0011849656472093003,-0.0011933355557111058,,,,,36.5,26.0
9.287321830457614,0.0008124124246151188,-0.0008261848546449388,-0.00016179438682358327,,,,,36.5,26.0
9.289822455613903,-0.0005622053779071644,-0.00011984568035224237,-0.0009273460376980073,,,,,36.5,26.0
9.292323080770192,0.0003711986803877572,-0.0019690384522157477,0.0001984973095323996,,,,,36.5,26.0
9.29482370592648,-0.0006289282419480472,0.0004622803407582836,-0.0008094245164494204,,,,,36.5,26.0
9.29732433108277,0.0017305536453640115,0.0011031506542480952,-0.0001668734655858674,,,,,36.5,26.0
9.299824956239059,-0.00028829095093524246,0.0006668666865815825,0.002227034378056198,,,,,36.5,26.0
9.30232558139535,-0.00010687082455918123,0.0003439315351061104,-0.0009824121273732693,,,,,36.5,26.0
9.304826206551638,-0.001113747991042668,-0.0002993568553030484,-0.0007609818798227298,,,,,36.5,26.0
9.307326831707927,0.00089609847686076,0.0008129807167637833,0.0012496517975046772,,,,,36.5,26.0
9.309827456864216,-0.00022175904578867778,-0.00040335488361114256,-0.0001567917149271501,,,,,36.5,26.0
9.312328082020505,-0.0019048210686283865,0.0008969929988606578,-0.0011047888634503563,,,,,36.5,26.0
9.314828707176794,0.00033953628983686033,-0.00012740625707023052,0.0008835187379403072,,,,,36.5,26.0
9.317329332333083,-0.000496068635117321,-0.0009384434702127131,-0.0013942396711598838,,,,,36.5,26.0
9.319829957489372,-0.0007744950797066236,0.001126972961196414,-4.797351096534825e-05,,,,,36.5,26.0
9.32233058264566,0.0002506463722754375,-0.0009121034457501877,0.0005155065423304924,,,,,36.5,26.0
9.32483120780195,-9.097844096171614e-05,0.0003364821887224949,0.00015262887127992815,,,,,36.5,26.0
9.32733183295824,0.000761046688098649,0.0006942863424256193,0.001470507898978216,,,,,36.5,26.0
9.329832458114529,-0.0005138117329401552,0.0003914446820388944,-0.0008006434906981415,,,,,36.5,26.0
9.332333083270818,0.00018720565489451242,0.002448276873381936,0.0020808292329537433,,,,,36.5,26.0
9.334833708427107,0.00032318116835355334,1.3902604688953505e-05,0.002246537148887936,,,,,36.5,26.0
9.337334333583396,0.0005417038316650494,0.00031257992767007574,-4.023848321610994e-05,,,,,36.5,26.0
9.339834958739685,0.0010232736844164286,0.00030880483159593234,-0.00011123615331584677,,,,,36.5,26.0
9.342335583895974,-0.0008375901163337544,-0.0015147765638267292,-0.00028715003196213494,,,,,36.5,26.0
9.344836209052263,-0.0017944700248460912,0.0008399980878473067,0.0008696709127357245,,,,,36.5,26.0
9.347336834208551,0.001621480738002475,0.0010540840724188969,0.0006415536596496478,,,,,36.5,26.0
9.34983745936484,-0.0018799239654499328,-0.0014852157240682715,0.0009064750529453234,,,,,36.5,26.0
9.35233808452113,0.0004939778933921013,-0.0009610839332536169,-0.001360961574002557,,,,,36.5,26.0
9.35483870967742,0.0004103034587313336,0.00121574230089042,0.0009974812809229678,,,,,36.5,26.0
9.357339334833709,0.00047607382290896003,-0.0012373284510219106,-0.0003197446368401324,,,,,36.5,26.0
9.359839959989998,-0.0003187780339191216,0.000328551087238428,0.00029187450014484835,,,,,36.5,26.0
9.362340585146287,-0.0009659476568623267,-0.001185096845397606,0.0009912204488035457,,,,,36.5,26.0
9.364841210302576,-0.001645995380118873,0.0005478351653152583,-0.0009953075892236874,,,,,36.5,26.0
9.367341835458864,0.0002188348946383096,0.00035704332720180014,0.0007607934110380558,,,,,36.5,26.0
9.369842460615153,-0.0005630063464164001,-0.0014984189789358613,-0.0005492375247633394,,,,,36.5,26.0
9.372343085771442,3.196992072904925e-05,-0.0011964281029573105,0.0001536367314622097,,,,,36.5,26.0
9.374843710927731,0.0016807697179761665,-0.0017771151169843186,-0.0012690052351326578,,,,,36.5,26.0
9.37734433608402,0.0003962499621973548,0.00033495617268077525,0.0012536177673984862,,,,,36.5,26.0
9.379844961240309,-0.001057820084261703,0.0003383851454615831,-0.0002914676940855618,,,,,36.5,26.0
9.3823455863966,0.0009152992960112236,-0.0009185199326470048,-0.0007113249761161988,,,,,36.5,26.0
9.384846211552889,0.0013263501813539074,0.00045446078973829533,-5.9624163040507836e-05,,,,,36.5,26.0
9.387346836709177,-0.0002075947713979039,-0.0009086122320038758,0.0004471398745634411,,,,,36.5,26.0
9.389847461865466,-0.0005418373980827345,0.00017871143425567189,0.0002810220158155763,,,,,36.5,26.0
9.392348087021755,6.849855158708317e-05,-0.0005944873692282156,-0.0006686675942947412,,,,,36.5,26.0
9.394848712178044,0.0023636212823324025,0.00015862436821787948,0.00026291918640377937,,,,,36.5,26.0
9.397349337334333,-0.00026004501013272304,-0.000623301242820394,-0.001363485332891815,,,,,36.5,26.0
9.399849962490622,-0.00021873970898924665,0.0013193527119303575,7.762574031834354e-05,,,,,36.5,26.0
9.402350587646911,-0.0008851550536222946,-0.0004612738627709068,0.00043949799759846104,,,,,36.5,26.0
9.4048512128032,-1.4656685577743784e-05,0.00016289133526902955,-3.785384521444351e-05,,,,,36.5,26.0
9.40735183795949,0.0005970782666327133,-0.0008827497322844455,-8.141542280124412e-05,,,,,36.5,26.0
9.40985246311578,-0.0008700616311011117,0.001190965686712101,0.0009711915954828762,,,,,36.5,26.0
9.412353088272068,-0.0016156305414627217,-0.00018198254763439356,-0.00026283730769229995,,,,,36.5,26.0
9.414853713428357,-0.0016907540117403802,-0.0009591297983504334,0.0014519893190367496,,,,,36.5,26.0
9.417354338584646,-0.0010951950535445683,0.0011475221158208288,-0.00040303645972441653,,,,,36.5,26.0
9.419854963740935,-0.00030604369088803237,0.0009918551106317672,-0.0009921326853094682,,,,,36.5,26.0
9.422355588897224,0.0012450330660105334,-0.0006098778439585248,-0.0017665118902641676,,,,,36.5,26.0
9.424856214053513,0.000918291201632329,-0.0002614035528921997,0.0016046638165190651,,,,,36.5,26.0
9.427356839209802,0.00095511517671325,-0.0005446853731803549,-0.0012769903097516377,,,,,36.5,26.0
9.42985746436609,0.0008937229376191998,-0.00032813697968261376,-0.0014458856190884186,,,,,36.5,26.0
9.43235808952238,-0.0009200294340463997,-0.0008329344760918995,0.0013079610260980329,,,,,36.5,26.0
9.43485871467867,-0.00022987717579353988,0.00023071379645554468,-7.87995937424283e-05,,,,,36.5,26.0
9.43735933983496,0.0020127437491010407,0.0011806873683192808,-0.000873422338578326,,,,,36.5,26.0
9.439859964991248,0.0007723371177619048,-0.0002140568338422284,0.001231283826246198,,,,,36.5,26.0
9.442360590147537,-8.952776013582421e-05,-4.962717338351417e-05,-0.001597800805585351,,,,,36.5,26.0
9.444861215303826,0.0004306317695494475,-0.0005843557894512223,-0.001141791538029613,,,,,36.5,26.0
9.447361840460115,0.0008465805543630929,-0.0010126294654305254,-0.0004541275081534668,,,,,36.5,26.0
9.449862465616404,-0.0011943756609595162,0.0018893770577502482,0.0011703902483926984,,,,,36.5,26.0
9.452363090772693,8.919730941769739e-05,-0.001063949645174725,-8.645349039663573e-05,,,,,36.5,26.0
9.454863715928981,3.8175294428285395e-05,-0.0005691344320295945,-0.0011760050680743425,,,,,36.5,26.0
9.45736434108527,-0.0010163972629278512,-3.9135153494312466e-05,-0.0012531483104929759,,,,,36.5,26.0
9.459864966241561,0.000649229797935941,0.0010677313401157924,-0.0002884125728554056,,,,,36.5,26.0
9.46236559139785,-0.00010612377146057824,-0.0011221184099590652,-0.000338057792669879,,,,,36.5,26.0
9.464866216554139,-0.00025694985505568237,0.0008559502902279418,9.774098887673117e-05,,,,,36.5,26.0
9.467366841710428,-0.0008880034854229494,-0.0008216011340666405,0.0016276862858174794,,,,,36.5,26.0
9.469867466866717,-5.4665146498648796e-05,0.00016983578178912868,-0.0010266278871618845,,,,,36.5,26.0
9.472368092023006,0.0003755466256270109,-0.0007498012956062134,-0.0005506358760259913,,,,,36.5,26.0
9.474868717179294,-0.00044114408514912297,-0.0021245223784382592,-0.0010212811625582424,,,,,36.5,26.0
9.477369342335583,-0.0003935767860021013,-0.0009194476395579639,-0.00016367365447267002,,,,,36.5,26.0
9.479869967491872,0.000594689221219648,0.0011938113113405474,0.001215428598596298,,,,,36.5,26.0
9.482370592648161,-0.0010428219457592573,-6.937144924504076e-05,0.00017495159406661641,,,,,36.5,26.0
9.48487121780445,0.00030859500124633983,0.00028808408897299626,0.000584288028714692,,,,,36.5,26.0
9.48737184296074,0.0005744366660032298,0.0004340615244343475,0.002549099388799508,,,,,36.5,26.0
9.48987246811703,-0.0003595727396547646,-0.001982110246473787,9.431223649635967e-05,,,,,36.5,26.0
9.492373093273319,0.0009015216066671578,0.002087914156700447,-0.0003356052616875206,,,,,36.5,26.0
9.494873718429607,0.0005644199150414328,0.00034348201848375146,-0.0017627881095513376,,,,,36.5,26.0
9.497374343585896,0.0016682068400976186,-0.0017881621833119757,0.00045911154012241576,,,,,36.5,26.0
9.499874968742185,0.0003811209220391247,-0.00014380706720075646,0.0007891891599331819,,,,,36.5,26.0
9.502375593898474,-0.00036665002005750833,9.149400023427831e-05,-0.00039741369769083967,,,,,36.5,26.0
9.504876219054763,0.00022031825260970393,0.0012088182627242828,0.0012100731969123452,,,,,36.5,26.0
9.507376844211052,0.0012376629735576965,0.0014638048058578054,-0.0011149422435465597,,,,,36.5,26.0
9.509877469367341,9.141447019117216e-07,-0.0015562247780917793,-1.4742401195052688e-05,,,,,36.5,26.0
9.51237809452363,0.00015559957205395352,-0.0013495266808698026,-0.0004935569208159152,,,,,36.5,26.0
9.51487871967992,-5.149018968006285e-07,-0.0008993261089104568,0.0023386513414756223,,,,,36.5,26.0
9.51737934483621,0.0006026093897418864,0.0005232187959305104,0.00019814300529614706,,,,,36.5,26.0
9.519879969992498,-6.75000288606775e-05,0.0006924319366789047,0.00036237042588612524,,,,,36.5,26.0
9.522380595148787,-0.0008352350982906124,0.0008241487882344706,0.001196276078472124,,,,,36.5,26.0
9.524881220305076,0.0006393275784615126,-0.00020387312294024824,-0.00018405854525229136,,,,,36.5,26.0
9.527381845461365,0.0015474267141420475,0.0012146317594170064,-0.0006003107011361973,,,,,36.5,26.0
9.529882470617654,0.0003464778048441701,0.0002682534280843586,0.0007350714010279194,,,,,36.5,26.0
9.532383095773943,0.0007812722281438643,7.634957371227904e-05,0.0005219223295236101,,,,,36.5,26.0
9.534883720930232,-0.00021949460259230134,0.0008917959119478357,-0.0018749009424826938,,,,,36.5,26.0
9.53738434608652,0.000779227735432433,1.967828141702094e-05,0.00013563086835477475,,,,,36.5,26.0
9.539884971242811,0.0002685827917222537,-0.0012459614584791631,0.0015675218335600722,,,,,36.5,26.0
9.5423855963991,-0.0010483128710807824,-0.0013844519198166216,-0.00059420113501984,,,,,36.5,26.0
9.54488622155539,-0.0005652420484518679,-0.0009356873071821274,-0.00010522635055458902,,,,,36.5,26.0
9.547386846711678,0.0008802934370006699,0.00030234411442542266,0.0003479068615495212,,,,,36.5,26.0
9.549887471867967,0.0009664592119570364,-0.0012203716876184295,-0.0003323254036864689,,,,,36.5,26.0
9.552388097024256,-0.001509599844665703,0.001844509153775834,0.0007589970480204393,,,,,36.5,26.0
9.554888722180545,-7.518575969751348e-05,0.0004211025691273592,-0.0002203909997753774,,,,,36.5,26.0
9.557389347336834,0.0017057292978557197,0.0001644056346957503,0.0004519122901694641,,,,,36.5,26.0
9.559889972493123,0.0007106751343212437,0.0005678804666816522,-0.0009943257136635943,,,,,36.5,26.0
9.562390597649411,0.00028802536273830393,-0.00017865821897564425,-7.916749223643249e-05,,,,,36.5,26.0
9.5648912228057,0.000800975662343547,-4.330457312700353e-05,-0.0010232080539525484,,,,,36.5,26.0
9.567391847961991,0.0020761282396729343,0.0011468881793724487,-0.0009612834105406321,,,,,36.5,26.0
9.56989247311828,0.0007226684002764693,-0.002119373920872893,-0.00012113294653707418,,,,,36.5,26.0
9.572393098274569,0.001126792492806123,-0.0003774550285751485,0.0005952065640873003,,,,,36.5,26.0
9.574893723430858,-0.0003265471608123589,-0.0011468425307233942,0.0010920313799472052,,,,,36.5,26.0
9.577394348587147,-0.0005707684404077151,0.0013835540636647113,0.0007434242636484093,,,,,36.5,26.0
9.579894973743436,4.88519181620945e-05,-0.0003089040266885823,-0.0013083525986717877,,,,,36.5,26.0
9.582395598899724,0.0006711588413286469,0.000762096640500144,-0.00029161887912380164,,,,,36.5,26.0
9.584896224056013,-0.0012662233678452112,-0.000534271764048129,-0.0004503620535161471,,,,,36.5,26.0
9.587396849212302,-0.0006042540865767957,-0.00021004380589931718,0.00027186085547704046,,,,,36.5,26.0
9.589897474368591,-7.508271211637055e-05,0.0004020840134218384,-0.0009525849685540864,,,,,36.5,26.0
9.59239809952488,-0.0011274931797866546,-0.00011526337028229594,-0.0009313222162211371,,,,,36.5,26.0
9.59489872468117,-0.000562642391990566,0.0013767182525286847,-0.00021625795787143126,,,,,36.5,26.0
9.59739934983746,-0.0008103890316721767,0.00018702073284584383,0.0009325486478314922,,,,,36.5,26.0
9.599899974993749,0.0013308621315806179,-0.0017986857481064316,0.00042046845858862905,,,,,36.5,26.0
9.602400600150037,-0.0003783611484284646,0.0007081612426540595,-0.000394909395966558,,,,,36.5,26.0
9.604901225306326,0.0013551107787690144,-0.00020710841751990443,-0.0006210374825842104,,,,,36.5,26.0
9.607401850462615,0.0005654366825678275,0.0007914162633405515,-0.00017820180200879413,,,,,36.5,26.0
9.609902475618904,0.0016095542196696273,-0.0022482224844091237,-0.0016733922178710078,,,,,36.5,26.0
9.612403100775193,-0.000617191807211957,0.0005157263133761798,0.00012440932759088985,,,,,36.5,26.0
9.614903725931482,0.0005745197639092679,0.0016277559791769663,-0.0014862384826051349,,,,,36.5,26.0
9.617404351087771,-0.0012039501007966508,-3.989602954343659e-05,0.00045332254289619776,,,,,36.5,26.0
9.619904976244062,0.00022870676217661478,0.0010326530728343645,0.0003762759177201736,,,,,36.5,26.0
9.62240560140035,0.0018313652577203428,0.0011762961361342769,0.00017452954295707346,,,,,36.5,26.0
9.62490622655664,0.00023509132795415086,-0.0019273081474683337,5.331122151690158e-05,,,,,36.5,26.0
9.627406851712928,-0.0002631836709870515,0.00020301300960563876,0.0005017650202043985,,,,,36.5,26.0
9.629907476869217,-0.0003209734043436931,-0.0007147693386642555,0.0007740392156318898,,,,,36.5,26.0
9.632408102025506,0.0009988477189033142,-0.00017214106676361387,-0.00019257885393931444,,,,,36.5,26.0
9.634908727181795,9.121845188382602e-05,0.0002616088860132152,0.0017410592910525624,,,,,36.5,26.0
9.637409352338084,-0.0005184662218611408,-0.0007379457455341027,0.0007028227799226695,,,,,36.5,26.0
9.639909977494373,0.0008965811059378887,-0.0003935319048916458,-0.00019225895400728444,,,,,36.5,26.0
9.642410602650662,4.354910120291204e-05,-0.001019640393324246,-0.00043442106200162084,,,,,36.5,26.0
9.64491122780695,-0.0004317523495337733,0.0004609371863260786,0.0002886459772052251,,,,,36.5,26.0
9.647411852963241,0.00035571145766575635,0.001218721492791749,-0.0010915070467395738,,,,,36.5,26.0
9.64991247811953,0.00013508610554125298,0.00022237538012030415,-0.001090914618998231,,,,,36.5,26.0
9.65241310327582,0.0003765094392798715,0.001982300247125172,-0.00022954539794166554,,,,,36.5,26.0
9.654913728432108,0.0017761937400799677,-0.00045269507005267235,0.00031230691449903465,,,,,36.5,26.0
9.657414353588397,-0.0005205690918447314,0.001186529775322265,-0.0013053483590541146,,,,,36.5,26.0
9.659914978744686,-0.0011314093862609953,-0.0009234240143589584,-0.00015537260977348372,,,,,36.5,26.0
9.662415603900975,0.0017980246636922091,0.0002495059039106956,0.0008630927468733536,,,,,36.5,26.0
9.664916229057264,0.001049846721978052,0.002101255048695492,0.00031615924833968274,,,,,36.5,26.0
9.667416854213553,-0.0005500737554435829,-0.002033156094767318,-0.0015222220122119991,,,,,36.5,26.0
9.669917479369841,0.0005067435997726169,-0.0027709823092373037,-0.0007479090941418046,,,,,36.5,26.0
9.672418104526132,-0.00030287352949815653,-0.0013393615050067227,8.527251445143937e-05,,,,,36.5,26.0
9.674918729682421,-0.0005811109095200255,0.00013295426289460836,-0.0013026552237463513,,,,,36.5,26.0
9.67741935483871,0.00032730801373860233,-0.0003970630557328651,-0.00044060877060631345,,,,,36.5,26.0
9.679919979994999,-0.0011440032541397615,-0.0003985102504376789,0.00016338503762063758,,,,,36.5,26.0
9.682420605151288,0.00035223043644363745,0.0004841440106793861,-0.0010165956621194412,,,,,36.5,26.0
9.684921230307577,-0.0012070117998082862,-0.0006582362832765666,-0.0007453445045207907,,,,,36.5,26.0
9.687421855463866,-0.0003109562366808056,-0.0010640963911475955,-0.0007329409158159194,,,,,36.5,26.0
9.689922480620154,0.00022144552405117723,-0.00018429258390564087,-0.00042529993446243535,,,,,36.5,26.0
9.692423105776443,-0.001294729765517411,0.0010751190247018205,2.7798293293148984e-05,,,,,36.5,26.0
9.694923730932732,0.0005579344450934451,0.0010331706512753502,0.0007662982055526667,,,,,36.5,26.0
9.697424356089021,0.0003443756073367168,0.0007092528496353226,-0.0009937351363224424,,,,,36.5,26.0
9.699924981245312,-0.0003329893990131699,-0.0014276463903400629,-0.0013982349799078367,,,,,36.5,26.0
9.7024256064016,0.0003989887876487301,0.0005008344517917127,-0.0011273962271261956,,,,,36.5,26.0
9.70492623155789,0.000264701674803795,0.00025957625793834936,-0.0009912284698545735,,,,,36.5,26.0
9.707426856714179,-0.0006411582559251754,0.001196070814046052,0.0006006961284637957,,,,,36.5,26.0
9.709927481870468,-0.0002699031478067932,0.0004797896543121645,0.00039509081302641563,,,,,36.5,26.0
9.712428107026756,0.0008000483981316029,-0.0021298577541089317,0.0002976082180207041,,,,,36.5,26.0
9.714928732183045,0.0012273041461652212,-0.0010827334374569771,0.0015118799613898133,,,,,36.5,26.0
9.717429357339334,-0.0012719229805648938,-0.00019890931628650528,-0.0005083662837007613,,,,,36.5,26.0
9.719929982495623,0.0002158384199624539,0.0006636838677685759,0.0010609483293360247,,,,,36.5,26.0
9.722430607651912,0.0013834329545155143,-0.0008184555844145078,-0.0003943466199295055,,,,,36.5,26.0
9.724931232808201,0.0025031946233274593,0.0008821121974055031,-0.0009695753818699985,,,,,36.5,26.0
9.727431857964492,0.0008954883209445371,0.0008472142132135471,0.0012229116247936137,,,,,36.5,26.0
9.72993248312078,0.0008026425277912979,0.0008479163039285744,-0.0002039799879806724,,,,,36.5,26.0
9.73243310827707,-0.002387760602143793,0.0006974862483283322,0.0010378208269122321,,,,,36.5,26.0
9.734933733433358,-0.0005132453799055662,0.0005784090214073453,0.001976569563642293,,,,,36.5,26.0
9.737434358589647,0.0007165317326653277,0.001034539509336335,-0.0004345430523600376,,,,,36.5,26.0
9.739934983745936,-0.0007631825185947447,-0.0014133826779306345,0.001338277112523728,,,,,36.5,26.0
9.742435608902225,0.00135774339317909,0.00017641347624108207,0.0012328061563681202,,,,,36.5,26.0
9.744936234058514,0.00168451706334366,-0.00021133110256657179,-0.0004024600565114745,,,,,36.5,26.0
9.747436859214803,-0.0003224919640922127,0.00045296842522690473,-0.0015075536373928894,,,,,36.5,26.0
9.749937484371092,-0.001605195723452923,-0.0002474925343887692,-0.00012951797536031983,,,,,36.5,26.0
9.752438109527382,-0.0002730201930716333,-0.0004041852408403903,-0.00012654981248443587,,,,,36.5,26.0
9.754938734683671,0.0011840159035459519,0.0020798561239877902,-0.0005039659640901367,,,,,36.5,26.0
9.75743935983996,-0.0015787892716263559,-0.0011622267871429666,0.001203805734351313,,,,,36.5,26.0
9.75993998499625,-2.0436005285462564e-05,-0.001551607640999477,-6.182869309069616e-05,,,,,36.5,26.0
9.762440610152538,0.0012345377207845054,-0.0009407908997119141,6.100554822334369e-05,,,,,36.5,26.0
9.764941235308827,0.000245844150155923,0.0021491275971350574,0.0007146393020929781,,,,,36.5,26.0
9.767441860465116,-0.0021047440422138244,0.0011697655413003447,6.410114011126518e-05,,,,,36.5,26.0
9.769942485621405,-0.0025199890791793088,-0.00010583740262198153,-0.0011323290174869612,,,,,36.5,26.0
9.772443110777694,-0.00021722303589824014,-0.0005956817978444536,0.0005112957682789125,,,,,36.5,26.0
9.774943735933983,0.00017126873676651027,0.00031246340377624136,0.0010910423823578708,,,,,36.5,26.0
9.777444361090271,0.0008840280661129422,0.0012410193605582238,-0.0009876448156557265,,,,,36.5,26.0
9.779944986246562,0.0007229242532622896,0.0015435956780407028,0.0005283398141907271,,,,,36.5,26.0
9.782445611402851,0.0003443719023020989,-0.0006843007097394881,0.0007840479873209612,,,,,36.5,26.0
9.78494623655914,-0.0009554650886207307,0.00034754509120011505,0.0011090588963139783,,,,,36.5,26.0
9.787446861715429,0.00044777457328186633,-0.00015030064310778618,0.0003180414928197814,,,,,36.5,26.0
9.789947486871718,-0.0006940142644199524,0.0005427830289017155,-0.00045714444004434085,,,,,36.5,26.0
9.792448112028007,0.0010600459359241146,-0.00014540049651040387,-0.0022156995438116977,,,,,36.5,26.0
9.794948737184296,-0.001102055265576688,-7.101409652891044e-05,2.122130374542349e-05,,,,,36.5,26.0
9.797449362340584,0.0015271312859679782,0.0006845980267945081,-0.000542272659730461,,,,,36.5,26.0
9.799949987496873,-0.0006942412462032302,-0.0015108479349914966,-0.0002614181696075693,,,,,36.5,26.0
9.802450612653162,-0.0016783985214949718,-0.0007418284955657639,0.0014586585001068442,,,,,36.5,26.0
9.804951237809453,-0.0006336011330704225,0.002046154469204992,-0.00010205578708716462,,,,,36.5,26.0
9.807451862965742,-0.0004030160300436819,0.0010933772062127819,-0.0015810393519401493,,,,,36.5,26.0
9.80995248812203,-0.0010323209766947199,0.0006594942404966671,-0.0017061079649158765,,,,,36.5,26.0
9.81245311327832,-0.0012126251600925457,-5.665259407192479e-05,0.0012314299250055834,,,,,36.5,26.0
9.814953738434609,5.7381300292036203e-05,0.0007810568533210798,4.076638268916182e-05,,,,,36.5,26.0
9.817454363590898,0.0005225486711506132,0.000985804410865101,-0.0006937779547599546,,,,,36.5,26.0
9.819954988747186,0.0005691494375909016,0.0007857757537766342,-0.0009729030267047123,,,,,36.5,26.0
9.822455613903475,-0.0017439213357367093,-0.0006034288628537169,6.273862458105248e-05,,,,,36.5,26.0
9.824956239059764,-0.00040940263977829437,-0.0011466663835335866,0.0004848855064731118,,,,,36.5,26.0
9.827456864216053,-0.0017817175960580162,0.0005392482326040752,-0.0005946481518977571,,,,,36.5,26.0
9.829957489372342,1.8292229760181296e-05,0.0005311022839573386,-0.0010634064326646212,,,,,36.5,26.0
9.832458114528633,0.0007866224462030084,4.994681451289628e-05,-0.0005204596092187625,,,,,36.5,26.0
9.834958739684922,-0.0008883952002509427,0.0004178621225426707,-3.772266388982167e-05,,,,,36.5,26.0
9.83745936484121,-0.001100112923995196,0.0010839489112159282,0.0006772061814228777,,,,,36.5,26.0
9.8399599899975,-0.0009373410557355548,0.001249368327588321,0.0011207202240128085,,,,,36.5,26.0
9.842460615153788,0.0001480782904744282,0.00022227459783472176,3.5703843943188595e-05,,,,,36.5,26.0
9.844961240310077,-0.0003809017232534639,0.00044999147739810673,-0.0009795822953111346,,,,,36.5,26.0
9.847461865466366,-0.00023580375440240419,-0.0002622738005852098,0.0004283031484144932,,,,,36.5,26.0
9.849962490622655,0.001085403072913384,-0.0005589734936952322,0.0009960764805501778,,,,,36.5,26.0
9.852463115778944,0.00039449411180152616,0.00014752376480665186,-0.0003794645212472796,,,,,36.5,26.0
9.854963740935233,-7.887000226107138e-06,-0.0010473522851592255,0.00029063739805277266,,,,,36.5,26.0
9.857464366091522,-0.0011398320280760783,0.0002014348372561274,-0.0014694441925493231,,,,,36.5,26.0
9.859964991247812,-0.0003811430714450296,-0.0016486391071364227,0.0013735770178159316,,,,,36.5,26.0
9.862465616404101,0.0007568902076942092,-0.0008557143161797999,-0.00034827247257198643,,,,,36.5,26.0
9.86496624156039,-0.0017459818230658552,-0.0005095151233083698,0.0008543150245884825,,,,,36.5,26.0
9.86746686671668,0.0019188844233206206,-0.0018330320210354115,0.00023543616131393942,,,,,36.5,26.0
9.869967491872968,0.0002473842879429515,-0.0005018019887529922,-0.0010300188253233044,,,,,36.5,26.0
9.872468117029257,-0.000972809179533246,-0.00067058507095926,0.0011126929747166017,,,,,36.5,26.0
9.874968742185546,0.0006322498776462348,-0.00023812400025132588,-0.0012465541550524492,,,,,36.5,26.0
9.877469367341835,0.0018869597695237122,-0.0011585222246287353,-0.0012153799546532975,,,,,36.5,26.0
9.879969992498124,-0.0007958138398679297,-0.0006771425752415866,0.0008155901455949578,,,,,36.5,26.0
9.882470617654413,0.0012123974684172011,-0.00041719141707002356,6.235088909137099e-05,,,,,36.5,26.0
9.884971242810703,-0.0007837607696472974,0.0007647509664097325,-0.0005826968613887497,,,,,36.5,26.0
9.887471867966992,0.001001877488564011,0.0016621862450717274,0.0015392557158466547,,,,,36.5,26.0
9.889972493123281,-0.0015841365389384734,-0.00026387994222839395,-5.008322956134636e-05,,,,,36.5,26.0
9.89247311827957,-0.00045089770796971515,0.0017766647566400035,0.0005744825486745171,,,,,36.5,26.0
9.894973743435859,0.0002604011867076698,-0.00012185860081630254,-0.0003992364803194213,,,,,36.5,26.0
9.897474368592148,0.0025479289214414384,0.0012464388784599132,-0.0008082056454242921,,,,,36.5,26.0
9.899974993748437,-0.00038998579804195205,-0.0011185018079825201,0.0013576930679873524,,,,,36.5,26.0
9.902475618904726,-0.0008620108838443206,0.0006583110415881681,-0.0002731578546442965,,,,,36.5,26.0
9.904976244061015,0.0006272601565326489,-0.0013462722222003323,0.0013880195462438137,,,,,36.5,26.0
9.907476869217303,-2.1823143522930422e-05,0.0009373365472907043,-0.001330364740300735,,,,,36.5,26.0
9.909977494373592,0.0009645704277716064,0.0009880684292154118,0.0008243525826259803,,,,,36.5,26.0
9.912478119529883,-8.182712185051995e-05,0.0018318325452010263,-0.0005946208747255408,,,,,36.5,26.0
9.914978744686172,0.002189188695295847,0.00024563115187799586,0.0009920116969174219,,,,,36.5,26.0
9.91747936984246,-0.0008062356721368991,-0.0008427135699421176,-0.0008385565935355221,,,,,36.5,26.0
9.91997999499875,-0.0012434252976850741,-0.00031108585250117274,0.0004899752452164047,,,,,36.5,26.0
9.922480620155039,0.000590360425011645,-0.00105400609086714,-0.00018944150203107832,,,,,36.5,26.0
9.924981245311328,0.00034298171653329034,0.001496456624848818,0.002801300981794173,,,,,36.5,26.0
9.927481870467616,0.0002439402257417205,-0.0011710397208484018,0.00035179631156262876,,,,,36.5,26.0
9.929982495623905,0.0014359534569445657,-0.0006225447704859046,0.0007780540081441192,,,,,36.5,26.0
9.932483120780194,9.181755083469099e-05,0.00019091045741581397,0.0005114246413162405,,,,,36.5,26.0
9.934983745936483,-0.00015995980286874972,0.0012551554185597305,-3.597593133622184e-05,,,,,36.5,26.0
9.937484371092774,0.00023868172747948372,0.0005228057581497168,0.0002616114238055676,,,,,36.5,26.0
9.939984996249063,-0.0021342646197635585,-0.0007856506006675719,0.00029294192656146835,,,,,36.5,26.0
9.942485621405352,-0.00227614040996206,-0.0017381464366536244,0.0005553130099140979,,,,,36.5,26.0
9.94498624656164,0.0003234026775494307,-0.00019446711806226776,0.00028571921010919635,,,,,36.5,26.0
9.94748687171793,-0.0011583491788636437,-0.0003486677170989743,0.0008029316371521625,,,,,36.5,26.0
9.949987496874218,-0.00013765392973007023,0.00011661369955674024,-0.0006632441069840463,,,,,36.5,26.0
9.952488122030507,0.0002574767079128641,-0.00031657169230324867,-0.0006411313294794473,,,,,36.5,26.0
9.954988747186796,-0.00017339150957385057,-0.00013708792462367473,0.0013067995372579666,,,,,36.5,26.0
9.957489372343085,-0.0015168499096874153,-0.0002233355137551604,5.565079978902628e-05,,,,,36.5,26.0
9.959989997499374,-0.0003720753860396948,0.0001404382726379221,0.00038272377607297955,,,,,36.5,26.0
9.962490622655663,0.000352051811710476,-0.0008559192765423108,0.0010007983322604126,,,,,36.5,26.0
9.964991247811954,0.0014393994646534824,-0.001892907108297707,-0.0011561432116551009,,,,,36.5,26.0
9.967491872968242,0.0003721244049976664,-6.36251991008397e-06,-0.0011094894653711116,,,,,36.5,26.0
9.969992498124531,-0.00011751059620563768,0.0019670926453390584,-0.000894474652429946,,,,,36.5,26.0
9.97249312328082,0.00043770737919977197,0.0012652651600359515,-0.0008305871637942172,,,,,36.5,26.0
9.97499374843711,0.0009070529199832421,5.820841343169825e-05,-0.00041454239162011557,,,,,36.5,26.0
9.977494373593398,-0.0021930898872079313,5.2255115489945556e-05,-0.0010207096347200708,,,,,36.5,26.0
9.979994998749687,0.0014799112810928343,-0.0008172483330465853,-0.0006537847291316769,,,,,36.5,26.0
9.982495623905976,0.0013760715690510467,-0.0006784074152684376,-0.0005674516800808746,,,,,36.5,26.0
9.984996249062265,-9.971412814530559e-06,-0.00105337088580541,-0.0002023458693230559,,,,,36.5,26.0
9.987496874218554,-0.00019076985240751773,0.0006727642834773107,-0.001112555094423199,,,,,36.5,26.0
9.989997499374843,-0.0011378122792734219,-0.00037504811453008946,0.0001315525524762083,,,,,36.5,26.0
9.992498124531133,0.00035943892350444795,9.44263439532766e-05,0.00017971839092606787,,,,,36.5,26.0
9.994998749687422,0.0019969312324816186,-0.001063987026463506,-0.0008859265319275458,,,,,36.5,26.0
9.997499374843711,0.00016769543839497276,-0.0003499211660285478,-0.0011412173402891462,,,,,36.5,26.0
10.0,7.117708129907384e-05,0.0009773258008349646,0.0003656368762933294,,,,,36.5,26.0
