subject,start_seconds,end_seconds,n_r_peaks,rr_reference,rr_legacy,rr_fusion,fusion_quality,legacy_error,legacy_abs_error,legacy_within_2,fusion_error,fusion_abs_error,fusion_within_2
bidmc_01,0.0,60.0,93,23.041963982330948,20.0,9.1,0.38968634970005506,-3.041963982330948,3.041963982330948,False,-13.941963982330948,13.941963982330948,False
bidmc_01,30.0,90.0,91,22.027619162627012,23.0,19.56,0.6495599551032906,0.9723808373729881,0.9723808373729881,True,-2.467619162627013,2.467619162627013,False
bidmc_01,60.0,120.0,91,22.02761916262704,23.0,22.94,0.39473031523774177,0.9723808373729597,0.9723808373729597,True,0.9123808373729609,0.9123808373729609,True
bidmc_01,90.0,150.0,92,21.66075144822064,22.0,21.04,0.6273406547947812,0.33924855177935953,0.33924855177935953,True,-0.6207514482206413,0.6207514482206413,True
bidmc_01,120.0,180.0,91,20.833494085602496,22.0,21.72,0.6938786714562231,1.1665059143975043,1.1665059143975043,True,0.8865059143975031,0.8865059143975031,True
bidmc_01,150.0,210.0,91,21.2468425667149,20.0,21.05,0.6585759735732029,-1.2468425667149,1.2468425667149,True,-0.1968425667148992,0.1968425667148992,True
bidmc_01,180.0,240.0,91,21.20608417291777,20.0,21.06,0.7162849676726387,-1.2060841729177696,1.2060841729177696,True,-0.14608417291777087,0.14608417291777087,True
bidmc_01,210.0,270.0,91,20.632776314594487,23.0,20.73,0.730479986731415,2.367223685405513,2.367223685405513,False,0.0972236854055133,0.0972236854055133,True
bidmc_01,240.0,300.0,92,20.57617040493745,22.0,20.46,0.7241171612985202,1.42382959506255,1.42382959506255,True,-0.11617040493744923,0.11617040493744923,True
bidmc_01,270.0,330.0,91,20.40820104253052,20.0,20.86,0.6492405099258678,-0.40820104253052136,0.40820104253052136,True,0.45179895746947807,0.45179895746947807,True
bidmc_01,300.0,360.0,91,20.790110650069085,22.0,20.62,0.7186418221057428,1.209889349930915,1.209889349930915,True,-0.1701106500690841,0.1701106500690841,True
bidmc_01,330.0,390.0,91,21.126928204151568,22.0,20.64,0.697177617744673,0.873071795848432,0.873071795848432,True,-0.48692820415156746,0.48692820415156746,True
bidmc_01,360.0,420.0,91,21.205236719377552,21.0,21.02,0.700819255163584,-0.2052367193775524,0.2052367193775524,True,-0.18523671937755282,0.18523671937755282,True
bidmc_01,390.0,450.0,91,21.429271159874737,23.0,21.5,0.7026079792173354,1.5707288401252626,1.5707288401252626,True,0.0707288401252626,0.0707288401252626,True
bidmc_01,420.0,480.0,90,21.46665247158237,22.0,20.98,0.7400262208312194,0.5333475284176288,0.5333475284176288,True,-0.4866524715823708,0.4866524715823708,True
bidmc_02,0.0,60.0,91,15.806129247168556,18.0,15.96,0.46145516078796267,2.193870752831444,2.193870752831444,False,0.1538707528314447,0.1538707528314447,True
bidmc_02,30.0,90.0,91,15.806129247168556,21.0,16.05,0.8218190415786424,5.193870752831444,5.193870752831444,False,0.24387075283144455,0.24387075283144455,True
bidmc_02,60.0,120.0,91,14.895744580138224,22.0,14.82,0.615407789962282,7.104255419861776,7.104255419861776,False,-0.07574458013822394,0.07574458013822394,True
bidmc_02,90.0,150.0,91,15.416254721525073,21.0,15.1,0.7155186900510286,5.583745278474927,5.583745278474927,False,-0.3162547215250733,0.3162547215250733,True
bidmc_02,120.0,180.0,91,15.222773041918376,22.0,15.9,0.6402660400600813,6.777226958081624,6.777226958081624,False,0.6772269580816239,0.6772269580816239,True
bidmc_02,150.0,210.0,91,14.985029940119741,22.0,15.51,0.6896471472892831,7.014970059880259,7.014970059880259,False,0.5249700598802587,0.5249700598802587,True
bidmc_02,180.0,240.0,91,15.197958412719267,17.0,15.29,0.5483287550670064,1.8020415872807334,1.8020415872807334,True,0.09204158728073253,0.09204158728073253,True
bidmc_02,210.0,270.0,91,15.337679880560538,19.0,15.05,0.5194335131151302,3.662320119439462,3.662320119439462,False,-0.28767988056053717,0.28767988056053717,True
bidmc_02,240.0,300.0,90,14.948132141388868,19.0,14.94,0.6351884538882111,4.051867858611132,4.051867858611132,False,-0.008132141388868419,0.008132141388868419,True
bidmc_02,270.0,330.0,90,15.592582987551815,19.0,15.23,0.7179186691388085,3.4074170124481853,3.4074170124481853,False,-0.3625829875518143,0.3625829875518143,True
bidmc_02,300.0,360.0,91,15.617209009907434,21.0,16.05,0.6254594440507724,5.382790990092566,5.382790990092566,False,0.43279099009256683,0.43279099009256683,True
bidmc_02,330.0,390.0,92,15.496016605924131,17.0,15.25,0.6319611827155949,1.5039833940758687,1.5039833940758687,True,-0.24601660592413133,0.24601660592413133,True
bidmc_02,360.0,420.0,92,14.245643782243167,16.0,10.91,0.5237258566133959,1.7543562177568326,1.7543562177568326,True,-3.3356437822431673,3.3356437822431673,False
bidmc_02,390.0,450.0,91,14.763908250641535,18.0,14.42,0.3768457881238537,3.236091749358465,3.236091749358465,False,-0.34390825064153496,0.34390825064153496,True
bidmc_02,420.0,480.0,91,15.521749185235308,19.0,15.63,0.5278877992814703,3.4782508147646922,3.4782508147646922,False,0.108250814764693,0.108250814764693,True
bidmc_03,0.0,60.0,76,17.241743781081382,16.0,17.3,0.777337697762357,-1.2417437810813823,1.2417437810813823,True,0.05825621891861843,0.05825621891861843,True
bidmc_03,30.0,90.0,80,17.93468944631734,16.0,17.89,0.7509304267310998,-1.9346894463173392,1.9346894463173392,True,-0.04468944631733862,0.04468944631733862,True
bidmc_03,60.0,120.0,77,18.05809883640073,9.0,17.75,0.7258926763316634,-9.058098836400731,9.058098836400731,False,-0.3080988364007311,0.3080988364007311,True
bidmc_03,90.0,150.0,78,18.549600117396704,16.0,18.1,0.6467752380413341,-2.549600117396704,2.549600117396704,False,-0.44960011739670236,0.44960011739670236,True
bidmc_03,120.0,180.0,78,18.751875187518735,18.0,19.0,0.7225212552789821,-0.7518751875187348,0.7518751875187348,True,0.24812481248126517,0.24812481248126517,True
bidmc_03,150.0,210.0,77,18.43152409533068,19.0,17.96,0.675111787180229,0.5684759046693202,0.5684759046693202,True,-0.47152409533067896,0.47152409533067896,True
bidmc_03,180.0,240.0,77,18.221391567047064,15.0,17.62,0.7746808524022221,-3.221391567047064,3.221391567047064,False,-0.6013915670470631,0.6013915670470631,True
bidmc_03,210.0,270.0,76,18.14233064233064,13.0,17.93,0.7525998055231063,-5.142330642330641,5.142330642330641,False,-0.2123306423306417,0.2123306423306417,True
bidmc_03,240.0,300.0,76,18.143816622398035,16.0,17.89,0.7763874143971458,-2.1438166223980346,2.1438166223980346,False,-0.25381662239803404,0.25381662239803404,True
bidmc_03,270.0,330.0,76,17.914455269443497,17.0,17.57,0.5922161673714212,-0.9144552694434971,0.9144552694434971,True,-0.3444552694434968,0.3444552694434968,True
bidmc_03,300.0,360.0,74,18.122709126140997,15.0,17.74,0.6845979940268783,-3.1227091261409967,3.1227091261409967,False,-0.3827091261409983,0.3827091261409983,True
bidmc_03,330.0,390.0,80,18.122709126141146,13.0,17.4,0.6650738963872945,-5.122709126141146,5.122709126141146,False,-0.7227091261411474,0.7227091261411474,True
bidmc_03,360.0,420.0,79,18.010343515411684,13.0,18.59,0.6424546235738849,-5.010343515411684,5.010343515411684,False,0.5796564845883161,0.5796564845883161,True
bidmc_03,390.0,450.0,74,17.084304622102184,12.0,16.83,0.6829279323219253,-5.084304622102184,5.084304622102184,False,-0.2543046221021861,0.2543046221021861,True
bidmc_03,420.0,480.0,71,16.825580166387397,9.0,17.32,0.6492432981775474,-7.825580166387397,7.825580166387397,False,0.49441983361260355,0.49441983361260355,True
bidmc_04,0.0,60.0,93,16.2250291915975,12.0,15.67,0.6440043250984265,-4.2250291915975,4.2250291915975,False,-0.5550291915974999,0.5550291915974999,True
bidmc_04,30.0,90.0,94,16.077632159400046,16.0,17.09,0.5441404665774832,-0.07763215940004642,0.07763215940004642,True,1.0123678405999534,1.0123678405999534,True
bidmc_04,60.0,120.0,95,16.278042748630984,21.0,16.34,0.4801479121208384,4.721957251369016,4.721957251369016,False,0.061957251369015864,0.061957251369015864,True
bidmc_04,90.0,150.0,95,16.835016835016802,19.0,18.88,0.5883744313587007,2.164983164983198,2.164983164983198,False,2.044983164983197,2.044983164983197,False
bidmc_04,120.0,180.0,95,17.203667485199983,16.0,17.69,0.5608406592872218,-1.2036674851999827,1.2036674851999827,True,0.4863325148000186,0.4863325148000186,True
bidmc_04,150.0,210.0,95,16.19019326879389,21.0,16.89,0.6340735422183716,4.809806731206109,4.809806731206109,False,0.6998067312061096,0.6998067312061096,True
bidmc_04,180.0,240.0,94,16.505025952897384,20.0,16.63,0.6119439298867981,3.494974047102616,3.494974047102616,False,0.12497404710261506,0.12497404710261506,True
bidmc_04,210.0,270.0,94,15.890115809318626,18.0,16.19,0.3251309414159481,2.109884190681374,2.109884190681374,False,0.2998841906813752,0.2998841906813752,True
bidmc_04,240.0,300.0,94,16.078075456091174,20.0,17.38,0.4045227197060996,3.921924543908826,3.921924543908826,False,1.3019245439088252,1.3019245439088252,True
bidmc_04,270.0,330.0,93,16.394402132884856,17.0,16.34,0.6887252497939302,0.6055978671151436,0.6055978671151436,True,-0.05440213288485651,0.05440213288485651,True
bidmc_04,300.0,360.0,92,17.96615907187035,16.0,18.14,0.3014259500722666,-1.9661590718703508,1.9661590718703508,True,0.1738409281296498,0.1738409281296498,True
bidmc_04,330.0,390.0,91,16.216690042075783,16.0,16.1,0.7090887785372236,-0.21669004207578269,0.21669004207578269,True,-0.11669004207578126,0.11669004207578126,True
bidmc_04,360.0,420.0,89,16.357863190942794,14.0,8.71,0.4143751199330264,-2.357863190942794,2.357863190942794,False,-7.647863190942793,7.647863190942793,False
bidmc_04,390.0,450.0,88,16.64835327275946,17.0,29.55,0.1834727925060828,0.3516467272405386,0.3516467272405386,True,12.90164672724054,12.90164672724054,False
bidmc_04,420.0,480.0,86,16.23445076955514,20.0,16.07,0.7044682713444563,3.7655492304448615,3.7655492304448615,False,-0.16445076955513827,0.16445076955513827,True
bidmc_05,0.0,60.0,98,6.237188477721436,19.0,6.19,0.599901820406118,12.762811522278565,12.762811522278565,False,-0.04718847772143597,0.04718847772143597,True
bidmc_05,30.0,90.0,98,6.405701730413965,17.0,11.23,0.4747681549744777,10.594298269586034,10.594298269586034,False,4.824298269586035,4.824298269586035,False
bidmc_05,60.0,120.0,98,6.906410980081056,21.0,6.64,0.5589925743531038,14.093589019918944,14.093589019918944,False,-0.2664109800810559,0.2664109800810559,True
bidmc_05,90.0,150.0,98,6.571221331859626,18.0,11.69,0.4941686087702265,11.428778668140374,11.428778668140374,False,5.118778668140373,5.118778668140373,False
bidmc_05,120.0,180.0,98,,14.0,8.3,0.572348872932281,,,False,,,False
bidmc_05,150.0,210.0,98,7.104499909153915,16.0,7.08,0.6269081012062921,8.895500090846085,8.895500090846085,False,-0.02449990915391531,0.02449990915391531,True
bidmc_05,180.0,240.0,98,7.166826462128464,19.0,11.0,0.5159955951954853,11.833173537871536,11.833173537871536,False,3.833173537871536,3.833173537871536,False
bidmc_05,210.0,270.0,98,7.122564935064954,18.0,9.26,0.5120597546469531,10.877435064935046,10.877435064935046,False,2.1374350649350458,2.1374350649350458,False
bidmc_05,240.0,300.0,98,6.87759210486484,16.0,7.07,0.6063607972639116,9.12240789513516,9.12240789513516,False,0.19240789513516,0.19240789513516,True
bidmc_05,270.0,330.0,99,,15.0,9.47,0.7032721509940807,,,False,,,False
bidmc_05,300.0,360.0,99,,19.0,6.23,0.5625197997565106,,,False,,,False
bidmc_05,330.0,390.0,97,6.482402825588057,20.0,,0.0,13.517597174411943,13.517597174411943,False,,,False
bidmc_05,360.0,420.0,97,6.659396734915219,20.0,6.26,0.40574923408862434,13.34060326508478,13.34060326508478,False,-0.39939673491521965,0.39939673491521965,True
bidmc_05,390.0,450.0,99,6.659396734915219,18.0,11.45,0.6396292281553053,11.34060326508478,11.34060326508478,False,4.79060326508478,4.79060326508478,False
bidmc_05,420.0,480.0,99,6.761353038631604,17.0,6.68,0.5651413295884393,10.238646961368396,10.238646961368396,False,-0.08135303863160459,0.08135303863160459,True
bidmc_06,0.0,60.0,82,20.02673796791445,17.0,19.92,0.6998693199107537,-3.0267379679144497,3.0267379679144497,False,-0.106737967914448,0.106737967914448,True
bidmc_06,30.0,90.0,82,20.026737967914457,19.0,20.02,0.7466132494441278,-1.0267379679144568,1.0267379679144568,True,-0.0067379679144572435,0.0067379679144572435,True
bidmc_06,60.0,120.0,81,20.02673796791445,19.0,20.14,0.7451617543551373,-1.0267379679144497,1.0267379679144497,True,0.11326203208555086,0.11326203208555086,True
bidmc_06,90.0,150.0,82,19.920634920634917,19.0,19.75,0.7649126106157447,-0.9206349206349174,0.9206349206349174,True,-0.17063492063491736,0.17063492063491736,True
bidmc_06,120.0,180.0,83,20.054049416609487,21.0,20.14,0.6651817521915027,0.9459505833905126,0.9459505833905126,True,0.0859505833905132,0.0859505833905132,True
bidmc_06,150.0,210.0,82,19.920634920634917,19.0,19.93,0.7070890238746074,-0.9206349206349174,0.9206349206349174,True,0.009365079365082352,0.009365079365082352,True
bidmc_06,180.0,240.0,82,19.920634920634917,16.0,20.09,0.7307738126086575,-3.9206349206349174,3.9206349206349174,False,0.1693650793650825,0.1693650793650825,True
bidmc_06,210.0,270.0,81,19.920634920634917,18.0,20.1,0.7984962543614678,-1.9206349206349174,1.9206349206349174,True,0.17936507936508406,0.17936507936508406,True
bidmc_06,240.0,300.0,81,20.053475935828754,18.0,20.04,0.6673987286271397,-2.0534759358287538,2.0534759358287538,False,-0.013475935828754615,0.013475935828754615,True
bidmc_06,270.0,330.0,82,20.02673796791438,21.0,19.92,0.7334381661919702,0.9732620320856213,0.9732620320856213,True,-0.10673796791437695,0.10673796791437695,True
bidmc_06,300.0,360.0,82,20.053475935828754,21.0,19.98,0.7570632585997767,0.9465240641712462,0.9465240641712462,True,-0.07347593582875334,0.07347593582875334,True
bidmc_06,330.0,390.0,81,20.093852061874145,18.0,19.83,0.6183068951686365,-2.093852061874145,2.093852061874145,False,-0.26385206187414667,0.26385206187414667,True
bidmc_06,360.0,420.0,81,20.120950619327537,20.0,20.15,0.7084443402104766,-0.12095061932753737,0.12095061932753737,True,0.02904938067246121,0.02904938067246121,True
bidmc_06,390.0,450.0,82,19.920634920634917,18.0,19.97,0.7741463175828817,-1.9206349206349174,1.9206349206349174,True,0.0493650793650815,0.0493650793650815,True
bidmc_06,420.0,480.0,82,19.920634920634917,19.0,20.01,0.7340264806673339,-0.9206349206349174,0.9206349206349174,True,0.0893650793650842,0.0893650793650842,True
bidmc_07,0.0,60.0,90,19.920634920634935,22.0,20.02,0.8052485490516683,2.079365079365065,2.079365079365065,False,0.09936507936506445,0.09936507936506445,True
bidmc_07,30.0,90.0,90,19.920634920634917,21.0,19.99,0.7744469468071928,1.0793650793650826,1.0793650793650826,True,0.06936507936508107,0.06936507936508107,True
bidmc_07,60.0,120.0,90,20.053475935828846,22.0,19.95,0.7739863561123144,1.9465240641711539,1.9465240641711539,True,-0.10347593582884684,0.10347593582884684,True
bidmc_07,90.0,150.0,90,20.16187310304953,18.0,20.06,0.722612793639033,-2.1618731030495297,2.1618731030495297,False,-0.10187310304953101,0.10187310304953101,True
bidmc_07,120.0,180.0,90,19.89445910290234,18.0,19.97,0.7309586526026319,-1.8944591029023385,1.8944591029023385,True,0.07554089709766032,0.07554089709766032,True
bidmc_07,150.0,210.0,90,20.134554679504802,20.0,20.04,0.7438193033157413,-0.13455467950480227,0.13455467950480227,True,-0.09455467950480312,0.09455467950480312,True
bidmc_07,180.0,240.0,90,20.053475935828942,21.0,19.95,0.7723903584544132,0.9465240641710579,0.9465240641710579,True,-0.10347593582894277,0.10347593582894277,True
bidmc_07,210.0,270.0,90,19.94737288854939,20.0,19.98,0.7209843987311778,0.05262711145061161,0.05262711145061161,True,0.032627111450612034,0.032627111450612034,True
bidmc_07,240.0,300.0,90,20.02673796791438,21.0,20.0,0.7629903629095214,0.9732620320856213,0.9732620320856213,True,-0.026737967914378657,0.026737967914378657,True
bidmc_07,270.0,330.0,91,20.053475935828754,19.0,20.02,0.7528081518608002,-1.0534759358287538,1.0534759358287538,True,-0.03347593582875419,0.03347593582875419,True
bidmc_07,300.0,360.0,91,19.947372888549296,18.0,20.02,0.8050093214028896,-1.947372888549296,1.947372888549296,True,0.07262711145070355,0.07262711145070355,True
bidmc_07,330.0,390.0,90,20.053475935828942,17.0,20.15,0.72938139046316,-3.053475935828942,3.053475935828942,False,0.09652406417105652,0.09652406417105652,True
bidmc_07,360.0,420.0,90,20.026737967914567,20.0,19.9,0.6755411535918476,-0.02673796791456695,0.02673796791456695,True,-0.12673796791456837,0.12673796791456837,True
bidmc_07,390.0,450.0,90,20.053475935828942,18.0,19.95,0.7800020168824849,-2.053475935828942,2.053475935828942,False,-0.10347593582894277,0.10347593582894277,True
bidmc_07,420.0,480.0,90,20.02673796791438,19.0,19.96,0.8209132298174401,-1.0267379679143787,1.0267379679143787,True,-0.0667379679143778,0.0667379679143778,True
bidmc_08,0.0,60.0,100,20.880477068770443,21.0,19.39,0.7070432077322009,0.11952293122955737,0.11952293122955737,True,-1.490477068770442,1.490477068770442,True
bidmc_08,30.0,90.0,100,20.57617040493755,20.0,20.63,0.7601295333079934,-0.5761704049375496,0.5761704049375496,True,0.05382959506244944,0.05382959506244944,True
bidmc_08,60.0,120.0,100,21.99489150906885,19.0,21.29,0.8337240625282291,-2.99489150906885,2.99489150906885,False,-0.704891509068851,0.704891509068851,True
bidmc_08,90.0,150.0,100,21.34961127308068,20.0,21.66,0.6942445456701266,-1.3496112730806793,1.3496112730806793,True,0.31038872691932085,0.31038872691932085,True
bidmc_08,120.0,180.0,100,20.328935770112253,20.0,20.94,0.7891456879075045,-0.3289357701122526,0.3289357701122526,True,0.6110642298877487,0.6110642298877487,True
bidmc_08,150.0,210.0,100,20.661157024793415,21.0,20.88,0.7416330109206271,0.33884297520658535,0.33884297520658535,True,0.21884297520658436,0.21884297520658436,True
bidmc_08,180.0,240.0,100,20.719655053993304,21.0,21.57,0.7015666967778655,0.28034494600669646,0.28034494600669646,True,0.8503449460066967,0.8503449460066967,True
bidmc_08,210.0,270.0,100,21.023135762018647,20.0,21.27,0.859638181279293,-1.0231357620186472,1.0231357620186472,True,0.24686423798135237,0.24686423798135237,True
bidmc_08,240.0,300.0,100,21.276981022743733,20.0,21.65,0.7157822229373653,-1.2769810227437333,1.2769810227437333,True,0.3730189772562653,0.3730189772562653,True
bidmc_08,270.0,330.0,99,20.993958911193822,21.0,20.22,0.7455982656192993,0.006041088806178152,0.006041088806178152,True,-0.773958911193823,0.773958911193823,True
bidmc_08,300.0,360.0,99,21.339242350655784,20.0,21.61,0.7308823993063994,-1.339242350655784,1.339242350655784,True,0.2707576493442154,0.2707576493442154,True
bidmc_08,330.0,390.0,100,21.55172413793088,22.0,21.57,0.8095992616993222,0.44827586206912073,0.44827586206912073,True,0.01827586206912102,0.01827586206912102,True
bidmc_08,360.0,420.0,100,20.979062015867594,23.0,20.24,0.7056425457865848,2.0209379841324058,2.0209379841324058,False,-0.7390620158675958,0.7390620158675958,True
bidmc_08,390.0,450.0,99,20.89136490250686,20.0,21.1,0.7014370383546522,-0.8913649025068615,0.8913649025068615,True,0.2086350974931399,0.2086350974931399,True
bidmc_08,420.0,480.0,99,21.586353697323297,21.0,21.96,0.7276809837889608,-0.5863536973232968,0.5863536973232968,True,0.37364630267670407,0.37364630267670407,True
bidmc_09,0.0,60.0,77,20.135135135135137,19.0,19.97,0.8218828696209161,-1.1351351351351369,1.1351351351351369,True,-0.165135135135138,0.165135135135138,True
bidmc_09,30.0,90.0,78,19.94737288854934,18.0,20.02,0.8286647536211542,-1.9473728885493387,1.9473728885493387,True,0.07262711145066092,0.07262711145066092,True
bidmc_09,60.0,120.0,77,19.920634920634917,16.0,19.99,0.8610701638609072,-3.9206349206349174,3.9206349206349174,False,0.06936507936508107,0.06936507936508107,True
bidmc_09,90.0,150.0,77,20.053475935828892,21.0,20.02,0.8126682776494757,0.9465240641711077,0.9465240641711077,True,-0.033475935828892744,0.033475935828892744,True
bidmc_09,120.0,180.0,77,20.02673796791447,21.0,19.97,0.8120406655026227,0.973262032085529,0.973262032085529,True,-0.056737967914472165,0.056737967914472165,True
bidmc_09,150.0,210.0,76,20.02673796791438,20.0,20.04,0.8040468221431905,-0.026737967914378657,0.026737967914378657,True,0.01326203208562049,0.01326203208562049,True
bidmc_09,180.0,240.0,76,20.02673796791438,21.0,20.0,0.8041083108277133,0.9732620320856213,0.9732620320856213,True,-0.026737967914378657,0.026737967914378657,True
bidmc_09,210.0,270.0,77,20.053475935828754,19.0,20.03,0.839233341803058,-1.0534759358287538,1.0534759358287538,True,-0.023475935828752625,0.023475935828752625,True
bidmc_09,240.0,300.0,77,19.84182530795091,20.0,20.08,0.6155017839560513,0.15817469204909074,0.15817469204909074,True,0.23817469204908903,0.23817469204908903,True
bidmc_09,270.0,330.0,77,20.026737967914567,23.0,20.0,0.7771475227720043,2.973262032085433,2.973262032085433,False,-0.02673796791456695,0.02673796791456695,True
bidmc_09,300.0,360.0,77,20.10738312920489,20.0,20.03,0.8448120669004066,-0.10738312920489079,0.10738312920489079,True,-0.07738312920488966,0.07738312920488966,True
bidmc_09,330.0,390.0,76,19.920634920634917,21.0,20.0,0.781956924619548,1.0793650793650826,1.0793650793650826,True,0.07936507936508264,0.07936507936508264,True
bidmc_09,360.0,420.0,76,20.13513513513501,19.0,19.99,0.8298492633767768,-1.135135135135009,1.135135135135009,True,-0.14513513513501053,0.14513513513501053,True
bidmc_09,390.0,450.0,77,20.02673796791438,21.0,20.0,0.8415303140921595,0.9732620320856213,0.9732620320856213,True,-0.026737967914378657,0.026737967914378657,True
bidmc_09,420.0,480.0,76,20.053475935828754,21.0,20.03,0.8043504499649605,0.9465240641712462,0.9465240641712462,True,-0.023475935828752625,0.023475935828752625,True
bidmc_10,0.0,60.0,83,19.41930618401207,19.0,18.4,0.3307986824123918,-0.41930618401206843,0.41930618401206843,True,-1.0193061840120698,1.0193061840120698,True
bidmc_10,30.0,90.0,82,18.915631037855114,19.0,19.1,0.6050114223571612,0.08436896214488598,0.08436896214488598,True,0.1843689621448874,0.1843689621448874,True
bidmc_10,60.0,120.0,82,18.680993155730757,19.0,18.77,0.6521669335920869,0.31900684426924286,0.31900684426924286,True,0.08900684426924244,0.08900684426924244,True
bidmc_10,90.0,150.0,82,18.692466800004965,18.0,18.38,0.532965202567581,-0.692466800004965,0.692466800004965,True,-0.31246680000496596,0.31246680000496596,True
bidmc_10,120.0,180.0,83,19.137136459499636,21.0,18.68,0.5898826145879043,1.8628635405003635,1.8628635405003635,True,-0.45713645949963677,0.45713645949963677,True
bidmc_10,150.0,210.0,83,19.30530709600479,22.0,18.83,0.5936675882399584,2.694692903995211,2.694692903995211,False,-0.4753070960047907,0.4753070960047907,True
bidmc_10,180.0,240.0,82,18.96336785577291,21.0,18.87,0.5500110172873491,2.0366321442270916,2.0366321442270916,False,-0.0933678557729074,0.0933678557729074,True
bidmc_10,210.0,270.0,82,18.362081365521497,20.0,9.7,0.390512944748877,1.6379186344785026,1.6379186344785026,True,-8.662081365521498,8.662081365521498,False
bidmc_10,240.0,300.0,83,18.6623750425552,19.0,17.57,0.5228459141820182,0.3376249574447989,0.3376249574447989,True,-1.0923750425552008,1.0923750425552008,True
bidmc_10,270.0,330.0,83,19.350089826335825,20.0,13.35,0.558094520062655,0.6499101736641748,0.6499101736641748,True,-6.0000898263358255,6.0000898263358255,False
bidmc_10,300.0,360.0,81,19.572478176197396,20.0,20.17,0.5389635331417074,0.4275218238026035,0.4275218238026035,True,0.5975218238026052,0.5975218238026052,True
bidmc_10,330.0,390.0,81,18.4049356843475,16.0,17.54,0.6366038836518456,-2.4049356843474996,2.4049356843474996,False,-0.8649356843475005,0.8649356843475005,True
bidmc_10,360.0,420.0,82,17.8575477901994,18.0,9.12,0.47568952152562194,0.1424522098005987,0.1424522098005987,True,-8.737547790199402,8.737547790199402,False
bidmc_10,390.0,450.0,81,18.13787416219263,16.0,18.78,0.6210121879113136,-2.137874162192631,2.137874162192631,False,0.6421258378073702,0.6421258378073702,True
bidmc_10,420.0,480.0,81,18.40309433757887,17.0,19.13,0.30867329581135977,-1.403094337578871,1.403094337578871,True,0.7269056624211281,0.7269056624211281,True
bidmc_11,0.0,60.0,92,14.95592877136561,21.0,14.93,0.7065026077342511,6.04407122863439,6.04407122863439,False,-0.025928771365610004,0.025928771365610004,True
bidmc_11,30.0,90.0,93,14.925506130595952,21.0,15.71,0.6680197613683979,6.074493869404048,6.074493869404048,False,0.7844938694040486,0.7844938694040486,True
bidmc_11,60.0,120.0,93,14.844430951238364,20.0,15.0,0.6933358505780347,5.155569048761636,5.155569048761636,False,0.15556904876163635,0.15556904876163635,True
bidmc_11,90.0,150.0,92,14.866919703899283,21.0,13.97,0.6021808543093592,6.133080296100717,6.133080296100717,False,-0.8969197038992824,0.8969197038992824,True
bidmc_11,120.0,180.0,93,14.963043893585525,21.0,15.6,0.5542225672713881,6.036956106414475,6.036956106414475,False,0.6369561064144751,0.6369561064144751,True
bidmc_11,150.0,210.0,93,14.198080582562572,20.0,14.11,0.666971095433917,5.8019194174374285,5.8019194174374285,False,-0.08808058256257212,0.08808058256257212,True
bidmc_11,180.0,240.0,94,14.231550293812672,20.0,15.24,0.720750167658964,5.768449706187328,5.768449706187328,False,1.0084497061873279,1.0084497061873279,True
bidmc_11,210.0,270.0,94,14.400698751755147,20.0,15.19,0.5616360162071918,5.599301248244853,5.599301248244853,False,0.7893012482448523,0.7893012482448523,True
bidmc_11,240.0,300.0,92,13.966649805636255,19.0,14.48,0.6709794083794068,5.033350194363745,5.033350194363745,False,0.5133501943637455,0.5133501943637455,True
bidmc_11,270.0,330.0,92,14.451081650003523,20.0,14.29,0.6727498095250866,5.548918349996477,5.548918349996477,False,-0.16108165000352415,0.16108165000352415,True
bidmc_11,300.0,360.0,95,14.77833946792148,22.0,15.55,0.5058713430976609,7.22166053207852,7.22166053207852,False,0.7716605320785206,0.7716605320785206,True
bidmc_11,330.0,390.0,96,16.84671753418443,20.0,15.51,0.6583254443977927,3.1532824658155683,3.1532824658155683,False,-1.336717534184432,1.336717534184432,True
bidmc_11,360.0,420.0,92,15.992486933797833,19.0,14.37,0.5982487483001402,3.0075130662021667,3.0075130662021667,False,-1.622486933797834,1.622486933797834,True
bidmc_11,390.0,450.0,91,13.902728147333693,16.0,14.22,0.6476846274167796,2.0972718526663066,2.0972718526663066,False,0.3172718526663072,0.3172718526663072,True
bidmc_11,420.0,480.0,91,13.90177283034425,19.0,14.11,0.6877985085826348,5.09822716965575,5.09822716965575,False,0.20822716965574983,0.20822716965574983,True
bidmc_12,0.0,60.0,92,18.11689334663655,19.0,18.03,0.6865256461933721,0.8831066533634484,0.8831066533634484,True,-0.08689334663655046,0.08689334663655046,True
bidmc_12,30.0,90.0,91,18.383705788614414,18.0,18.4,0.6900890525538212,-0.38370578861441373,0.38370578861441373,True,0.016294211385584845,0.016294211385584845,True
bidmc_12,60.0,120.0,91,19.159619450317138,17.0,18.89,0.7627698881495675,-2.1596194503171375,2.1596194503171375,False,-0.26961945031713697,0.26961945031713697,True
bidmc_12,90.0,150.0,91,18.82131791732792,15.0,18.64,0.7915230405394141,-3.821317917327921,3.821317917327921,False,-0.18131791732792024,0.18131791732792024,True
bidmc_12,120.0,180.0,91,18.450212415729645,19.0,18.5,0.7315824724856042,0.549787584270355,0.549787584270355,True,0.04978758427035501,0.04978758427035501,True
bidmc_12,150.0,210.0,93,18.248175182481692,20.0,17.49,0.6752341904916306,1.7518248175183082,1.7518248175183082,True,-0.7581751824816934,0.7581751824816934,True
bidmc_12,180.0,240.0,93,17.6680651283588,21.0,17.06,0.706304758143046,3.3319348716411987,3.3319348716411987,False,-0.6080651283588026,0.6080651283588026,True
bidmc_12,210.0,270.0,93,18.02895033370896,22.0,16.31,0.6595114507098179,3.971049666291041,3.971049666291041,False,-1.7189503337089604,1.7189503337089604,True
bidmc_12,240.0,300.0,96,19.715025906735768,20.0,19.58,0.8315830077358206,0.28497409326423195,0.28497409326423195,True,-0.13502590673576975,0.13502590673576975,True
bidmc_12,270.0,330.0,98,20.80639948287007,21.0,20.69,0.7258006464331856,0.19360051712992998,0.19360051712992998,True,-0.11639948287006874,0.11639948287006874,True
bidmc_12,300.0,360.0,97,20.690009436546795,19.0,20.56,0.7008011981994491,-1.690009436546795,1.690009436546795,True,-0.1300094365467963,0.1300094365467963,True
bidmc_12,330.0,390.0,95,20.325203252032534,18.0,20.4,0.6458783108503389,-2.3252032520325336,2.3252032520325336,False,0.07479674796746494,0.07479674796746494,True
bidmc_12,360.0,420.0,93,20.464799428213947,17.0,9.23,0.5302006467437793,-3.464799428213947,3.464799428213947,False,-11.234799428213947,11.234799428213947,False
bidmc_12,390.0,450.0,91,20.02673796791438,20.0,19.45,0.6335178360730119,-0.026737967914378657,0.026737967914378657,True,-0.5767379679143794,0.5767379679143794,True
bidmc_12,420.0,480.0,91,19.09742482592293,21.0,19.17,0.5785697186691764,1.9025751740770716,1.9025751740770716,True,0.07257517407707326,0.07257517407707326,True
bidmc_13,0.0,60.0,67,20.201773523059057,16.0,19.08,0.5086373431439288,-4.201773523059057,4.201773523059057,False,-1.1217735230590584,1.1217735230590584,True
bidmc_13,30.0,90.0,67,19.209956709956717,18.0,18.71,0.3810639727039638,-1.2099567099567174,1.2099567099567174,True,-0.4999567099567166,0.4999567099567166,True
bidmc_13,60.0,120.0,67,19.30505128137176,20.0,19.22,0.4429833586845158,0.6949487186282397,0.6949487186282397,True,-0.08505128137176143,0.08505128137176143,True
bidmc_13,90.0,150.0,66,20.33348007924279,17.0,19.71,0.6669904822623797,-3.33348007924279,3.33348007924279,False,-0.623480079242789,0.623480079242789,True
bidmc_13,120.0,180.0,66,20.335778512227066,18.0,9.96,0.5104734843687448,-2.3357785122270656,2.3357785122270656,False,-10.375778512227065,10.375778512227065,False
bidmc_13,150.0,210.0,67,20.21468264304938,17.0,22.43,0.5181271201352177,-3.214682643049379,3.214682643049379,False,2.215317356950621,2.215317356950621,False
bidmc_13,180.0,240.0,67,20.36631737188835,18.0,10.25,0.5182269116220967,-2.36631737188835,2.36631737188835,False,-10.11631737188835,10.11631737188835,False
bidmc_13,210.0,270.0,66,20.1386185718611,17.0,9.65,0.5108841411297946,-3.1386185718611017,3.1386185718611017,False,-10.488618571861101,10.488618571861101,False
bidmc_13,240.0,300.0,67,20.439569001981326,20.0,19.75,0.6605008237268798,-0.43956900198132587,0.43956900198132587,True,-0.6895690019813259,0.6895690019813259,True
bidmc_13,270.0,330.0,67,21.73297242855344,19.0,22.0,0.47034252179688085,-2.7329724285534382,2.7329724285534382,False,0.26702757144656175,0.26702757144656175,True
bidmc_13,300.0,360.0,67,22.156621458867896,18.0,22.24,0.7495173906576383,-4.156621458867896,4.156621458867896,False,0.08337854113210241,0.08337854113210241,True
bidmc_13,330.0,390.0,67,21.90159098272603,17.0,22.06,0.7944396429994396,-4.901590982726031,4.901590982726031,False,0.15840901727396783,0.15840901727396783,True
bidmc_13,360.0,420.0,66,21.42927115987441,17.0,22.4,0.5815726588687852,-4.429271159874411,4.429271159874411,False,0.970728840125588,0.970728840125588,True
bidmc_13,390.0,450.0,67,21.28006374963762,17.0,22.14,0.6104255880160745,-4.28006374963762,4.28006374963762,False,0.8599362503623809,0.8599362503623809,True
bidmc_13,420.0,480.0,67,21.099736661051903,20.0,22.12,0.7398172536031357,-1.099736661051903,1.099736661051903,True,1.020263338948098,1.020263338948098,True
bidmc_14,0.0,60.0,94,13.741841306062181,14.0,12.89,0.8458601844644478,0.2581586939378191,0.2581586939378191,True,-0.8518413060621803,0.8518413060621803,True
bidmc_14,30.0,90.0,95,13.726281454491872,12.0,12.88,0.8523658985173729,-1.7262814544918719,1.7262814544918719,True,-0.8462814544918711,0.8462814544918711,True
bidmc_14,60.0,120.0,95,13.078358506515258,13.0,12.79,0.8548735648511246,-0.07835850651525789,0.07835850651525789,True,-0.28835850651525874,0.28835850651525874,True
bidmc_14,90.0,150.0,95,13.398507501967893,14.0,13.06,0.7774279554079582,0.6014924980321066,0.6014924980321066,True,-0.3385075019678929,0.3385075019678929,True
bidmc_14,120.0,180.0,96,12.843228312574237,16.0,13.13,0.8303618100356422,3.1567716874257634,3.1567716874257634,False,0.2867716874257642,0.2867716874257642,True
bidmc_14,150.0,210.0,95,13.392899849808183,15.0,12.78,0.7893763860208663,1.6071001501918172,1.6071001501918172,True,-0.6128998498081835,0.6128998498081835,True
bidmc_14,180.0,240.0,94,13.170269186889094,15.0,12.63,0.7836094418924137,1.8297308131109062,1.8297308131109062,True,-0.540269186889093,0.540269186889093,True
bidmc_14,210.0,270.0,95,13.273266080553054,14.0,13.11,0.8761715116016897,0.7267339194469464,0.7267339194469464,True,-0.16326608055305414,0.16326608055305414,True
bidmc_14,240.0,300.0,96,13.501623597581144,14.0,12.95,0.8402182610781813,0.49837640241885595,0.49837640241885595,True,-0.5516235975811448,0.5516235975811448,True
bidmc_14,270.0,330.0,95,14.806228676406317,16.0,12.52,0.8484467296562673,1.1937713235936833,1.1937713235936833,True,-2.286228676406317,2.286228676406317,False
bidmc_14,300.0,360.0,95,13.924378884395512,15.0,13.07,0.8097340276873248,1.0756211156044877,1.0756211156044877,True,-0.854378884395512,0.854378884395512,True
bidmc_14,330.0,390.0,96,13.084844244341703,16.0,12.84,0.7409273449293898,2.915155755658297,2.915155755658297,False,-0.24484424434170293,0.24484424434170293,True
bidmc_14,360.0,420.0,95,13.56243132946156,16.0,12.88,0.7409254065794425,2.4375686705384396,2.4375686705384396,False,-0.6824313294615596,0.6824313294615596,True
bidmc_14,390.0,450.0,95,12.760548213269963,17.0,12.97,0.7824237465192148,4.2394517867300365,4.2394517867300365,False,0.20945178673003717,0.20945178673003717,True
bidmc_14,420.0,480.0,96,13.133272478320327,14.0,13.52,0.49822033811120786,0.8667275216796728,0.8667275216796728,True,0.3867275216796724,0.3867275216796724,True
bidmc_15,0.0,60.0,109,15.626695604991863,16.0,16.08,0.8918790927131182,0.3733043950081374,0.3733043950081374,True,0.4533043950081357,0.4533043950081357,True
bidmc_15,30.0,90.0,109,15.433732338009317,16.0,16.15,0.857083665862767,0.5662676619906826,0.5662676619906826,True,0.7162676619906811,0.7162676619906811,True
bidmc_15,60.0,120.0,108,15.260689209776796,15.0,14.94,0.8623691493693766,-0.2606892097767961,0.2606892097767961,True,-0.3206892097767966,0.3206892097767966,True
bidmc_15,90.0,150.0,108,15.213232117509135,14.0,15.54,0.8893224217277765,-1.2132321175091345,1.2132321175091345,True,0.32676788249086464,0.32676788249086464,True
bidmc_15,120.0,180.0,108,15.289400387570325,16.0,15.34,0.8779244166630746,0.7105996124296752,0.7105996124296752,True,0.050599612429675034,0.050599612429675034,True
bidmc_15,150.0,210.0,107,14.292912785313503,16.0,15.15,0.8660693402343072,1.7070872146864975,1.7070872146864975,True,0.8570872146864978,0.8570872146864978,True
bidmc_15,180.0,240.0,107,13.869984234087905,14.0,13.86,0.8364992737656807,0.13001576591209485,0.13001576591209485,True,-0.009984234087905719,0.009984234087905719,True
bidmc_15,210.0,270.0,107,14.756692410429144,14.0,14.59,0.9089169788374097,-0.7566924104291441,0.7566924104291441,True,-0.1666924104291443,0.1666924104291443,True
bidmc_15,240.0,300.0,107,15.213372955992327,16.0,14.55,0.7987296317546403,0.7866270440076732,0.7866270440076732,True,-0.663372955992326,0.663372955992326,True
bidmc_15,270.0,330.0,108,14.764480380388843,15.0,15.73,0.7719161592130924,0.23551961961115708,0.23551961961115708,True,0.9655196196111575,0.9655196196111575,True
bidmc_15,300.0,360.0,107,14.341654966654927,15.0,14.32,0.8897674101237087,0.6583450333450731,0.6583450333450731,True,-0.02165496665492661,0.02165496665492661,True
bidmc_15,330.0,390.0,106,14.838166433911036,16.0,14.56,0.8688234655035174,1.1618335660889638,1.1618335660889638,True,-0.2781664339110357,0.2781664339110357,True
bidmc_15,360.0,420.0,106,16.181060669397738,16.0,18.06,0.7627621909022337,-0.18106066939773768,0.18106066939773768,True,1.878939330602261,1.878939330602261,True
bidmc_15,390.0,450.0,106,15.384720310244116,16.0,15.27,0.8115012668301912,0.6152796897558837,0.6152796897558837,True,-0.11472031024411677,0.11472031024411677,True
bidmc_15,420.0,480.0,106,15.729606759830999,15.0,14.75,0.8844739208184981,-0.7296067598309985,0.7296067598309985,True,-0.9796067598309985,0.9796067598309985,True
bidmc_16,0.0,60.0,111,18.18184489527257,21.0,19.24,0.720757487950615,2.818155104727431,2.818155104727431,False,1.0581551047274296,1.0581551047274296,True
bidmc_16,30.0,90.0,111,18.18184489527257,19.0,19.74,0.7311544925685822,0.8181551047274311,0.8181551047274311,True,1.5581551047274296,1.5581551047274296,True
bidmc_16,60.0,120.0,111,18.428519681236416,20.0,19.13,0.5862828524150009,1.5714803187635837,1.5714803187635837,True,0.7014803187635827,0.7014803187635827,True
bidmc_16,90.0,150.0,112,18.751875187518777,21.0,9.33,0.3397671440633808,2.2481248124812225,2.2481248124812225,False,-9.421875187518777,9.421875187518777,False
bidmc_16,120.0,180.0,111,19.08446372495068,21.0,14.43,0.2748719050107178,1.9155362750493197,1.9155362750493197,True,-4.654463724950681,4.654463724950681,False
bidmc_16,150.0,210.0,110,18.461601383919508,21.0,9.49,0.3830742573964559,2.5383986160804923,2.5383986160804923,False,-8.971601383919507,8.971601383919507,False
bidmc_16,180.0,240.0,110,18.38411996539462,20.0,10.7,0.30020379138877207,1.6158800346053788,1.6158800346053788,True,-7.684119965394622,7.684119965394622,False
bidmc_16,210.0,270.0,110,18.553223388305838,21.0,18.48,0.4833683183463726,2.446776611694162,2.446776611694162,False,-0.07322338830583774,0.07322338830583774,True
bidmc_16,240.0,300.0,110,18.475708538871814,21.0,18.6,0.3830424449699856,2.524291461128186,2.524291461128186,False,0.12429146112818756,0.12429146112818756,True
bidmc_16,270.0,330.0,109,18.21510412212121,24.0,29.49,0.23871757377456274,5.784895877878789,5.784895877878789,False,11.274895877878787,11.274895877878787,False
bidmc_16,300.0,360.0,109,18.072708903095325,25.0,19.27,0.4592972822662563,6.927291096904675,6.927291096904675,False,1.1972910969046744,1.1972910969046744,True
bidmc_16,330.0,390.0,109,18.543704156479116,19.0,20.06,0.218513867010913,0.45629584352088415,0.45629584352088415,True,1.5162958435208829,1.5162958435208829,True
bidmc_16,360.0,420.0,108,18.58875921375916,18.0,18.79,0.4850489542355205,-0.5887592137591611,0.5887592137591611,True,0.20124078624083808,0.20124078624083808,True
bidmc_16,390.0,450.0,109,18.461545452892953,20.0,18.76,0.5594316933423722,1.5384545471070474,1.5384545471070474,True,0.298454547107049,0.298454547107049,True
bidmc_16,420.0,480.0,108,18.339162406959147,21.0,19.74,0.5210644115028373,2.6608375930408528,2.6608375930408528,False,1.4008375930408512,1.4008375930408512,True
bidmc_17,0.0,60.0,83,18.53154750821843,21.0,9.86,0.4396281169327307,2.4684524917815693,2.4684524917815693,False,-8.671547508218431,8.671547508218431,False
bidmc_17,30.0,90.0,84,18.32982487571102,20.0,13.01,0.49434029122990114,1.6701751242889813,1.6701751242889813,True,-5.319824875711019,5.319824875711019,False
bidmc_17,60.0,120.0,83,17.87906167956629,19.0,9.51,0.41490636308462187,1.1209383204337087,1.1209383204337087,True,-8.369061679566292,8.369061679566292,False
bidmc_17,90.0,150.0,83,17.709785335935315,19.0,17.71,0.5463389474516609,1.2902146640646848,1.2902146640646848,True,0.00021466406468562127,0.00021466406468562127,True
bidmc_17,120.0,180.0,81,18.885251201176473,19.0,19.62,0.5346424231700897,0.11474879882352695,0.11474879882352695,True,0.734748798823528,0.734748798823528,True
bidmc_17,150.0,210.0,78,17.825620313228136,20.0,14.89,0.3953650252386913,2.1743796867718643,2.1743796867718643,False,-2.935620313228135,2.935620313228135,False
bidmc_17,180.0,240.0,80,16.486383334380086,19.0,16.36,0.5193925850772076,2.5136166656199137,2.5136166656199137,False,-0.12638333438008686,0.12638333438008686,True
bidmc_17,210.0,270.0,80,17.06626006210385,20.0,17.74,0.3824772208987573,2.9337399378961493,2.9337399378961493,False,0.6737399378961477,0.6737399378961477,True
bidmc_17,240.0,300.0,80,16.207838604602266,22.0,17.54,0.5016327654380205,5.792161395397734,5.792161395397734,False,1.3321613953977334,1.3321613953977334,True
bidmc_17,270.0,330.0,81,15.93213570152161,22.0,15.64,0.6233216879821777,6.067864298478391,6.067864298478391,False,-0.29213570152160884,0.29213570152160884,True
bidmc_17,300.0,360.0,80,15.906510964000313,19.0,15.74,0.42157085469461464,3.0934890359996867,3.0934890359996867,False,-0.16651096400031307,0.16651096400031307,True
bidmc_17,330.0,390.0,79,16.0292270807171,19.0,14.21,0.5727248341096245,2.9707729192829007,2.9707729192829007,False,-1.8192270807170985,1.8192270807170985,True
bidmc_17,360.0,420.0,79,17.293140155169805,21.0,19.27,0.4627773578677065,3.706859844830195,3.706859844830195,False,1.9768598448301944,1.9768598448301944,True
bidmc_17,390.0,450.0,80,16.349259118541045,20.0,15.01,0.6468332415150824,3.6507408814589546,3.6507408814589546,False,-1.3392591185410456,1.3392591185410456,True
bidmc_17,420.0,480.0,81,16.349259118540985,20.0,7.48,0.4762802316719225,3.650740881459015,3.650740881459015,False,-8.869259118540985,8.869259118540985,False
bidmc_18,0.0,60.0,89,17.985611510791365,18.0,18.09,0.6669963548951635,0.01438848920863478,0.01438848920863478,True,0.10438848920863464,0.10438848920863464,True
bidmc_18,30.0,90.0,90,17.985611510791376,19.0,17.98,0.5994821519269119,1.0143884892086241,1.0143884892086241,True,-0.005611510791375451,0.005611510791375451,True
bidmc_18,60.0,120.0,89,17.985611510791376,17.0,18.08,0.7526125622996539,-0.9856115107913759,0.9856115107913759,True,0.09438848920862242,0.09438848920862242,True
bidmc_18,90.0,150.0,90,17.98561151079145,17.0,18.04,0.5640170475346823,-0.9856115107914505,0.9856115107914505,True,0.05438848920854866,0.05438848920854866,True
bidmc_18,120.0,180.0,90,17.98561151079145,18.0,17.91,0.5879533738391304,0.014388489208549515,0.014388489208549515,True,-0.07561151079145034,0.07561151079145034,True
bidmc_18,150.0,210.0,90,17.964097621424294,20.0,18.05,0.5845273545730882,2.035902378575706,2.035902378575706,False,0.0859023785757067,0.0859023785757067,True
bidmc_18,180.0,240.0,91,17.879061679566252,20.0,17.87,0.6752077395094819,2.1209383204337477,2.1209383204337477,False,-0.009061679566251257,0.009061679566251257,True
bidmc_18,210.0,270.0,90,18.07270890309548,19.0,18.04,0.6669176496630428,0.9272910969045185,0.9272910969045185,True,-0.032708903095482356,0.032708903095482356,True
bidmc_18,240.0,300.0,90,18.07270890309548,19.0,18.09,0.4581380523421342,0.9272910969045185,0.9272910969045185,True,0.017291096904518355,0.017291096904518355,True
bidmc_18,270.0,330.0,90,18.00722883231864,22.0,17.92,0.4883868886518607,3.9927711676813615,3.9927711676813615,False,-0.08722883231863676,0.08722883231863676,True
bidmc_18,300.0,360.0,90,18.00722883231864,21.0,17.96,0.4843418411302639,2.9927711676813615,2.9927711676813615,False,-0.047228832318637615,0.047228832318637615,True
bidmc_18,330.0,390.0,90,18.072708903095474,18.0,17.95,0.7532779430475328,-0.0727089030954744,0.0727089030954744,True,-0.12270890309547511,0.12270890309547511,True
bidmc_18,360.0,420.0,90,18.183982225983854,19.0,17.97,0.7759290691922365,0.8160177740161458,0.8160177740161458,True,-0.2139822259838553,0.2139822259838553,True
bidmc_18,390.0,450.0,90,18.07270890309548,19.0,17.92,0.6962840269765179,0.9272910969045185,0.9272910969045185,True,-0.1527089030954798,0.1527089030954798,True
bidmc_18,420.0,480.0,90,17.879061679566327,18.0,18.06,0.7447856690053901,0.12093832043367314,0.12093832043367314,True,0.18093832043367186,0.18093832043367186,True
bidmc_19,0.0,60.0,73,15.965943851539663,20.0,16.46,0.7438865667801909,4.034056148460337,4.034056148460337,False,0.49405614846033785,0.49405614846033785,True
bidmc_19,30.0,90.0,73,15.481211656441726,19.0,15.99,0.7800898229244436,3.518788343558274,3.518788343558274,False,0.5087883435582743,0.5087883435582743,True
bidmc_19,60.0,120.0,74,15.748139983466517,19.0,16.14,0.8088215860396452,3.2518600165334828,3.2518600165334828,False,0.39186001653348335,0.39186001653348335,True
bidmc_19,90.0,150.0,74,15.806129247168556,20.0,16.14,0.7537064686592104,4.193870752831444,4.193870752831444,False,0.3338707528314444,0.3338707528314444,True
bidmc_19,120.0,180.0,74,15.890971773324729,19.0,16.62,0.7615487437714048,3.109028226675271,3.109028226675271,False,0.7290282266752719,0.7290282266752719,True
bidmc_19,150.0,210.0,74,15.82391168877417,16.0,15.98,0.8272661174713112,0.17608831122582913,0.17608831122582913,True,0.15608831122582956,0.15608831122582956,True
bidmc_19,180.0,240.0,73,15.982992347691798,19.0,16.04,0.7803187279933103,3.0170076523082017,3.0170076523082017,False,0.05700765230820082,0.05700765230820082,True
bidmc_19,210.0,270.0,73,16.051736576316575,22.0,15.96,0.8300716836422029,5.948263423683425,5.948263423683425,False,-0.09173657631657406,0.09173657631657406,True
bidmc_19,240.0,300.0,73,16.511137066366864,20.0,16.26,0.6982136311695918,3.4888629336331363,3.4888629336331363,False,-0.25113706636686217,0.25113706636686217,True
bidmc_19,270.0,330.0,73,16.278042748631016,19.0,15.94,0.7251774744779825,2.721957251368984,2.721957251368984,False,-0.33804274863101647,0.33804274863101647,True
bidmc_19,300.0,360.0,72,16.112377051544712,18.0,17.0,0.705492969700513,1.887622948455288,1.887622948455288,True,0.887622948455288,0.887622948455288,True
bidmc_19,330.0,390.0,74,16.19132501485435,20.0,16.76,0.6714031463133104,3.8086749851456503,3.8086749851456503,False,0.5686749851456518,0.5686749851456518,True
bidmc_19,360.0,420.0,74,15.941370991787078,19.0,16.31,0.772589596190525,3.0586290082129217,3.0586290082129217,False,0.36862900821292044,0.36862900821292044,True
bidmc_19,390.0,450.0,73,16.27518358124639,18.0,16.14,0.8032901241928655,1.7248164187536084,1.7248164187536084,True,-0.13518358124639107,0.13518358124639107,True
bidmc_19,420.0,480.0,73,16.148658044778156,19.0,16.16,0.8570574871447951,2.8513419552218444,2.8513419552218444,False,0.011341955221844557,0.011341955221844557,True
bidmc_20,0.0,60.0,89,15.640273704789832,18.0,15.09,0.7359660966601064,2.3597262952101676,2.3597262952101676,False,-0.5502737047898325,0.5502737047898325,True
bidmc_20,30.0,90.0,88,15.668466699394527,16.0,15.34,0.817819133863575,0.33153330060547326,0.33153330060547326,True,-0.3284666993945269,0.3284666993945269,True
bidmc_20,60.0,120.0,88,15.26511292767162,16.0,15.08,0.771952956921949,0.7348870723283802,0.7348870723283802,True,-0.1851129276716197,0.1851129276716197,True
bidmc_20,90.0,150.0,88,14.824218749999993,17.0,15.15,0.7617299376256911,2.175781250000007,2.175781250000007,False,0.32578125000000746,0.32578125000000746,True
bidmc_20,120.0,180.0,87,14.85901962362058,17.0,15.42,0.7519605665291814,2.140980376379421,2.140980376379421,False,0.5609803763794208,0.5609803763794208,True
bidmc_20,150.0,210.0,87,15.252235392832869,15.0,14.8,0.6909810475184355,-0.2522353928328691,0.2522353928328691,True,-0.4522353928328684,0.4522353928328684,True
bidmc_20,180.0,240.0,88,15.275519346917086,16.0,15.18,0.748277905957773,0.7244806530829138,0.7244806530829138,True,-0.09551934691708652,0.09551934691708652,True
bidmc_20,210.0,270.0,88,14.955149462032109,15.0,14.94,0.7135610909189974,0.04485053796789096,0.04485053796789096,True,-0.01514946203210954,0.01514946203210954,True
bidmc_20,240.0,300.0,88,14.987168827487366,16.0,15.11,0.757580386727252,1.0128311725126338,1.0128311725126338,True,0.1228311725126332,0.1228311725126332,True
bidmc_20,270.0,330.0,88,15.155473728471197,17.0,15.01,0.7222746018826358,1.844526271528803,1.844526271528803,True,-0.1454737284711971,0.1454737284711971,True
bidmc_20,300.0,360.0,88,14.953590251768443,16.0,14.9,0.7270236556415409,1.0464097482315573,1.0464097482315573,True,-0.05359025176844234,0.05359025176844234,True
bidmc_20,330.0,390.0,88,14.756692410429068,18.0,15.01,0.7196999202372693,3.2433075895709322,3.2433075895709322,False,0.253307589570932,0.253307589570932,True
bidmc_20,360.0,420.0,88,14.72037073954331,18.0,14.57,0.7503687577460619,3.279629260456691,3.279629260456691,False,-0.15037073954330893,0.15037073954330893,True
bidmc_20,390.0,450.0,88,14.453496316539969,17.0,14.05,0.7928497263294595,2.546503683460031,2.546503683460031,False,-0.4034963165399681,0.4034963165399681,True
bidmc_20,420.0,480.0,88,14.008350075338956,17.0,14.7,0.7605974423919009,2.9916499246610435,2.9916499246610435,False,0.6916499246610428,0.6916499246610428,True
bidmc_21,0.0,60.0,120,14.648940431457074,21.0,17.31,0.63992952306253,6.351059568542926,6.351059568542926,False,2.6610595685429246,2.6610595685429246,False
bidmc_21,30.0,90.0,123,18.08318921040008,21.0,18.37,0.7678018354802684,2.9168107895999213,2.9168107895999213,False,0.28681078959992234,0.28681078959992234,True
bidmc_21,60.0,120.0,124,17.90016917582318,21.0,17.83,0.7008298087330526,3.09983082417682,3.09983082417682,False,-0.07016917582318172,0.07016917582318172,True
bidmc_21,90.0,150.0,123,16.459010473094978,22.0,17.26,0.7708002963722471,5.5409895269050224,5.5409895269050224,False,0.800989526905024,0.800989526905024,True
bidmc_21,120.0,180.0,123,17.10378506568476,22.0,17.12,0.7116544225398909,4.896214934315239,4.896214934315239,False,0.016214934315240015,0.016214934315240015,True
bidmc_21,150.0,210.0,123,16.802053124341455,18.0,17.5,0.6982356506393081,1.1979468756585447,1.1979468756585447,True,0.6979468756585447,0.6979468756585447,True
bidmc_21,180.0,240.0,122,16.751928046213276,20.0,16.3,0.7735052776846616,3.2480719537867238,3.2480719537867238,False,-0.45192804621327554,0.45192804621327554,True
bidmc_21,210.0,270.0,123,17.135531517895544,23.0,18.88,0.584971417495154,5.864468482104456,5.864468482104456,False,1.7444684821044554,1.7444684821044554,True
bidmc_21,240.0,300.0,125,18.658563754734132,22.0,17.7,0.5666678349671177,3.341436245265868,3.341436245265868,False,-0.9585637547341328,0.9585637547341328,True
bidmc_21,270.0,330.0,126,19.062213380527254,21.0,18.85,0.7525958884275274,1.937786619472746,1.937786619472746,True,-0.21221338052725258,0.21221338052725258,True
bidmc_21,300.0,360.0,126,19.071844961541068,21.0,19.91,0.7739537840380173,1.9281550384589323,1.9281550384589323,True,0.8381550384589325,0.8381550384589325,True
bidmc_21,330.0,390.0,125,18.367805755395757,20.0,18.57,0.6312059032891953,1.6321942446042428,1.6321942446042428,True,0.20219424460424307,0.20219424460424307,True
bidmc_21,360.0,420.0,125,18.47360685798526,19.0,18.73,0.6923231329319915,0.5263931420147401,0.5263931420147401,True,0.2563931420147405,0.2563931420147405,True
bidmc_21,390.0,450.0,126,19.280715319494867,20.0,19.86,0.777452775311592,0.7192846805051332,0.7192846805051332,True,0.5792846805051326,0.5792846805051326,True
bidmc_21,420.0,480.0,127,21.645201928182445,21.0,20.7,0.6910671420962466,-0.6452019281824448,0.6452019281824448,True,-0.9452019281824455,0.9452019281824455,True
bidmc_22,0.0,60.0,83,17.964484107348,15.0,18.53,0.2679316229266313,-2.9644841073479995,2.9644841073479995,False,0.5655158926520016,0.5655158926520016,True
bidmc_22,30.0,90.0,86,17.966159071870393,20.0,19.24,0.7333361003730419,2.0338409281296066,2.0338409281296066,False,1.273840928129605,1.273840928129605,True
bidmc_22,60.0,120.0,84,18.11689334663655,18.0,18.49,0.5817894275655537,-0.1168933466365516,0.1168933466365516,True,0.37310665336344684,0.37310665336344684,True
bidmc_22,90.0,150.0,80,18.360540793211314,20.0,18.74,0.45432495723576105,1.6394592067886862,1.6394592067886862,True,0.3794592067886846,0.3794592067886846,True
bidmc_22,120.0,180.0,79,18.116893346636573,18.0,18.23,0.6565239967170758,-0.11689334663657291,0.11689334663657291,True,0.11310665336342751,0.11310665336342751,True
bidmc_22,150.0,210.0,80,18.170972229559624,20.0,18.74,0.618192675771485,1.8290277704403763,1.8290277704403763,True,0.5690277704403748,0.5690277704403748,True
bidmc_22,180.0,240.0,81,18.51863141979217,19.0,6.49,0.24532535831836452,0.48136858020782824,0.48136858020782824,True,-12.028631419792172,12.028631419792172,False
bidmc_22,210.0,270.0,81,18.159912762065638,19.0,19.02,0.5775600657053941,0.8400872379343625,0.8400872379343625,True,0.860087237934362,0.860087237934362,True
bidmc_22,240.0,300.0,81,18.08397767571658,19.0,6.46,0.24998509874910987,0.9160223242834213,0.9160223242834213,True,-11.623977675716578,11.623977675716578,False
bidmc_22,270.0,330.0,82,18.040006942636424,21.0,18.12,0.41937991398938557,2.959993057363576,2.959993057363576,False,0.07999305736357698,0.07999305736357698,True
bidmc_22,300.0,360.0,82,18.17273231598316,19.0,19.33,0.5214637705359998,0.8272676840168387,0.8272676840168387,True,1.157267684016837,1.157267684016837,True
bidmc_22,330.0,390.0,81,18.14898637965976,21.0,18.54,0.6450589891649233,2.8510136203402396,2.8510136203402396,False,0.3910136203402388,0.3910136203402388,True
bidmc_22,360.0,420.0,80,18.072708903095325,19.0,18.39,0.6141756123369088,0.9272910969046748,0.9272910969046748,True,0.3172910969046754,0.3172910969046754,True
bidmc_22,390.0,450.0,82,18.072708903095325,18.0,9.47,0.49591800328979113,-0.07270890309532518,0.07270890309532518,True,-8.602708903095325,8.602708903095325,False
bidmc_22,420.0,480.0,83,18.08318921039996,16.0,18.63,0.6628736866352721,-2.0831892103999614,2.0831892103999614,False,0.5468107896000376,0.5468107896000376,True
bidmc_23,0.0,60.0,67,17.966159071870376,19.0,16.41,0.3434619112150007,1.0338409281296244,1.0338409281296244,True,-1.5561590718703755,1.5561590718703755,True
bidmc_23,30.0,90.0,67,18.03974601888948,21.0,9.76,0.47515372606410317,2.960253981110519,2.960253981110519,False,-8.279746018889481,8.279746018889481,False
bidmc_23,60.0,120.0,66,18.00722883231876,20.0,17.96,0.4145905352414259,1.9927711676812407,1.9927711676812407,True,-0.04722883231875841,0.04722883231875841,True
bidmc_23,90.0,150.0,63,17.900169175823255,18.0,11.56,0.36988968944318656,0.09983082417674538,0.09983082417674538,True,-6.340169175823254,6.340169175823254,False
bidmc_23,120.0,180.0,61,18.07270890309544,19.0,7.56,0.4456890983463288,0.9272910969045611,0.9272910969045611,True,-10.51270890309544,10.51270890309544,False
bidmc_23,150.0,210.0,62,18.072708903095478,19.0,14.26,0.5995900100135836,0.927291096904522,0.927291096904522,True,-3.812708903095478,3.812708903095478,False
bidmc_23,180.0,240.0,62,17.879061679566327,15.0,8.05,0.6026891163019255,-2.879061679566327,2.879061679566327,False,-9.829061679566326,9.829061679566326,False
bidmc_23,210.0,270.0,63,18.010343515411524,16.0,7.89,0.4474576227741919,-2.010343515411524,2.010343515411524,False,-10.120343515411523,10.120343515411523,False
bidmc_23,240.0,300.0,64,17.974841683539353,19.0,9.29,0.496934757267299,1.0251583164606473,1.0251583164606473,True,-8.684841683539354,8.684841683539354,False
bidmc_23,270.0,330.0,63,17.932019104621006,16.0,9.87,0.3776188856763243,-1.9320191046210056,1.9320191046210056,True,-8.062019104621006,8.062019104621006,False
bidmc_23,300.0,360.0,63,18.07270890309548,16.0,18.04,0.373369626000814,-2.0727089030954815,2.0727089030954815,False,-0.032708903095482356,0.032708903095482356,True
bidmc_23,330.0,390.0,63,17.879061679566327,18.0,12.93,0.321978996241597,0.12093832043367314,0.12093832043367314,True,-4.949061679566327,4.949061679566327,False
bidmc_23,360.0,420.0,63,17.879061679566178,16.0,8.78,0.3505524786112903,-1.8790616795661776,1.8790616795661776,True,-9.099061679566178,9.099061679566178,False
bidmc_23,390.0,450.0,63,18.072708903095325,18.0,8.09,0.47180788037513266,-0.07270890309532518,0.07270890309532518,True,-9.982708903095325,9.982708903095325,False
bidmc_23,420.0,480.0,63,17.96615907187035,20.0,8.35,0.3911269243769879,2.0338409281296492,2.0338409281296492,False,-9.616159071870351,9.616159071870351,False
bidmc_24,0.0,60.0,97,22.97095739291944,19.0,22.73,0.6746562107210405,-3.9709573929194413,3.9709573929194413,False,-0.24095739291944085,0.24095739291944085,True
bidmc_24,30.0,90.0,96,22.83152627189321,19.0,22.38,0.7159064150307447,-3.8315262718932104,3.8315262718932104,False,-0.4515262718932114,0.4515262718932114,True
bidmc_24,60.0,120.0,97,22.763070631148423,22.0,22.69,0.8045904066250172,-0.7630706311484232,0.7630706311484232,True,-0.07307063114842194,0.07307063114842194,True
bidmc_24,90.0,150.0,98,22.505943054730125,21.0,22.45,0.8033821844153684,-1.5059430547301247,1.5059430547301247,True,-0.0559430547301254,0.0559430547301254,True
bidmc_24,120.0,180.0,98,22.65881708652796,22.0,22.79,0.3988764106888361,-0.6588170865279608,0.6588170865279608,True,0.13118291347203836,0.13118291347203836,True
bidmc_24,150.0,210.0,98,22.814018043025655,21.0,22.72,0.5163576932957077,-1.814018043025655,1.814018043025655,True,-0.09401804302565608,0.09401804302565608,True
bidmc_24,180.0,240.0,96,22.404892153100796,19.0,22.37,0.2868393489921683,-3.4048921531007963,3.4048921531007963,False,-0.0348921531007953,0.0348921531007953,True
bidmc_24,210.0,270.0,96,22.288704406959347,19.0,22.19,0.6617278328213679,-3.288704406959347,3.288704406959347,False,-0.0987044069593459,0.0987044069593459,True
bidmc_24,240.0,300.0,97,22.62448585884334,19.0,22.64,0.6567590288575201,-3.6244858588433395,3.6244858588433395,False,0.015514141156661054,0.015514141156661054,True
bidmc_24,270.0,330.0,96,23.041963982330962,22.0,23.2,0.6266197749145314,-1.0419639823309623,1.0419639823309623,True,0.15803601766903697,0.15803601766903697,True
bidmc_24,300.0,360.0,97,22.72748142774497,22.0,22.76,0.7579034433665626,-0.7274814277449693,0.7274814277449693,True,0.032518572255032296,0.032518572255032296,True
bidmc_24,330.0,390.0,97,21.99489150906902,21.0,21.97,0.7956014824364808,-0.9948915090690207,0.9948915090690207,True,-0.024891509069021822,0.024891509069021822,True
bidmc_24,360.0,420.0,95,21.86588921282799,21.0,22.07,0.7227627017961685,-0.8658892128279909,0.8658892128279909,True,0.20411078717200937,0.20411078717200937,True
bidmc_24,390.0,450.0,95,22.288704406959226,23.0,21.17,0.6574052360251861,0.7112955930407736,0.7112955930407736,True,-1.1187044069592247,1.1187044069592247,True
bidmc_24,420.0,480.0,94,22.62448585884334,23.0,22.78,0.7605454741563069,0.3755141411566605,0.3755141411566605,True,0.15551414115666162,0.15551414115666162,True
bidmc_25,0.0,60.0,126,15.274949083503051,23.0,15.37,0.7966751665804106,7.725050916496949,7.725050916496949,False,0.09505091649694819,0.09505091649694819,True
bidmc_25,30.0,90.0,125,15.41625472152508,20.0,15.58,0.7334766473917483,4.58374527847492,4.58374527847492,False,0.16374527847492004,0.16374527847492004,True
bidmc_25,60.0,120.0,125,15.699107289555839,19.0,15.66,0.8360783449183865,3.3008927104441614,3.3008927104441614,False,-0.03910728955583842,0.03910728955583842,True
bidmc_25,90.0,150.0,126,15.739925126624087,22.0,15.73,0.735928497304526,6.260074873375913,6.260074873375913,False,-0.009925126624086289,0.009925126624086289,True
bidmc_25,120.0,180.0,125,16.510857001621098,21.0,16.35,0.7885148517542854,4.489142998378902,4.489142998378902,False,-0.16085700162109617,0.16085700162109617,True
bidmc_25,150.0,210.0,124,16.287124977600058,19.0,16.31,0.8175420340770218,2.712875022399942,2.712875022399942,False,0.022875022399940548,0.022875022399940548,True
bidmc_25,180.0,240.0,124,15.957446808510616,24.0,15.85,0.7296466283056017,8.042553191489384,8.042553191489384,False,-0.10744680851061617,0.10744680851061617,True
bidmc_25,210.0,270.0,124,16.163868180868096,24.0,16.17,0.7633059722351593,7.836131819131904,7.836131819131904,False,0.006131819131905303,0.006131819131905303,True
bidmc_25,240.0,300.0,124,16.322108553566345,21.0,16.08,0.7536088557338966,4.677891446433655,4.677891446433655,False,-0.24210855356634653,0.24210855356634653,True
bidmc_25,270.0,330.0,125,16.41208580731658,20.0,16.45,0.7386343678927427,3.587914192683421,3.587914192683421,False,0.03791419268342011,0.03791419268342011,True
bidmc_25,300.0,360.0,125,17.51328405940127,20.0,17.33,0.7562923906205405,2.4867159405987316,2.4867159405987316,False,-0.18328405940127013,0.18328405940127013,True
bidmc_25,330.0,390.0,124,17.26307146262655,21.0,17.4,0.5655973383822832,3.7369285373734513,3.7369285373734513,False,0.1369285373734499,0.1369285373734499,True
bidmc_25,360.0,420.0,124,16.21714494095211,21.0,15.25,0.5775557148695547,4.78285505904789,4.78285505904789,False,-0.9671449409521102,0.9671449409521102,True
bidmc_25,390.0,450.0,124,15.167222849290802,24.0,15.88,0.627343823528216,8.832777150709198,8.832777150709198,False,0.7127771507091989,0.7127771507091989,True
bidmc_25,420.0,480.0,123,15.416254721524988,23.0,15.62,0.6627951859974559,7.583745278475012,7.583745278475012,False,0.20374527847501156,0.20374527847501156,True
bidmc_26,0.0,60.0,91,17.66431828282661,19.0,12.95,0.7172400134738025,1.3356817171733901,1.3356817171733901,True,-4.714318282826611,4.714318282826611,False
bidmc_26,30.0,90.0,90,18.168434141992385,19.0,14.49,0.4202822421533454,0.8315658580076146,0.8315658580076146,True,-3.678434141992385,3.678434141992385,False
bidmc_26,60.0,120.0,88,17.653313838536533,20.0,14.36,0.4377701212551442,2.3466861614634666,2.3466861614634666,False,-3.293313838536534,3.293313838536534,False
bidmc_26,90.0,150.0,89,17.653313838536533,21.0,14.44,0.5264816305463352,3.3466861614634666,3.3466861614634666,False,-3.213313838536534,3.213313838536534,False
bidmc_26,120.0,180.0,90,17.37326669724844,19.0,16.91,0.42075880170800545,1.6267333027515605,1.6267333027515605,True,-0.4632666972484394,0.4632666972484394,True
bidmc_26,150.0,210.0,90,19.26945910290234,21.0,18.14,0.40132862574172196,1.7305408970976615,1.7305408970976615,True,-1.129459102902338,1.129459102902338,True
bidmc_26,180.0,240.0,90,19.197323428840868,21.0,14.07,0.46731600640922527,1.8026765711591324,1.8026765711591324,True,-5.127323428840867,5.127323428840867,False
bidmc_26,210.0,270.0,90,17.059781976180346,22.0,13.55,0.41612338200994287,4.940218023819654,4.940218023819654,False,-3.5097819761803457,3.5097819761803457,False
bidmc_26,240.0,300.0,89,14.67021079191877,21.0,15.22,0.4629184116127562,6.32978920808123,6.32978920808123,False,0.549789208081231,0.549789208081231,True
bidmc_26,270.0,330.0,90,14.713692754426415,18.0,12.99,0.4969343176178172,3.2863072455735853,3.2863072455735853,False,-1.7236927544264145,1.7236927544264145,True
bidmc_26,300.0,360.0,90,14.664452106635324,21.0,15.54,0.427716484931121,6.3355478933646765,6.3355478933646765,False,0.8755478933646756,0.8755478933646756,True
bidmc_26,330.0,390.0,91,16.077632159399922,22.0,26.48,0.4781615834880409,5.922367840600078,5.922367840600078,False,10.402367840600078,10.402367840600078,False
bidmc_26,360.0,420.0,91,17.374803827469652,18.0,14.73,0.49426662203406724,0.6251961725303481,0.6251961725303481,True,-2.6448038274696515,2.6448038274696515,False
bidmc_26,390.0,450.0,91,16.977015732546775,19.0,13.53,0.6252932565256926,2.022984267453225,2.022984267453225,False,-3.4470157325467756,3.4470157325467756,False
bidmc_26,420.0,480.0,91,17.905498284234447,23.0,17.77,0.4602866867272267,5.094501715765553,5.094501715765553,False,-0.13549828423444765,0.13549828423444765,True
bidmc_27,0.0,60.0,89,11.279273105972587,19.0,11.29,0.5268378909027103,7.720726894027413,7.720726894027413,False,0.010726894027412115,0.010726894027412115,True
bidmc_27,30.0,90.0,89,11.287454986071165,15.0,10.69,0.6928806601029865,3.7125450139288354,3.7125450139288354,False,-0.5974549860711651,0.5974549860711651,True
bidmc_27,60.0,120.0,89,11.057943132907269,18.0,10.84,0.6211653456233905,6.942056867092731,6.942056867092731,False,-0.2179431329072692,0.2179431329072692,True
bidmc_27,90.0,150.0,88,10.789396362823737,18.0,10.64,0.5529185350815027,7.210603637176263,7.210603637176263,False,-0.1493963628237367,0.1493963628237367,True
bidmc_27,120.0,180.0,88,10.745917552024553,19.0,11.29,0.5355460412244307,8.254082447975447,8.254082447975447,False,0.5440824479754465,0.5440824479754465,True
bidmc_27,150.0,210.0,87,11.038250774329097,17.0,11.22,0.6032172809064006,5.9617492256709035,5.9617492256709035,False,0.18174922567090412,0.18174922567090412,True
bidmc_27,180.0,240.0,86,11.17319830616811,16.0,8.23,0.4785213008250976,4.826801693831889,4.826801693831889,False,-2.94319830616811,2.94319830616811,False
bidmc_27,210.0,270.0,87,11.021789832851045,16.0,11.3,0.6718701618862518,4.978210167148955,4.978210167148955,False,0.27821016714895563,0.27821016714895563,True
bidmc_27,240.0,300.0,87,10.559726197933596,16.0,9.94,0.6598693580064066,5.440273802066404,5.440273802066404,False,-0.6197261979335966,0.6197261979335966,True
bidmc_27,270.0,330.0,86,10.535786159054808,17.0,10.51,0.7577382285304545,6.464213840945192,6.464213840945192,False,-0.025786159054808522,0.025786159054808522,True
bidmc_27,300.0,360.0,87,10.215288301999795,19.0,10.51,0.5757362045694235,8.784711698000205,8.784711698000205,False,0.2947116980002047,0.2947116980002047,True
bidmc_27,330.0,390.0,88,10.577968990182399,17.0,10.74,0.698180719938529,6.422031009817601,6.422031009817601,False,0.16203100981760166,0.16203100981760166,True
bidmc_27,360.0,420.0,88,10.610055036769493,18.0,10.59,0.45374086480123343,7.389944963230507,7.389944963230507,False,-0.020055036769493384,0.020055036769493384,True
bidmc_27,390.0,450.0,88,10.419324760222896,18.0,10.25,0.7163800601213974,7.580675239777104,7.580675239777104,False,-0.16932476022289578,0.16932476022289578,True
bidmc_27,420.0,480.0,91,13.391419060913293,14.0,10.18,0.651498253311834,0.608580939086707,0.608580939086707,True,-3.2114190609132933,3.2114190609132933,False
bidmc_28,0.0,60.0,87,17.77251184834123,17.0,17.52,0.5425353576245323,-0.7725118483412317,0.7725118483412317,True,-0.2525118483412321,0.2525118483412321,True
bidmc_28,30.0,90.0,84,18.32021818832157,20.0,17.01,0.7790725320698916,1.6797818116784313,1.6797818116784313,True,-1.3102181883215671,1.3102181883215671,True
bidmc_28,60.0,120.0,80,17.823802608795056,20.0,21.19,0.3395056998467351,2.176197391204944,2.176197391204944,False,3.3661973912049454,3.3661973912049454,False
bidmc_28,90.0,150.0,83,18.52032510411017,19.0,16.18,0.4440968389170447,0.47967489588982914,0.47967489588982914,True,-2.340325104110171,2.340325104110171,False
bidmc_28,120.0,180.0,82,19.15961945031718,18.0,18.34,0.4719208405731961,-1.1596194503171802,1.1596194503171802,True,-0.8196194503171803,0.8196194503171803,True
bidmc_28,150.0,210.0,80,18.31570096133197,18.0,12.09,0.5217406195728671,-0.3157009613319701,0.3157009613319701,True,-6.22570096133197,6.22570096133197,False
bidmc_28,180.0,240.0,82,18.659054515073485,19.0,18.13,0.6374749965887964,0.34094548492651455,0.34094548492651455,True,-0.5290545150734864,0.5290545150734864,True
bidmc_28,210.0,270.0,81,18.73079567297578,21.0,13.67,0.5797566131625954,2.2692043270242195,2.2692043270242195,False,-5.060795672975781,5.060795672975781,False
bidmc_28,240.0,300.0,81,17.96615907187028,22.0,17.39,0.5840412079665531,4.03384092812972,4.03384092812972,False,-0.5761590718702791,0.5761590718702791,True
bidmc_28,270.0,330.0,85,17.945151374650145,21.0,23.12,0.5728220232723399,3.0548486253498552,3.0548486253498552,False,5.174848625349856,5.174848625349856,False
bidmc_28,300.0,360.0,85,17.40289106032474,22.0,16.69,0.5502990387592226,4.597108939675259,4.597108939675259,False,-0.7128910603247398,0.7128910603247398,True
bidmc_28,330.0,390.0,81,17.793619344598245,22.0,17.94,0.5940109429201432,4.206380655401755,4.206380655401755,False,0.1463806554017566,0.1463806554017566,True
bidmc_28,360.0,420.0,80,17.793619344598245,21.0,18.3,0.6156408602689004,3.2063806554017553,3.2063806554017553,False,0.506380655401756,0.506380655401756,True
bidmc_28,390.0,450.0,81,17.20192535311285,21.0,17.41,0.6921825264797161,3.7980746468871516,3.7980746468871516,False,0.20807464688715172,0.20807464688715172,True
bidmc_28,420.0,480.0,84,17.472815541884643,24.0,17.74,0.6399798125967919,6.527184458115357,6.527184458115357,False,0.26718445811535574,0.26718445811535574,True
bidmc_29,0.0,60.0,90,20.487679441885422,19.0,20.29,0.7675458906529681,-1.4876794418854224,1.4876794418854224,True,-0.1976794418854233,0.1976794418854233,True
bidmc_29,30.0,90.0,90,19.142743663035617,21.0,19.55,0.7124643991668131,1.857256336964383,1.857256336964383,True,0.4072563369643838,0.4072563369643838,True
bidmc_29,60.0,120.0,90,18.518631419792214,20.0,19.4,0.6416754411018065,1.4813685802077856,1.4813685802077856,True,0.8813685802077842,0.8813685802077842,True
bidmc_29,90.0,150.0,90,18.497062365434445,16.0,17.49,0.8021824703117454,-2.497062365434445,2.497062365434445,False,-1.0070623654344466,1.0070623654344466,True
bidmc_29,120.0,180.0,90,19.260819685101673,18.0,20.13,0.2390081373836959,-1.2608196851016729,1.2608196851016729,True,0.8691803148983261,0.8691803148983261,True
bidmc_29,150.0,210.0,90,19.260819685101758,21.0,18.41,0.6427277974074573,1.7391803148982419,1.7391803148982419,True,-0.850819685101758,0.850819685101758,True
bidmc_29,180.0,240.0,91,18.78911948797589,20.0,18.31,0.7678101381013308,1.2108805120241115,1.2108805120241115,True,-0.47911948797588977,0.47911948797588977,True
bidmc_29,210.0,270.0,90,19.24349251491092,18.0,19.08,0.7145274381188653,-1.243492514910919,1.243492514910919,True,-0.16349251491092076,0.16349251491092076,True
bidmc_29,240.0,300.0,90,18.933783125161213,19.0,18.78,0.7746699332036627,0.06621687483878702,0.06621687483878702,True,-0.15378312516121184,0.15378312516121184,True
bidmc_29,270.0,330.0,90,19.0604898085715,19.0,19.28,0.8002231778115859,-0.06048980857149999,0.06048980857149999,True,0.21951019142850114,0.21951019142850114,True
bidmc_29,300.0,360.0,91,18.564470177373487,19.0,17.98,0.814669641271992,0.4355298226265134,0.4355298226265134,True,-0.5844701773734862,0.5844701773734862,True
bidmc_29,330.0,390.0,91,19.584712178779895,19.0,19.02,0.659690006544499,-0.5847121787798955,0.5847121787798955,True,-0.5647121787798959,0.5647121787798959,True
bidmc_29,360.0,420.0,91,18.129277633181715,21.0,17.63,0.7625754831762513,2.870722366818285,2.870722366818285,False,-0.49927763318171614,0.49927763318171614,True
bidmc_29,390.0,450.0,91,17.79562265680406,24.0,18.78,0.748160510636075,6.20437734319594,6.20437734319594,False,0.9843773431959413,0.9843773431959413,True
bidmc_29,420.0,480.0,91,17.292037091668803,21.0,17.39,0.7107247495648521,3.707962908331197,3.707962908331197,False,0.0979629083311977,0.0979629083311977,True
bidmc_30,0.0,60.0,89,18.84529183370688,18.0,18.06,0.7071464080267422,-0.8452918337068809,0.8452918337068809,True,-0.7852918337068822,0.7852918337068822,True
bidmc_30,30.0,90.0,89,18.73012408804643,17.0,19.3,0.5760671126082648,-1.7301240880464306,1.7301240880464306,True,0.5698759119535701,0.5698759119535701,True
bidmc_30,60.0,120.0,89,17.63742188796106,18.0,18.66,0.8431177120798329,0.3625781120389391,0.3625781120389391,True,1.0225781120389392,1.0225781120389392,True
bidmc_30,90.0,150.0,88,18.203990738940597,18.0,18.75,0.5712500424248763,-0.20399073894059683,0.20399073894059683,True,0.5460092610594032,0.5460092610594032,True
bidmc_30,120.0,180.0,87,19.060489808571674,18.0,19.96,0.7285494999656604,-1.060489808571674,1.060489808571674,True,0.8995101914283268,0.8995101914283268,True
bidmc_30,150.0,210.0,87,18.987341772151918,20.0,9.46,0.5151127575023875,1.0126582278480818,1.0126582278480818,True,-9.527341772151917,9.527341772151917,False
bidmc_30,180.0,240.0,88,18.270645904052,19.0,17.82,0.6468886008397828,0.7293540959480005,0.7293540959480005,True,-0.4506459040519992,0.4506459040519992,True
bidmc_30,210.0,270.0,88,18.337846805000098,19.0,18.41,0.7873849662778255,0.6621531949999024,0.6621531949999024,True,0.07215319499990258,0.07215319499990258,True
bidmc_30,240.0,300.0,88,18.99172377539439,20.0,19.01,0.752742083338984,1.0082762246056092,1.0082762246056092,True,0.018276224605610736,0.018276224605610736,True
bidmc_30,270.0,330.0,87,19.109799797460376,19.0,19.45,0.8024302901356314,-0.10979979746037571,0.10979979746037571,True,0.3402002025396236,0.3402002025396236,True
bidmc_30,300.0,360.0,88,19.406507330789232,20.0,19.88,0.8351306322283494,0.593492669210768,0.593492669210768,True,0.47349266921076705,0.47349266921076705,True
bidmc_30,330.0,390.0,87,19.07276995305164,18.0,19.65,0.7133117262156117,-1.0727699530516404,1.0727699530516404,True,0.5772300469483582,0.5772300469483582,True
bidmc_30,360.0,420.0,87,19.145494353687774,17.0,18.92,0.7479553501197714,-2.1454943536877735,2.1454943536877735,False,-0.22549435368777182,0.22549435368777182,True
bidmc_30,390.0,450.0,87,20.05577005577012,19.0,19.98,0.8324758869863258,-1.0557700557701217,1.0557700557701217,True,-0.0757700557701213,0.0757700557701213,True
bidmc_30,420.0,480.0,87,20.39641045361084,20.0,20.48,0.7614927645711168,-0.3964104536108408,0.3964104536108408,True,0.08358954638915961,0.08358954638915961,True
bidmc_31,0.0,60.0,87,19.230895666638176,21.0,19.5,0.23872747766130434,1.769104333361824,1.769104333361824,True,0.26910433336182393,0.26910433336182393,True
bidmc_31,30.0,90.0,85,19.34333272361441,18.0,18.93,0.7355989845870148,-1.3433327236144095,1.3433327236144095,True,-0.41333272361440976,0.41333272361440976,True
bidmc_31,60.0,120.0,85,19.02365350652862,19.0,19.01,0.7831289636508801,-0.023653506528621193,0.023653506528621193,True,-0.01365350652861963,0.01365350652861963,True
bidmc_31,90.0,150.0,84,18.292791747720127,17.0,17.91,0.7972893665811175,-1.292791747720127,1.292791747720127,True,-0.3827917477201268,0.3827917477201268,True
bidmc_31,120.0,180.0,85,17.974841683539374,18.0,18.54,0.6057985591184009,0.02515831646062594,0.02515831646062594,True,0.5651583164606251,0.5651583164606251,True
bidmc_31,150.0,210.0,85,17.879061679566252,19.0,17.66,0.7654992004505875,1.1209383204337477,1.1209383204337477,True,-0.2190616795662521,0.2190616795662521,True
bidmc_31,180.0,240.0,83,19.260819685101673,18.0,18.94,0.7724445891222723,-1.2608196851016729,1.2608196851016729,True,-0.3208196851016716,0.3208196851016716,True
bidmc_31,210.0,270.0,83,18.270645904052,18.0,18.4,0.8041818302164716,-0.2706459040519995,0.2706459040519995,True,0.12935409594799907,0.12935409594799907,True
bidmc_31,240.0,300.0,84,18.40515735844955,18.0,18.19,0.7758626013116504,-0.40515735844955003,0.40515735844955003,True,-0.21515735844954875,0.21515735844954875,True
bidmc_31,270.0,330.0,83,18.726620947631044,17.0,18.54,0.8678167484187724,-1.7266209476310443,1.7266209476310443,True,-0.1866209476310452,0.1866209476310452,True
bidmc_31,300.0,360.0,83,16.858104012607576,17.0,17.52,0.7139897748617731,0.1418959873924237,0.1418959873924237,True,0.6618959873924233,0.6618959873924233,True
bidmc_31,330.0,390.0,83,16.930022573363377,17.0,16.78,0.7917943649055001,0.06997742663662265,0.06997742663662265,True,-0.1500225733633762,0.1500225733633762,True
bidmc_31,360.0,420.0,81,17.133743003640017,16.0,17.88,0.839275715736821,-1.1337430036400171,1.1337430036400171,True,0.7462569963599819,0.7462569963599819,True
bidmc_31,390.0,450.0,81,17.134011256976784,17.0,17.56,0.792997085672365,-0.13401125697678395,0.13401125697678395,True,0.42598874302321477,0.42598874302321477,True
bidmc_31,420.0,480.0,83,18.292791747720244,19.0,17.97,0.8399811387923701,0.7072082522797558,0.7072082522797558,True,-0.3227917477202453,0.3227917477202453,True
bidmc_32,0.0,60.0,81,25.733833590818804,19.0,11.5,0.4665672837381462,-6.733833590818804,6.733833590818804,False,-14.233833590818804,14.233833590818804,False
bidmc_32,30.0,90.0,82,24.984189854879517,19.0,24.53,0.5755910499323932,-5.984189854879517,5.984189854879517,False,-0.454189854879516,0.454189854879516,True
bidmc_32,60.0,120.0,81,25.27424794739886,18.0,24.88,0.678955916676268,-7.274247947398859,7.274247947398859,False,-0.3942479473988598,0.3942479473988598,True
bidmc_32,90.0,150.0,81,25.14670668780147,17.0,24.95,0.4615016821765328,-8.14670668780147,8.14670668780147,False,-0.19670668780146983,0.19670668780146983,True
bidmc_32,120.0,180.0,82,25.298634812286764,18.0,24.57,0.35603363070612803,-7.298634812286764,7.298634812286764,False,-0.7286348122867636,0.7286348122867636,True
bidmc_32,150.0,210.0,81,25.211864406779707,20.0,24.96,0.648912043578665,-5.211864406779707,5.211864406779707,False,-0.25186440677970623,0.25186440677970623,True
bidmc_32,180.0,240.0,81,25.755342667649245,20.0,25.36,0.5227927599251306,-5.755342667649245,5.755342667649245,False,-0.3953426676492455,0.3953426676492455,True
bidmc_32,210.0,270.0,81,25.71239717978861,21.0,24.45,0.6142399891138502,-4.71239717978861,4.71239717978861,False,-1.2623971797886107,1.2623971797886107,True
bidmc_32,240.0,300.0,81,24.84778673687708,23.0,23.99,0.18386562028144487,-1.8477867368770795,1.8477867368770795,True,-0.8577867368770811,0.8577867368770811,True
bidmc_32,270.0,330.0,81,25.707865828584822,21.0,25.05,0.5072006581810496,-4.707865828584822,4.707865828584822,False,-0.6578658285848213,0.6578658285848213,True
bidmc_32,300.0,360.0,81,25.382527429736307,18.0,27.5,0.4457452645050254,-7.382527429736307,7.382527429736307,False,2.1174725702636934,2.1174725702636934,False
bidmc_32,330.0,390.0,81,25.211864406779718,18.0,12.59,0.2799646168477631,-7.211864406779718,7.211864406779718,False,-12.621864406779718,12.621864406779718,False
bidmc_32,360.0,420.0,81,24.84424359424363,18.0,24.07,0.5880002425217025,-6.844243594243629,6.844243594243629,False,-0.7742435942436288,0.7742435942436288,True
bidmc_32,390.0,450.0,82,24.39082429088132,21.0,12.51,0.4166547380929555,-3.3908242908813193,3.3908242908813193,False,-11.88082429088132,11.88082429088132,False
bidmc_32,420.0,480.0,81,24.80484124901585,21.0,24.19,0.32928392895697933,-3.804841249015851,3.804841249015851,False,-0.6148412490158499,0.6148412490158499,True
bidmc_33,0.0,60.0,82,13.692380761923806,20.0,20.73,0.5111502656763652,6.307619238076194,6.307619238076194,False,7.037619238076195,7.037619238076195,False
bidmc_33,30.0,90.0,84,12.982465338896084,19.0,21.99,0.5208461131451783,6.017534661103916,6.017534661103916,False,9.007534661103914,9.007534661103914,False
bidmc_33,60.0,120.0,82,13.617819170856324,21.0,26.41,0.730511716434095,7.382180829143676,7.382180829143676,False,12.792180829143676,12.792180829143676,False
bidmc_33,90.0,150.0,80,13.029090007034803,23.0,26.99,0.7121456889600911,9.970909992965197,9.970909992965197,False,13.960909992965195,13.960909992965195,False
bidmc_33,120.0,180.0,81,12.523101882437512,24.0,24.69,0.7374494366424024,11.476898117562488,11.476898117562488,False,12.16689811756249,12.16689811756249,False
bidmc_33,150.0,210.0,82,12.782667421898822,20.0,26.38,0.7006154411917423,7.217332578101178,7.217332578101178,False,13.597332578101177,13.597332578101177,False
bidmc_33,180.0,240.0,83,12.70110986836444,18.0,26.25,0.6386297668227825,5.298890131635559,5.298890131635559,False,13.54889013163556,13.54889013163556,False
bidmc_33,210.0,270.0,83,13.286984754376057,19.0,25.54,0.6057348547066702,5.713015245623943,5.713015245623943,False,12.253015245623942,12.253015245623942,False
bidmc_33,240.0,300.0,80,14.563600989382223,21.0,25.22,0.6719906955654412,6.436399010617777,6.436399010617777,False,10.656399010617776,10.656399010617776,False
bidmc_33,270.0,330.0,82,13.465381640020663,20.0,27.16,0.7170085313579574,6.534618359979337,6.534618359979337,False,13.694618359979337,13.694618359979337,False
bidmc_33,300.0,360.0,84,14.16492484608958,20.0,27.95,0.8039983386025774,5.83507515391042,5.83507515391042,False,13.78507515391042,13.78507515391042,False
bidmc_33,330.0,390.0,82,14.884702620967811,21.0,28.49,0.7276867791100229,6.115297379032189,6.115297379032189,False,13.605297379032187,13.605297379032187,False
bidmc_33,360.0,420.0,83,14.111118977662894,20.0,26.19,0.7376130587710151,5.888881022337106,5.888881022337106,False,12.078881022337107,12.078881022337107,False
bidmc_33,390.0,450.0,84,14.275029518931932,18.0,27.37,0.6932027937312005,3.724970481068068,3.724970481068068,False,13.094970481068069,13.094970481068069,False
bidmc_33,420.0,480.0,84,13.091729460379174,19.0,27.65,0.7854683018497325,5.908270539620826,5.908270539620826,False,14.558270539620825,14.558270539620825,False
bidmc_34,0.0,60.0,83,18.271079618288006,21.0,18.15,0.5031722377707675,2.728920381711994,2.728920381711994,False,-0.1210796182880074,0.1210796182880074,True
bidmc_34,30.0,90.0,80,18.07270890309546,19.0,9.08,0.5196964411089474,0.9272910969045398,0.9272910969045398,True,-8.99270890309546,8.99270890309546,False
bidmc_34,60.0,120.0,82,18.937952036543557,19.0,6.32,0.27267421153941496,0.062047963456443256,0.062047963456443256,True,-12.617952036543556,12.617952036543556,False
bidmc_34,90.0,150.0,83,21.221544520219034,19.0,11.57,0.3810033353572279,-2.221544520219034,2.221544520219034,False,-9.651544520219034,9.651544520219034,False
bidmc_34,120.0,180.0,80,18.771777139833887,17.0,17.5,0.6196030896762514,-1.7717771398338868,1.7717771398338868,True,-1.2717771398338868,1.2717771398338868,True
bidmc_34,150.0,210.0,80,18.52032510411017,20.0,18.78,0.6368121968788323,1.4796748958898291,1.4796748958898291,True,0.2596748958898303,0.2596748958898303,True
bidmc_34,180.0,240.0,80,17.772511848341207,21.0,17.48,0.7051613679278503,3.227488151658793,3.227488151658793,False,-0.29251184834120636,0.29251184834120636,True
bidmc_34,210.0,270.0,81,17.18233349078876,18.0,16.5,0.7121410648454558,0.8176665092112394,0.8176665092112394,True,-0.6823334907887606,0.6823334907887606,True
bidmc_34,240.0,300.0,81,16.81667188260007,18.0,18.28,0.668930257408574,1.183328117399931,1.183328117399931,True,1.4633281173999322,1.4633281173999322,True
bidmc_34,270.0,330.0,81,17.036703567162572,20.0,16.32,0.5978455513256854,2.963296432837428,2.963296432837428,False,-0.7167035671625719,0.7167035671625719,True
bidmc_34,300.0,360.0,82,16.911279651936564,21.0,16.6,0.7583801983156905,4.088720348063436,4.088720348063436,False,-0.3112796519365624,0.3112796519365624,True
bidmc_34,330.0,390.0,82,17.341411290160863,20.0,17.58,0.7367782070359569,2.6585887098391368,2.6585887098391368,False,0.23858870983913505,0.23858870983913505,True
bidmc_34,360.0,420.0,82,16.998744115448915,21.0,16.43,0.6839721447648459,4.001255884551085,4.001255884551085,False,-0.568744115448915,0.568744115448915,True
bidmc_34,390.0,450.0,82,16.234450769555018,19.0,15.52,0.7333711168364714,2.7655492304449822,2.7655492304449822,False,-0.7144507695550182,0.7144507695550182,True
bidmc_34,420.0,480.0,82,16.41208580731658,20.0,16.83,0.7796180567392035,3.587914192683421,3.587914192683421,False,0.4179141926834191,0.4179141926834191,True
bidmc_35,0.0,60.0,101,18.913440676030604,18.0,10.61,0.40749364885028283,-0.9134406760306035,0.9134406760306035,True,-8.303440676030604,8.303440676030604,False
bidmc_35,30.0,90.0,101,17.13334063938379,17.0,7.51,0.5558741792815063,-0.13334063938378904,0.13334063938378904,True,-9.62334063938379,9.62334063938379,False
bidmc_35,60.0,120.0,100,16.14641268075639,17.0,16.29,0.704298226083812,0.8535873192436085,0.8535873192436085,True,0.14358731924360768,0.14358731924360768,True
bidmc_35,90.0,150.0,100,16.304424879134654,22.0,16.42,0.7904186337736375,5.695575120865346,5.695575120865346,False,0.11557512086534771,0.11557512086534771,True
bidmc_35,120.0,180.0,103,17.291117979573563,21.0,17.56,0.7276492490477344,3.7088820204264366,3.7088820204264366,False,0.2688820204264353,0.2688820204264353,True
bidmc_35,150.0,210.0,106,16.648353272759493,18.0,14.76,0.5858079713372812,1.3516467272405066,1.3516467272405066,True,-1.8883532727594936,1.8883532727594936,True
bidmc_35,180.0,240.0,105,16.61180499004149,19.0,16.58,0.7369578910918237,2.3881950099585083,2.3881950099585083,False,-0.0318049900414934,0.0318049900414934,True
bidmc_35,210.0,270.0,100,18.018076513518473,19.0,18.01,0.5982630926977454,0.9819234864815272,0.9819234864815272,True,-0.008076513518471273,0.008076513518471273,True
bidmc_35,240.0,300.0,98,17.607186156728893,20.0,8.65,0.4732012781224104,2.3928138432711066,2.3928138432711066,False,-8.957186156728893,8.957186156728893,False
bidmc_35,270.0,330.0,101,17.262339891300755,20.0,16.51,0.6507858723222467,2.737660108699245,2.737660108699245,False,-0.7523398913007533,0.7523398913007533,True
bidmc_35,300.0,360.0,102,17.403734332601072,22.0,17.27,0.6440794940442356,4.596265667398928,4.596265667398928,False,-0.13373433260107248,0.13373433260107248,True
bidmc_35,330.0,390.0,100,17.103785065684797,20.0,17.18,0.6702592620395688,2.8962149343152035,2.8962149343152035,False,0.07621493431520321,0.07621493431520321,True
bidmc_35,360.0,420.0,101,17.103785065684797,19.0,17.2,0.6848923882037597,1.8962149343152035,1.8962149343152035,True,0.09621493431520278,0.09621493431520278,True
bidmc_35,390.0,450.0,101,17.58791897598322,19.0,17.87,0.6679140912921163,1.4120810240167785,1.4120810240167785,True,0.2820810240167795,0.2820810240167795,True
bidmc_35,420.0,480.0,100,17.988197671743364,20.0,18.54,0.23808236822459375,2.0118023282566355,2.0118023282566355,False,0.5518023282566347,0.5518023282566347,True
bidmc_36,0.0,60.0,74,18.718121975674606,18.0,18.33,0.7809478024475144,-0.718121975674606,0.718121975674606,True,-0.3881219756746077,0.3881219756746077,True
bidmc_36,30.0,90.0,73,18.499087591240876,17.0,18.3,0.7888979042378707,-1.499087591240876,1.499087591240876,True,-0.19908759124087538,0.19908759124087538,True
bidmc_36,60.0,120.0,73,18.60203711335133,20.0,19.0,0.7066048084483163,1.3979628866486706,1.3979628866486706,True,0.39796288664867063,0.39796288664867063,True
bidmc_36,90.0,150.0,73,18.926375682590596,21.0,18.93,0.7065733950268456,2.0736243174094042,2.0736243174094042,False,0.003624317409403943,0.003624317409403943,True
bidmc_36,120.0,180.0,73,18.611453201970505,19.0,18.99,0.8499444196987218,0.38854679802949477,0.38854679802949477,True,0.3785467980294932,0.3785467980294932,True
bidmc_36,150.0,210.0,73,18.785288582183213,20.0,18.83,0.8000067184989996,1.2147114178167868,1.2147114178167868,True,0.044711417816785115,0.044711417816785115,True
bidmc_36,180.0,240.0,72,18.518970131873346,20.0,18.93,0.7441961665052155,1.4810298681266545,1.4810298681266545,True,0.4110298681266542,0.4110298681266542,True
bidmc_36,210.0,270.0,72,18.518772548320268,19.0,18.55,0.805502559609381,0.48122745167973235,0.48122745167973235,True,0.031227451679733065,0.031227451679733065,True
bidmc_36,240.0,300.0,73,18.4957124612297,20.0,19.1,0.5661219460959651,1.5042875387702992,1.5042875387702992,True,0.6042875387703006,0.6042875387703006,True
bidmc_36,270.0,330.0,73,17.607186156728822,21.0,17.42,0.8471750251356738,3.3928138432711776,3.3928138432711776,False,-0.18718615672882066,0.18718615672882066,True
bidmc_36,300.0,360.0,73,18.203990738940675,20.0,17.93,0.833217743573351,1.796009261059325,1.796009261059325,True,-0.27399073894067527,0.27399073894067527,True
bidmc_36,330.0,390.0,75,18.588759213759328,21.0,19.63,0.6398025599611736,2.411240786240672,2.411240786240672,False,1.041240786240671,1.041240786240671,True
bidmc_36,360.0,420.0,73,18.09474750296833,21.0,18.07,0.8033505873175325,2.9052524970316718,2.9052524970316718,False,-0.02474750296832795,0.02474750296832795,True
bidmc_36,390.0,450.0,71,17.98561151079145,16.0,18.39,0.7198283380396291,-1.9856115107914505,1.9856115107914505,True,0.4043884892085501,0.4043884892085501,True
bidmc_36,420.0,480.0,72,17.879061679566327,20.0,17.9,0.7962077729224177,2.120938320433673,2.120938320433673,False,0.02093832043367172,0.02093832043367172,True
bidmc_37,0.0,60.0,90,17.03604430983866,17.0,12.7,0.4262300554185814,-0.03604430983865825,0.03604430983865825,True,-4.336044309838659,4.336044309838659,False
bidmc_37,30.0,90.0,90,17.946281370214358,20.0,21.05,0.3651277246802657,2.0537186297856422,2.0537186297856422,False,3.103718629785643,3.103718629785643,False
bidmc_37,60.0,120.0,90,20.925427263954163,21.0,19.39,0.619683486646904,0.07457273604583747,0.07457273604583747,True,-1.535427263954162,1.535427263954162,True
bidmc_37,90.0,150.0,90,17.795622656804117,20.0,18.34,0.6537851654319031,2.2043773431958833,2.2043773431958833,False,0.5443773431958832,0.5443773431958832,True
bidmc_37,120.0,180.0,90,18.039746018889517,21.0,19.88,0.37879913348251315,2.9602539811104833,2.9602539811104833,False,1.8402539811104823,1.8402539811104823,True
bidmc_37,150.0,210.0,91,19.38191555427936,22.0,18.73,0.5395935214321776,2.6180844457206405,2.6180844457206405,False,-0.6519155542793591,0.6519155542793591,True
bidmc_37,180.0,240.0,91,18.99955719841365,23.0,8.67,0.5205966178586066,4.000442801586349,4.000442801586349,False,-10.329557198413651,10.329557198413651,False
bidmc_37,210.0,270.0,90,18.94241378650561,23.0,20.01,0.5781832280277557,4.057586213494389,4.057586213494389,False,1.0675862134943905,1.0675862134943905,True
bidmc_37,240.0,300.0,90,20.05577005577012,23.0,20.22,0.7378656914541959,2.9442299442298783,2.9442299442298783,False,0.16422994422987713,0.16422994422987713,True
bidmc_37,270.0,330.0,90,18.36604402455407,20.0,7.61,0.45824998772286774,1.6339559754459287,1.6339559754459287,True,-10.756044024554072,10.756044024554072,False
bidmc_37,300.0,360.0,90,19.181711145996946,20.0,20.37,0.5673087661956798,0.818288854003054,0.818288854003054,True,1.188288854003055,1.188288854003055,True
bidmc_37,330.0,390.0,89,20.012008981865982,22.0,19.47,0.6704284404455716,1.987991018134018,1.987991018134018,True,-0.5420089818659832,0.5420089818659832,True
bidmc_37,360.0,420.0,89,18.879985551880004,19.0,20.1,0.3957348785426861,0.12001444811999562,0.12001444811999562,True,1.220014448119997,1.220014448119997,True
bidmc_37,390.0,450.0,91,18.395622044970583,18.0,13.18,0.4202290941370516,-0.3956220449705832,0.3956220449705832,True,-5.2156220449705835,5.2156220449705835,False
bidmc_37,420.0,480.0,91,18.456467255094203,19.0,12.59,0.5054669055543363,0.5435327449057965,0.5435327449057965,True,-5.866467255094204,5.866467255094204,False
bidmc_38,0.0,60.0,80,14.778382502395118,19.0,14.49,0.6919878704765842,4.221617497604882,4.221617497604882,False,-0.28838250239511787,0.28838250239511787,True
bidmc_38,30.0,90.0,80,15.576340783809677,20.0,16.06,0.6746715887619689,4.423659216190323,4.423659216190323,False,0.48365921619032193,0.48365921619032193,True
bidmc_38,60.0,120.0,81,16.181248603559965,18.0,16.05,0.6772081818274789,1.8187513964400353,1.8187513964400353,True,-0.13124860355996404,0.13124860355996404,True
bidmc_38,90.0,150.0,80,16.16567024819877,20.0,16.11,0.7046981617429721,3.8343297518012314,3.8343297518012314,False,-0.0556702481987692,0.0556702481987692,True
bidmc_38,120.0,180.0,79,16.077632159400046,19.0,15.97,0.688973561286727,2.9223678405999536,2.9223678405999536,False,-0.10763215940004578,0.10763215940004578,True
bidmc_38,150.0,210.0,85,15.825882478570666,19.0,15.09,0.44857385660889604,3.1741175214293342,3.1741175214293342,False,-0.7358824785706659,0.7358824785706659,True
bidmc_38,180.0,240.0,89,19.939056703762596,22.0,26.55,0.555583919805332,2.0609432962374044,2.0609432962374044,False,6.610943296237405,6.610943296237405,False
bidmc_38,210.0,270.0,88,19.87539487539481,22.0,15.89,0.33141829191655914,2.124605124605189,2.124605124605189,False,-3.9853948753948103,3.9853948753948103,False
bidmc_38,240.0,300.0,85,15.707650201321112,23.0,15.89,0.5418948445796261,7.292349798678888,7.292349798678888,False,0.18234979867888867,0.18234979867888867,True
bidmc_38,270.0,330.0,84,15.40144969703097,25.0,15.87,0.61127569928653,9.59855030296903,9.59855030296903,False,0.4685503029690299,0.4685503029690299,True
bidmc_38,300.0,360.0,84,15.739925126624044,23.0,16.05,0.5047929599639229,7.260074873375956,7.260074873375956,False,0.31007487337595663,0.31007487337595663,True
bidmc_38,330.0,390.0,84,14.725986814533568,22.0,14.44,0.513966385717227,7.274013185466432,7.274013185466432,False,-0.2859868145335689,0.2859868145335689,True
bidmc_38,360.0,420.0,85,14.961693291751526,22.0,14.31,0.4603871507172811,7.038306708248474,7.038306708248474,False,-0.6516932917515259,0.6516932917515259,True
bidmc_38,390.0,450.0,86,15.094744880912582,22.0,21.28,0.2624648417615124,6.905255119087418,6.905255119087418,False,6.185255119087419,6.185255119087419,False
bidmc_38,420.0,480.0,87,13.785653855450725,22.0,14.64,0.42721428835229663,8.214346144549275,8.214346144549275,False,0.8543461445492753,0.8543461445492753,True
bidmc_39,0.0,60.0,76,14.577383380932957,17.0,14.79,0.48679015944948684,2.4226166190670426,2.4226166190670426,False,0.21261661906704177,0.21261661906704177,True
bidmc_39,30.0,90.0,73,14.824218749999993,18.0,14.27,0.6640639146512735,3.175781250000007,3.175781250000007,False,-0.5542187499999933,0.5542187499999933,True
bidmc_39,60.0,120.0,75,15.43216410169564,18.0,14.76,0.6042835166861077,2.5678358983043594,2.5678358983043594,False,-0.6721641016956408,0.6721641016956408,True
bidmc_39,90.0,150.0,75,14.381922075629891,18.0,14.66,0.7005896292894452,3.618077924370109,3.618077924370109,False,0.27807792437010903,0.27807792437010903,True
bidmc_39,120.0,180.0,74,14.548995258523385,21.0,14.35,0.5669190943358248,6.4510047414766145,6.4510047414766145,False,-0.19899525852338584,0.19899525852338584,True
bidmc_39,150.0,210.0,74,14.634160270467856,18.0,14.72,0.6839396315577638,3.3658397295321443,3.3658397295321443,False,0.08583972953214491,0.08583972953214491,True
bidmc_39,180.0,240.0,75,14.59145349612931,16.0,14.48,0.6967194315983699,1.4085465038706904,1.4085465038706904,True,-0.11145349612930922,0.11145349612930922,True
bidmc_39,210.0,270.0,75,14.368145655929698,20.0,14.77,0.615522992796272,5.631854344070302,5.631854344070302,False,0.4018543440703013,0.4018543440703013,True
bidmc_39,240.0,300.0,75,14.177744425385985,20.0,14.32,0.6231340627238143,5.822255574614015,5.822255574614015,False,0.1422555746140155,0.1422555746140155,True
bidmc_39,270.0,330.0,77,14.450920700920697,21.0,14.24,0.7061092118311356,6.5490792990793025,6.5490792990793025,False,-0.21092070092069726,0.21092070092069726,True
bidmc_39,300.0,360.0,76,15.067991378475305,23.0,15.46,0.577100842578881,7.9320086215246945,7.9320086215246945,False,0.3920086215246954,0.3920086215246954,True
bidmc_39,330.0,390.0,76,15.015752260629842,21.0,15.83,0.6778165461895573,5.984247739370158,5.984247739370158,False,0.8142477393701579,0.8142477393701579,True
bidmc_39,360.0,420.0,77,12.300373197054768,19.0,11.52,0.6617714471482876,6.699626802945232,6.699626802945232,False,-0.780373197054768,0.780373197054768,True
bidmc_39,390.0,450.0,76,12.701838414546657,22.0,12.83,0.6899151621826961,9.298161585453343,9.298161585453343,False,0.1281615854533431,0.1281615854533431,True
bidmc_39,420.0,480.0,75,13.32747579621456,22.0,13.12,0.651574937100328,8.67252420378544,8.67252420378544,False,-0.20747579621456147,0.20747579621456147,True
bidmc_40,0.0,60.0,109,15.67481982965714,20.0,16.96,0.5676413425306394,4.325180170342859,4.325180170342859,False,1.2851801703428603,1.2851801703428603,True
bidmc_40,30.0,90.0,111,15.873460246360562,19.0,14.27,0.604460900282451,3.126539753639438,3.126539753639438,False,-1.6034602463605623,1.6034602463605623,True
bidmc_40,60.0,120.0,111,15.960047812228318,19.0,13.22,0.6020716505262446,3.039952187771682,3.039952187771682,False,-2.740047812228317,2.740047812228317,False
bidmc_40,90.0,150.0,111,15.857370827801727,21.0,15.75,0.6149612659929659,5.142629172198273,5.142629172198273,False,-0.10737082780172713,0.10737082780172713,True
bidmc_40,120.0,180.0,111,16.579140205178323,18.0,13.57,0.2993856083235865,1.420859794821677,1.420859794821677,True,-3.0091402051783227,3.0091402051783227,False
bidmc_40,150.0,210.0,111,16.375858123569785,15.0,16.71,0.5914348320578509,-1.3758581235697847,1.3758581235697847,True,0.3341418764302162,0.3341418764302162,True
bidmc_40,180.0,240.0,111,16.72502421217314,18.0,16.46,0.5435746481390133,1.274975787826861,1.274975787826861,True,-0.2650242121731381,0.2650242121731381,True
bidmc_40,210.0,270.0,110,16.29553485232229,18.0,16.0,0.48003781722659006,1.704465147677709,1.704465147677709,True,-0.29553485232229093,0.29553485232229093,True
bidmc_40,240.0,300.0,110,15.05181326290702,21.0,15.6,0.6320127181740255,5.94818673709298,5.94818673709298,False,0.5481867370929798,0.5481867370929798,True
bidmc_40,270.0,330.0,110,15.155549027168336,23.0,17.32,0.4123262067936809,7.844450972831664,7.844450972831664,False,2.1644509728316645,2.1644509728316645,False
bidmc_40,300.0,360.0,110,15.487220447284344,18.0,14.79,0.49583104037339315,2.5127795527156565,2.5127795527156565,False,-0.6972204472843444,0.6972204472843444,True
bidmc_40,330.0,390.0,111,16.830662578725576,17.0,15.41,0.5587933299659162,0.16933742127442386,0.16933742127442386,True,-1.420662578725576,1.420662578725576,True
bidmc_40,360.0,420.0,111,17.31407105462977,16.0,15.09,0.5880020184381664,-1.3140710546297711,1.3140710546297711,True,-2.2240710546297713,2.2240710546297713,False
bidmc_40,390.0,450.0,110,15.87701612903225,18.0,10.97,0.3816369449746719,2.122983870967751,2.122983870967751,False,-4.9070161290322485,4.9070161290322485,False
bidmc_40,420.0,480.0,110,15.315307806431118,19.0,15.54,0.5962974181312192,3.684692193568882,3.684692193568882,False,0.22469219356888104,0.22469219356888104,True
bidmc_41,0.0,60.0,89,13.717753665591088,20.0,14.18,0.6630833971229778,6.282246334408912,6.282246334408912,False,0.4622463344089116,0.4622463344089116,True
bidmc_41,30.0,90.0,99,13.321586570200191,21.0,13.03,0.687542256745899,7.678413429799809,7.678413429799809,False,-0.29158657020019163,0.29158657020019163,True
bidmc_41,60.0,120.0,100,13.316169482389311,22.0,13.34,0.6548550219116142,8.683830517610689,8.683830517610689,False,0.023830517610688773,0.023830517610688773,True
bidmc_41,90.0,150.0,96,14.333564544392516,21.0,13.6,0.5068801019776284,6.666435455607484,6.666435455607484,False,-0.7335645443925163,0.7335645443925163,True
bidmc_41,120.0,180.0,94,14.117697010869563,19.0,9.18,0.37091224694716796,4.882302989130437,4.882302989130437,False,-4.937697010869563,4.937697010869563,False
bidmc_41,150.0,210.0,90,14.33764725644714,23.0,13.97,0.5474324984805549,8.66235274355286,8.66235274355286,False,-0.3676472564471389,0.3676472564471389,True
bidmc_41,180.0,240.0,87,13.625877864610846,24.0,9.98,0.363007498097939,10.374122135389154,10.374122135389154,False,-3.6458778646108456,3.6458778646108456,False
bidmc_41,210.0,270.0,84,14.399690448113335,22.0,14.02,0.5666938138172078,7.6003095518866655,7.6003095518866655,False,-0.37969044811333497,0.37969044811333497,True
bidmc_41,240.0,300.0,80,14.542014650568818,18.0,14.93,0.5210543906500491,3.4579853494311816,3.4579853494311816,False,0.38798534943118135,0.38798534943118135,True
bidmc_41,270.0,330.0,81,14.446002414854195,17.0,14.75,0.36497749652172606,2.5539975851458045,2.5539975851458045,False,0.30399758514580455,0.30399758514580455,True
bidmc_41,300.0,360.0,85,14.423290285359261,20.0,14.68,0.4942168810966353,5.576709714640739,5.576709714640739,False,0.25670971464073844,0.25670971464073844,True
bidmc_41,330.0,390.0,83,14.275029518931932,23.0,12.31,0.4175525691163536,8.724970481068068,8.724970481068068,False,-1.9650295189319316,1.9650295189319316,True
bidmc_41,360.0,420.0,84,14.927870904366525,23.0,26.14,0.5936530030840133,8.072129095633475,8.072129095633475,False,11.212129095633475,11.212129095633475,False
bidmc_41,390.0,450.0,87,14.13165223843243,20.0,13.09,0.5647566536517415,5.86834776156757,5.86834776156757,False,-1.0416522384324303,1.0416522384324303,True
bidmc_41,420.0,480.0,82,12.557821698906666,18.0,11.8,0.49202102687445004,5.442178301093334,5.442178301093334,False,-0.7578216989066657,0.7578216989066657,True
bidmc_42,0.0,60.0,84,17.016454709011853,18.0,17.13,0.7211279443059178,0.9835452909881468,0.9835452909881468,True,0.11354529098814581,0.11354529098814581,True
bidmc_42,30.0,90.0,84,17.575422276890645,18.0,17.45,0.6378459436148524,0.4245777231093548,0.4245777231093548,True,-0.1254222768906459,0.1254222768906459,True
bidmc_42,60.0,120.0,84,17.690253671562104,17.0,17.66,0.719736123471986,-0.6902536715621039,0.6902536715621039,True,-0.03025367156210379,0.03025367156210379,True
bidmc_42,90.0,150.0,84,17.16429146564195,20.0,17.03,0.5860730802289645,2.8357085343580515,2.8357085343580515,False,-0.13429146564194738,0.13429146564194738,True
bidmc_42,120.0,180.0,84,16.949239103650203,21.0,16.82,0.5314983474150526,4.0507608963497965,4.0507608963497965,False,-0.1292391036502032,0.1292391036502032,True
bidmc_42,150.0,210.0,84,17.772611647377882,19.0,17.79,0.6720175908310114,1.2273883526221177,1.2273883526221177,True,0.0173883526221168,0.0173883526221168,True
bidmc_42,180.0,240.0,84,17.700501253132792,22.0,17.31,0.8329514495466205,4.299498746867208,4.299498746867208,False,-0.3905012531327934,0.3905012531327934,True
bidmc_42,210.0,270.0,83,17.272445229344676,22.0,17.14,0.7420575486067206,4.727554770655324,4.727554770655324,False,-0.1324452293446754,0.1324452293446754,True
bidmc_42,240.0,300.0,83,17.0462469846222,18.0,17.0,0.6579165989510225,0.9537530153777993,0.9537530153777993,True,-0.04624698462220067,0.04624698462220067,True
bidmc_42,270.0,330.0,84,16.968521217689876,20.0,17.04,0.5608366863964617,3.031478782310124,3.031478782310124,False,0.07147878231012328,0.07147878231012328,True
bidmc_42,300.0,360.0,83,17.40148578811366,22.0,17.36,0.6730469101260961,4.598514211886339,4.598514211886339,False,-0.041485788113661215,0.041485788113661215,True
bidmc_42,330.0,390.0,83,17.64793816716124,21.0,17.89,0.5974311153371776,3.3520618328387606,3.3520618328387606,False,0.24206183283876115,0.24206183283876115,True
bidmc_42,360.0,420.0,84,17.364460737025013,20.0,17.55,0.6719767108474077,2.635539262974987,2.635539262974987,False,0.1855392629749879,0.1855392629749879,True
bidmc_42,390.0,450.0,84,17.065045196160632,19.0,17.07,0.5768097452600717,1.9349548038393678,1.9349548038393678,True,0.004954803839368083,0.004954803839368083,True
bidmc_42,420.0,480.0,84,17.371309476869133,21.0,17.7,0.7093058376745378,3.6286905231308673,3.6286905231308673,False,0.32869052313086655,0.32869052313086655,True
bidmc_43,0.0,60.0,89,16.93002257336343,23.0,16.65,0.6736462982271757,6.069977426636569,6.069977426636569,False,-0.28002257336343206,0.28002257336343206,True
bidmc_43,30.0,90.0,87,17.678752993338257,23.0,18.32,0.6180417319122041,5.321247006661743,5.321247006661743,False,0.6412470066617431,0.6412470066617431,True
bidmc_43,60.0,120.0,84,17.01711170483852,22.0,17.23,0.49501886076204926,4.98288829516148,4.98288829516148,False,0.21288829516148056,0.21288829516148056,True
bidmc_43,90.0,150.0,85,17.241402089314427,22.0,17.45,0.5265927584878541,4.758597910685573,4.758597910685573,False,0.20859791068557243,0.20859791068557243,True
bidmc_43,120.0,180.0,86,17.433426797841115,22.0,9.67,0.5795635431992552,4.566573202158885,4.566573202158885,False,-7.763426797841115,7.763426797841115,False
bidmc_43,150.0,210.0,89,17.713735987953797,19.0,17.39,0.48011173270127944,1.2862640120462032,1.2862640120462032,True,-0.3237359879537962,0.3237359879537962,True
bidmc_43,180.0,240.0,91,17.742030250633768,19.0,17.21,0.6938629220525344,1.2579697493662323,1.2579697493662323,True,-0.5320302506337669,0.5320302506337669,True
bidmc_43,210.0,270.0,91,17.50313163771038,20.0,17.44,0.48162370281273964,2.4968683622896215,2.4968683622896215,False,-0.06313163771037722,0.06313163771037722,True
bidmc_43,240.0,300.0,90,16.685226429101625,21.0,16.82,0.6431912281683126,4.3147735708983745,4.3147735708983745,False,0.13477357089837483,0.13477357089837483,True
bidmc_43,270.0,330.0,87,17.114193553425963,19.0,9.48,0.6003589858684981,1.885806446574037,1.885806446574037,True,-7.634193553425963,7.634193553425963,False
bidmc_43,300.0,360.0,90,17.58501830656079,18.0,9.29,0.552653614806274,0.4149816934392092,0.4149816934392092,True,-8.295018306560792,8.295018306560792,False
bidmc_43,330.0,390.0,89,18.181844895272512,20.0,17.99,0.5475365836531249,1.818155104727488,1.818155104727488,True,-0.19184489527251358,0.19184489527251358,True
bidmc_43,360.0,420.0,89,18.856668773704158,22.0,9.17,0.5084446772424052,3.1433312262958424,3.1433312262958424,False,-9.686668773704158,9.686668773704158,False
bidmc_43,390.0,450.0,94,18.622325521178382,22.0,18.35,0.34561805454134675,3.3776744788216178,3.3776744788216178,False,-0.2723255211783808,0.2723255211783808,True
bidmc_43,420.0,480.0,95,17.964097621424372,20.0,18.13,0.525316214196636,2.035902378575628,2.035902378575628,False,0.16590237857562684,0.16590237857562684,True
bidmc_44,0.0,60.0,93,17.314305570533335,19.0,17.13,0.7604378970240167,1.6856944294666647,1.6856944294666647,True,-0.1843055705333363,0.1843055705333363,True
bidmc_44,30.0,90.0,93,17.421109858084655,24.0,16.9,0.6958281584097805,6.578890141915345,6.578890141915345,False,-0.5211098580846567,0.5211098580846567,True
bidmc_44,60.0,120.0,91,17.05673813882767,23.0,17.08,0.7341884145536265,5.943261861172331,5.943261861172331,False,0.023261861172329645,0.023261861172329645,True
bidmc_44,90.0,150.0,91,17.055415070044504,18.0,16.99,0.7697394968175681,0.9445849299554965,0.9445849299554965,True,-0.06541507004450509,0.06541507004450509,True
bidmc_44,120.0,180.0,91,16.676059889209416,17.0,16.47,0.7271688046281856,0.32394011079058416,0.32394011079058416,True,-0.20605988920941698,0.20605988920941698,True
bidmc_44,150.0,210.0,91,16.402449815139903,20.0,16.73,0.8111459100645974,3.597550184860097,3.597550184860097,False,0.32755018486009746,0.32755018486009746,True
bidmc_44,180.0,240.0,91,16.85810401260758,20.0,16.51,0.8386409614308581,3.14189598739242,3.14189598739242,False,-0.3481040126075783,0.3481040126075783,True
bidmc_44,210.0,270.0,89,17.058142419981756,19.0,16.23,0.7208020987711128,1.9418575800182438,1.9418575800182438,True,-0.8281424199817558,0.8281424199817558,True
bidmc_44,240.0,300.0,89,16.685391590117185,21.0,16.75,0.6989069473374554,4.3146084098828155,4.3146084098828155,False,0.06460840988281547,0.06460840988281547,True
bidmc_44,270.0,330.0,89,16.713221601489806,20.0,16.91,0.6401074224067671,3.2867783985101937,3.2867783985101937,False,0.19677839851019385,0.19677839851019385,True
bidmc_44,300.0,360.0,89,16.66699589127689,19.0,16.33,0.8232521393567,2.3330041087231095,2.3330041087231095,False,-0.3369958912768922,0.3369958912768922,True
bidmc_44,330.0,390.0,89,16.66699589127689,19.0,16.38,0.7487077202134409,2.3330041087231095,2.3330041087231095,False,-0.2869958912768915,0.2869958912768915,True
bidmc_44,360.0,420.0,88,16.36627132196159,17.0,16.24,0.7799871553233323,0.633728678038409,0.633728678038409,True,-0.12627132196159252,0.12627132196159252,True
bidmc_44,390.0,450.0,87,15.856520281595625,17.0,16.36,0.7380507643720804,1.1434797184043752,1.1434797184043752,True,0.5034797184043747,0.5034797184043747,True
bidmc_44,420.0,480.0,87,16.19900636764394,20.0,15.46,0.6127814031754863,3.800993632356061,3.800993632356061,False,-0.7390063676439382,0.7390063676439382,True
bidmc_45,0.0,60.0,58,15.649558731969398,16.0,15.41,0.6061591029283844,0.35044126803060216,0.35044126803060216,True,-0.2395587319693977,0.2395587319693977,True
bidmc_45,30.0,90.0,58,15.456873650211183,17.0,7.42,0.5919930944177736,1.5431263497888175,1.5431263497888175,True,-8.036873650211183,8.036873650211183,False
bidmc_45,60.0,120.0,60,15.739925126624101,18.0,15.77,0.6266769318059313,2.260074873375899,2.260074873375899,False,0.030074873375898648,0.030074873375898648,True
bidmc_45,90.0,150.0,60,16.19708138028721,17.0,11.6,0.5092074396321682,0.8029186197127913,0.8029186197127913,True,-4.597081380287209,4.597081380287209,False
bidmc_45,120.0,180.0,61,16.66099588745236,17.0,15.82,0.6782398477731689,0.3390041125476415,0.3390041125476415,True,-0.8409958874523582,0.8409958874523582,True
bidmc_45,150.0,210.0,63,16.486383334380086,18.0,16.7,0.770262892747502,1.5136166656199137,1.5136166656199137,True,0.213616665619913,0.213616665619913,True
bidmc_45,180.0,240.0,62,16.593245227606463,18.0,15.74,0.7430424644782753,1.406754772393537,1.406754772393537,True,-0.8532452276064628,0.8532452276064628,True
bidmc_45,210.0,270.0,62,15.99328895678751,19.0,15.84,0.6581848146809951,3.0067110432124906,3.0067110432124906,False,-0.15328895678750953,0.15328895678750953,True
bidmc_45,240.0,300.0,62,16.304424879134558,18.0,12.63,0.3758872898266882,1.695575120865442,1.695575120865442,True,-3.6744248791345573,3.6744248791345573,False
bidmc_45,270.0,330.0,63,17.007589781562356,18.0,16.61,0.5965560426562536,0.9924102184376444,0.9924102184376444,True,-0.39758978156235614,0.39758978156235614,True
bidmc_45,300.0,360.0,62,16.794355141873304,16.0,16.84,0.6628746571441093,-0.7943551418733037,0.7943551418733037,True,0.045644858126696164,0.045644858126696164,True
bidmc_45,330.0,390.0,58,16.14865804477822,16.0,16.12,0.5137627660053882,-0.14865804477821953,0.14865804477821953,True,-0.02865804477821854,0.02865804477821854,True
bidmc_45,360.0,420.0,59,15.907128012739355,16.0,16.48,0.6130394565270142,0.09287198726064538,0.09287198726064538,True,0.5728719872606458,0.5728719872606458,True
bidmc_45,390.0,450.0,60,15.99263452226689,18.0,15.88,0.6932162711484768,2.00736547773311,2.00736547773311,False,-0.11263452226688919,0.11263452226688919,True
bidmc_45,420.0,480.0,60,16.217144940951982,19.0,16.1,0.7722952980941133,2.7828550590480177,2.7828550590480177,False,-0.11714494095198091,0.11714494095198091,True
bidmc_46,0.0,60.0,107,12.624176669411108,22.0,10.98,0.5110651676975185,9.375823330588892,9.375823330588892,False,-1.6441766694111077,1.6441766694111077,True
bidmc_46,30.0,90.0,107,15.602204571243314,18.0,12.82,0.4935595099321157,2.3977954287566856,2.3977954287566856,False,-2.782204571243314,2.782204571243314,False
bidmc_46,60.0,120.0,106,15.90651096400031,16.0,29.8,0.19391181837493376,0.09348903599969027,0.09348903599969027,True,13.893489035999691,13.893489035999691,False
bidmc_46,90.0,150.0,107,14.847492423501805,19.0,35.49,0.20159860815947114,4.152507576498195,4.152507576498195,False,20.642507576498197,20.642507576498197,False
bidmc_46,120.0,180.0,107,15.342820802536306,22.0,12.22,0.43479164296696055,6.6571791974636945,6.6571791974636945,False,-3.122820802536305,3.122820802536305,False
bidmc_46,150.0,210.0,104,14.414049010014942,19.0,12.03,0.2956015361829207,4.585950989985058,4.585950989985058,False,-2.3840490100149427,2.3840490100149427,False
bidmc_46,180.0,240.0,105,16.954990814451946,17.0,8.91,0.4121182278719644,0.045009185548053665,0.045009185548053665,True,-8.044990814451946,8.044990814451946,False
bidmc_46,210.0,270.0,106,17.39146197040124,17.0,8.66,0.5181228251019191,-0.39146197040124164,0.39146197040124164,True,-8.731461970401242,8.731461970401242,False
bidmc_46,240.0,300.0,106,17.016717501254796,18.0,7.76,0.5531823495126538,0.9832824987452042,0.9832824987452042,True,-9.256717501254796,9.256717501254796,False
bidmc_46,270.0,330.0,106,17.226693529672186,19.0,14.12,0.5163710592629375,1.7733064703278139,1.7733064703278139,True,-3.106693529672187,3.106693529672187,False
bidmc_46,300.0,360.0,107,16.44957983193273,20.0,7.85,0.48314324976271517,3.5504201680672693,3.5504201680672693,False,-8.599579831932731,8.599579831932731,False
bidmc_46,330.0,390.0,107,15.002160311084797,19.0,8.2,0.4367076634188913,3.997839688915203,3.997839688915203,False,-6.802160311084798,6.802160311084798,False
bidmc_46,360.0,420.0,106,15.806129247168467,20.0,17.44,0.5099490909506362,4.193870752831533,4.193870752831533,False,1.633870752831534,1.633870752831534,True
bidmc_46,390.0,450.0,105,15.765840402969316,19.0,15.2,0.45117039325011354,3.2341595970306845,3.2341595970306845,False,-0.5658404029693163,0.5658404029693163,True
bidmc_46,420.0,480.0,105,15.43211509944615,19.0,15.27,0.6733402350328325,3.5678849005538495,3.5678849005538495,False,-0.16211509944615088,0.16211509944615088,True
bidmc_47,0.0,60.0,85,21.915781924362527,20.0,22.25,0.7680636688233563,-1.915781924362527,1.915781924362527,True,0.3342180756374731,0.3342180756374731,True
bidmc_47,30.0,90.0,85,22.026859183356606,18.0,22.46,0.6804243200613433,-4.026859183356606,4.026859183356606,False,0.43314081664339454,0.43314081664339454,True
bidmc_47,60.0,120.0,85,21.99489150906885,21.0,17.01,0.47687289899922225,-0.9948915090688502,0.9948915090688502,True,-4.984891509068849,4.984891509068849,False
bidmc_47,90.0,150.0,85,21.99489150906885,21.0,22.22,0.3143464706121647,-0.9948915090688502,0.9948915090688502,True,0.2251084909311487,0.2251084909311487,True
bidmc_47,120.0,180.0,84,22.156621458867782,21.0,21.95,0.7754601072654683,-1.1566214588677823,1.1566214588677823,True,-0.20662145886778305,0.20662145886778305,True
bidmc_47,150.0,210.0,85,21.930012055094313,20.0,21.95,0.6384053582935189,-1.9300120550943127,1.9300120550943127,True,0.01998794490568656,0.01998794490568656,True
bidmc_47,180.0,240.0,84,21.86588921282799,19.0,22.03,0.5850477673223453,-2.865889212827991,2.865889212827991,False,0.16411078717201022,0.16411078717201022,True
bidmc_47,210.0,270.0,83,21.96235637111988,22.0,22.02,0.8503781575338287,0.03764362888011874,0.03764362888011874,True,0.057643628880118314,0.057643628880118314,True
bidmc_47,240.0,300.0,84,21.962356371119995,22.0,21.96,0.8537810356371628,0.03764362888000505,0.03764362888000505,True,-0.002356371119994094,0.002356371119994094,True
bidmc_47,270.0,330.0,84,21.86588921282799,20.0,21.94,0.7966466617962881,-1.865889212827991,1.865889212827991,True,0.07411078717201036,0.07411078717201036,True
bidmc_47,300.0,360.0,83,21.99489150906902,21.0,22.14,0.8140327203672403,-0.9948915090690207,0.9948915090690207,True,0.14510849093097988,0.14510849093097988,True
bidmc_47,330.0,390.0,83,22.059586836914782,19.0,21.89,0.8244800641610309,-3.0595868369147823,3.0595868369147823,False,-0.1695868369147817,0.1695868369147817,True
bidmc_47,360.0,420.0,83,21.930012055094426,20.0,22.03,0.8072890497539763,-1.9300120550944264,1.9300120550944264,True,0.09998794490557472,0.09998794490557472,True
bidmc_47,390.0,450.0,82,21.83410739711197,20.0,22.05,0.8131696230669178,-1.8341073971119712,1.8341073971119712,True,0.21589260288802947,0.21589260288802947,True
bidmc_47,420.0,480.0,83,21.86588921282799,16.0,21.92,0.8401006440678589,-5.865889212827991,5.865889212827991,False,0.05411078717201079,0.05411078717201079,True
bidmc_48,0.0,60.0,101,15.711784990391955,21.0,8.85,0.48121742492678304,5.288215009608045,5.288215009608045,False,-6.861784990391955,6.861784990391955,False
bidmc_48,30.0,90.0,99,15.800106055126479,20.0,16.78,0.6072536846004212,4.199893944873521,4.199893944873521,False,0.9798939448735222,0.9798939448735222,True
bidmc_48,60.0,120.0,101,16.51073697678136,20.0,16.4,0.8085561830639685,3.4892630232186406,3.4892630232186406,False,-0.11073697678136085,0.11073697678136085,True
bidmc_48,90.0,150.0,101,17.192027890822203,20.0,17.24,0.8140085716105446,2.807972109177797,2.807972109177797,False,0.047972109177795375,0.047972109177795375,True
bidmc_48,120.0,180.0,101,17.7201781856547,20.0,18.18,0.8466806639534528,2.2798218143453006,2.2798218143453006,False,0.45982181434530034,0.45982181434530034,True
bidmc_48,150.0,210.0,102,17.793619344598245,21.0,17.98,0.8162698488697324,3.2063806554017553,3.2063806554017553,False,0.18638065540175575,0.18638065540175575,True
bidmc_48,180.0,240.0,102,17.282574068174608,21.0,17.45,0.847318407444367,3.7174259318253924,3.7174259318253924,False,0.16742593182539167,0.16742593182539167,True
bidmc_48,210.0,270.0,101,17.23398358102576,20.0,16.34,0.7444673305852962,2.766016418974239,2.766016418974239,False,-0.8939835810257613,0.8939835810257613,True
bidmc_48,240.0,300.0,100,18.344426703026727,20.0,17.32,0.6878636818814012,1.655573296973273,1.655573296973273,True,-1.0244267030267267,1.0244267030267267,True
bidmc_48,270.0,330.0,99,18.47293442108286,19.0,17.55,0.8479978311280856,0.5270655789171386,0.5270655789171386,True,-0.9229344210828607,0.9229344210828607,True
bidmc_48,300.0,360.0,99,18.726620947630877,21.0,19.09,0.8256578878447837,2.2733790523691226,2.2733790523691226,False,0.3633790523691225,0.3633790523691225,True
bidmc_48,330.0,390.0,99,19.0597204574334,20.0,18.85,0.8622379904013209,0.9402795425666,0.9402795425666,True,-0.20972045743339862,0.20972045743339862,True
bidmc_48,360.0,420.0,99,19.762880155533757,20.0,19.81,0.8198899641021948,0.23711984446624257,0.23711984446624257,True,0.04711984446624129,0.04711984446624129,True
bidmc_48,390.0,450.0,101,19.557013666961417,20.0,19.54,0.8461550779669044,0.4429863330385828,0.4429863330385828,True,-0.01701366696141804,0.01701366696141804,True
bidmc_48,420.0,480.0,105,19.82626915186177,22.0,19.41,0.3690007317291413,2.1737308481382307,2.1737308481382307,False,-0.41626915186176916,0.41626915186176916,True
bidmc_49,0.0,60.0,85,17.182333490788857,16.0,16.57,0.8105573457193409,-1.1823334907888565,1.1823334907888565,True,-0.6123334907888562,0.6123334907888562,True
bidmc_49,30.0,90.0,86,16.129106852153328,18.0,16.12,0.7559326750956091,1.8708931478466724,1.8708931478466724,True,-0.009106852153326628,0.009106852153326628,True
bidmc_49,60.0,120.0,85,15.707650201321087,18.0,15.94,0.8046816653551357,2.292349798678913,2.292349798678913,False,0.23234979867891248,0.23234979867891248,True
bidmc_49,90.0,150.0,85,16.93056176597603,17.0,16.39,0.8108427921758942,0.06943823402396987,0.06943823402396987,True,-0.5405617659760296,0.5405617659760296,True
bidmc_49,120.0,180.0,85,17.564499144399086,17.0,15.42,0.6156247233213642,-0.5644991443990861,0.5644991443990861,True,-2.144499144399086,2.144499144399086,False
bidmc_49,150.0,210.0,85,19.16971258905043,19.0,16.86,0.6143783031952124,-0.1697125890504303,0.1697125890504303,True,-2.309712589050431,2.309712589050431,False
bidmc_49,180.0,240.0,85,18.588759213759246,20.0,17.4,0.677581959756444,1.4112407862407537,1.4112407862407537,True,-1.1887592137592478,1.1887592137592478,True
bidmc_49,210.0,270.0,85,17.3158702498761,18.0,16.82,0.7158979988186225,0.6841297501239012,0.6841297501239012,True,-0.4958702498760985,0.4958702498760985,True
bidmc_49,240.0,300.0,85,15.433732338009303,17.0,15.26,0.7376207596934792,1.5662676619906968,1.5662676619906968,True,-0.17373233800930343,0.17373233800930343,True
bidmc_49,270.0,330.0,84,17.98561151079145,19.0,16.7,0.5973024165076518,1.0143884892085495,1.0143884892085495,True,-1.2856115107914512,1.2856115107914512,True
bidmc_49,300.0,360.0,83,17.879061679566178,17.0,17.3,0.8241868371543521,-0.8790616795661776,0.8790616795661776,True,-0.5790616795661769,0.5790616795661769,True
bidmc_49,330.0,390.0,83,17.421978807643335,18.0,17.57,0.8323775110041378,0.5780211923566654,0.5780211923566654,True,0.14802119235666567,0.14802119235666567,True
bidmc_49,360.0,420.0,84,17.442237798546294,20.0,17.11,0.7713072196214006,2.5577622014537056,2.5577622014537056,False,-0.332237798546295,0.332237798546295,True
bidmc_49,390.0,450.0,84,17.533612067552074,21.0,17.06,0.8032190452219905,3.466387932447926,3.466387932447926,False,-0.4736120675520752,0.4736120675520752,True
bidmc_49,420.0,480.0,83,17.38237189816308,20.0,17.05,0.8589246876981426,2.617628101836921,2.617628101836921,False,-0.3323718981630783,0.3323718981630783,True
bidmc_50,0.0,60.0,77,15.49601660592412,18.0,14.9,0.8092869017679954,2.5039833940758793,2.5039833940758793,False,-0.5960166059241203,0.5960166059241203,True
bidmc_50,30.0,90.0,77,15.957446808510646,19.0,15.39,0.8098665467572528,3.042553191489354,3.042553191489354,False,-0.5674468085106454,0.5674468085106454,True
bidmc_50,60.0,120.0,77,15.907128012739204,22.0,16.13,0.8575263783285129,6.092871987260796,6.092871987260796,False,0.22287198726079538,0.22287198726079538,True
bidmc_50,90.0,150.0,76,15.221362318363042,17.0,14.7,0.8146282762717778,1.7786376816369582,1.7786376816369582,True,-0.5213623183630425,0.5213623183630425,True
bidmc_50,120.0,180.0,76,14.423556997089364,16.0,14.14,0.7783828465147843,1.5764430029106364,1.5764430029106364,True,-0.283556997089363,0.283556997089363,True
bidmc_50,150.0,210.0,76,14.018887503013357,19.0,13.77,0.8056840370503425,4.981112496986643,4.981112496986643,False,-0.24888750301335705,0.24888750301335705,True
bidmc_50,180.0,240.0,77,14.328856611072581,19.0,14.62,0.8286239395925589,4.671143388927419,4.671143388927419,False,0.2911433889274182,0.2911433889274182,True
bidmc_50,210.0,270.0,77,16.034577324770876,16.0,15.7,0.7756792571037691,-0.034577324770875606,0.034577324770875606,True,-0.3345773247708763,0.3345773247708763,True
bidmc_50,240.0,300.0,76,15.212981744421924,19.0,14.93,0.7005928159643733,3.787018255578076,3.787018255578076,False,-0.2829817444219245,0.2829817444219245,True
bidmc_50,270.0,330.0,75,13.638572859736026,18.0,13.66,0.8117220657080334,4.361427140263974,4.361427140263974,False,0.021427140263973854,0.021427140263973854,True
bidmc_50,300.0,360.0,76,15.504575786259588,18.0,15.25,0.8103964711054356,2.495424213740412,2.495424213740412,False,-0.2545757862595881,0.2545757862595881,True
bidmc_50,330.0,390.0,77,15.657688284518738,18.0,15.48,0.7666340181901302,2.3423117154812623,2.3423117154812623,False,-0.1776882845187373,0.1776882845187373,True
bidmc_50,360.0,420.0,76,14.880952380952394,15.0,15.38,0.8129054442480884,0.11904761904760619,0.11904761904760619,True,0.49904761904760697,0.49904761904760697,True
bidmc_50,390.0,450.0,76,14.69160578339881,19.0,14.48,0.8686725206914051,4.30839421660119,4.30839421660119,False,-0.21160578339880942,0.21160578339880942,True
bidmc_50,420.0,480.0,76,14.04499307394227,19.0,13.91,0.8178857404922512,4.955006926057729,4.955006926057729,False,-0.13499307394227067,0.13499307394227067,True
bidmc_51,0.0,60.0,89,17.964097621424393,18.0,18.02,0.6480607815531241,0.03590237857560652,0.03590237857560652,True,0.05590237857560609,0.05590237857560609,True
bidmc_51,30.0,90.0,89,18.31526406182909,19.0,18.11,0.690817388249885,0.6847359381709097,0.6847359381709097,True,-0.20526406182909085,0.20526406182909085,True
bidmc_51,60.0,120.0,88,18.43918581984677,17.0,18.88,0.7763611845117517,-1.4391858198467702,1.4391858198467702,True,0.4408141801532288,0.4408141801532288,True
bidmc_51,90.0,150.0,88,18.348630717066754,19.0,18.41,0.7472396450877714,0.6513692829332456,0.6513692829332456,True,0.06136928293324573,0.06136928293324573,True
bidmc_51,120.0,180.0,91,18.072708903095478,21.0,17.84,0.6675342346341611,2.927291096904522,2.927291096904522,False,-0.2327089030954781,0.2327089030954781,True
bidmc_51,150.0,210.0,91,18.116893346636573,19.0,18.09,0.7516023384440194,0.8831066533634271,0.8831066533634271,True,-0.026893346636573057,0.026893346636573057,True
bidmc_51,180.0,240.0,90,18.161509911874887,20.0,18.44,0.6806349258734222,1.8384900881251127,1.8384900881251127,True,0.278490088125114,0.278490088125114,True
bidmc_51,210.0,270.0,89,18.315127535008855,19.0,19.88,0.6478949026325336,0.6848724649911446,0.6848724649911446,True,1.5648724649911436,1.5648724649911436,True
bidmc_51,240.0,300.0,90,18.250876278893458,18.0,17.88,0.6914043479476802,-0.25087627889345754,0.25087627889345754,True,-0.37087627889345853,0.37087627889345853,True
bidmc_51,270.0,330.0,92,17.879061679566327,20.0,18.51,0.7224813564330343,2.120938320433673,2.120938320433673,False,0.6309383204336747,0.6309383204336747,True
bidmc_51,300.0,360.0,91,18.316356349670144,19.0,18.39,0.8577914210279567,0.6836436503298557,0.6836436503298557,True,0.07364365032985631,0.07364365032985631,True
bidmc_51,330.0,390.0,91,18.427629672558677,18.0,18.24,0.7626453469452512,-0.4276296725586768,0.4276296725586768,True,-0.18762967255867835,0.18762967255867835,True
bidmc_51,360.0,420.0,91,18.633799165452793,20.0,18.97,0.7437352441510199,1.3662008345472074,1.3662008345472074,True,0.3362008345472063,0.3362008345472063,True
bidmc_51,390.0,450.0,91,18.714916827780634,21.0,19.46,0.6410409944507102,2.285083172219366,2.285083172219366,False,0.7450831722193669,0.7450831722193669,True
bidmc_51,420.0,480.0,90,18.635869766523207,20.0,17.88,0.6963762956621609,1.3641302334767929,1.3641302334767929,True,-0.7558697665232081,0.7558697665232081,True
bidmc_52,0.0,60.0,114,18.138271973189575,19.0,18.46,0.8271840650423926,0.8617280268104253,0.8617280268104253,True,0.3217280268104261,0.3217280268104261,True
bidmc_52,30.0,90.0,114,18.338093465989356,22.0,17.85,0.7633874825582482,3.661906534010644,3.661906534010644,False,-0.48809346598935477,0.48809346598935477,True
bidmc_52,60.0,120.0,114,18.495712461229683,20.0,9.17,0.3900209267938249,1.504287538770317,1.504287538770317,True,-9.325712461229683,9.325712461229683,False
bidmc_52,90.0,150.0,114,18.495712461229623,20.0,18.29,0.7106754379773748,1.5042875387703774,1.5042875387703774,True,-0.2057124612296235,0.2057124612296235,True
bidmc_52,120.0,180.0,115,18.552882791369385,20.0,18.72,0.829271172468498,1.4471172086306154,1.4471172086306154,True,0.1671172086306143,0.1671172086306143,True
bidmc_52,150.0,210.0,115,18.450184501845044,21.0,18.2,0.8289585997086086,2.549815498154956,2.549815498154956,False,-0.2501845018450446,0.2501845018450446,True
bidmc_52,180.0,240.0,115,18.47290640394094,19.0,18.52,0.8037298017047827,0.5270935960590606,0.5270935960590606,True,0.04709359605906016,0.04709359605906016,True
bidmc_52,210.0,270.0,114,18.382463370238455,19.0,18.23,0.7652574236025593,0.6175366297615454,0.6175366297615454,True,-0.15246337023845413,0.15246337023845413,True
bidmc_52,240.0,300.0,115,18.226971192674398,21.0,18.37,0.8083248669391492,2.773028807325602,2.773028807325602,False,0.14302880732560297,0.14302880732560297,True
bidmc_52,270.0,330.0,115,18.28186830816027,19.0,18.54,0.830356343510548,0.71813169183973,0.71813169183973,True,0.25813169183972917,0.25813169183972917,True
bidmc_52,300.0,360.0,115,18.181844895272512,19.0,18.4,0.6351988619665281,0.818155104727488,0.818155104727488,True,0.21815510472748656,0.21815510472748656,True
bidmc_52,330.0,390.0,115,18.11689334663665,17.0,17.93,0.7405485348147367,-1.116893346636651,1.116893346636651,True,-0.18689334663665136,0.18689334663665136,True
bidmc_52,360.0,420.0,116,18.261236829235678,19.0,17.81,0.7067591588944245,0.7387631707643223,0.7387631707643223,True,-0.451236829235679,0.451236829235679,True
bidmc_52,390.0,450.0,116,18.028950333708767,20.0,17.68,0.7436730439139702,1.9710496662912327,1.9710496662912327,True,-0.3489503337087676,0.3489503337087676,True
bidmc_52,420.0,480.0,114,18.073233613601403,19.0,18.47,0.7535245289169503,0.9267663863985973,0.9267663863985973,True,0.3967663863985962,0.3967663863985962,True
bidmc_53,0.0,60.0,96,21.786779628121668,18.0,13.33,0.41121836820281554,-3.7867796281216677,3.7867796281216677,False,-8.456779628121668,8.456779628121668,False
bidmc_53,30.0,90.0,91,20.05347593582887,17.0,7.39,0.32598241455542304,-3.053475935828871,3.053475935828871,False,-12.66347593582887,12.66347593582887,False
bidmc_53,60.0,120.0,89,19.181617044657333,19.0,13.54,0.5510411859078117,-0.18161704465733308,0.18161704465733308,True,-5.641617044657334,5.641617044657334,False
bidmc_53,90.0,150.0,93,19.94737288854934,19.0,13.73,0.46171435634433006,-0.9473728885493387,0.9473728885493387,True,-6.217372888549338,6.217372888549338,False
bidmc_53,120.0,180.0,95,19.908581695201843,20.0,8.27,0.4385580489896492,0.09141830479815738,0.09141830479815738,True,-11.638581695201843,11.638581695201843,False
bidmc_53,150.0,210.0,93,19.292676309834135,20.0,8.14,0.4567420421245679,0.7073236901658646,0.7073236901658646,True,-11.152676309834135,11.152676309834135,False
bidmc_53,180.0,240.0,92,19.1816170446574,21.0,19.83,0.46050507475108077,1.8183829553425994,1.8183829553425994,True,0.6483829553425977,0.6483829553425977,True
bidmc_53,210.0,270.0,93,18.844696969696983,21.0,13.71,0.26308494952051803,2.155303030303017,2.155303030303017,False,-5.134696969696982,5.134696969696982,False
bidmc_53,240.0,300.0,95,18.669547841442455,19.0,16.59,0.1866784674144956,0.33045215855754506,0.33045215855754506,True,-2.079547841442455,2.079547841442455,False
bidmc_53,270.0,330.0,93,18.55322338830596,20.0,18.08,0.41463060432397203,1.446776611694041,1.446776611694041,True,-0.47322338830596067,0.47322338830596067,True
bidmc_53,300.0,360.0,90,17.64793816716139,21.0,17.4,0.2743665822482747,3.3520618328386114,3.3520618328386114,False,-0.24793816716139006,0.24793816716139006,True
bidmc_53,330.0,390.0,90,17.772511848341356,19.0,18.09,0.4341677032325693,1.227488151658644,1.227488151658644,True,0.31748815165864386,0.31748815165864386,True
bidmc_53,360.0,420.0,89,18.63641625188093,22.0,19.2,0.2190941333661205,3.363583748119069,3.363583748119069,False,0.5635837481190684,0.5635837481190684,True
bidmc_53,390.0,450.0,91,18.78528858218317,23.0,18.69,0.5311447540471894,4.2147114178168295,4.2147114178168295,False,-0.09528858218316927,0.09528858218316927,True
bidmc_53,420.0,480.0,93,18.58875921375916,22.0,18.46,0.3229813614552933,3.411240786240839,3.411240786240839,False,-0.12875921375916022,0.12875921375916022,True
